ROW_ID,prediction
527073,0
527074,1
527075,0
527076,0
527077,0
527078,1
527079,1
527080,0
527081,1
527082,0
527083,1
527084,0
527085,0
527086,0
527087,1
527088,0
527089,0
527090,0
527091,1
527092,0
527093,1
527094,0
527095,0
527096,1
527097,0
527098,1
527099,0
527100,1
527101,1
527102,0
527103,1
527104,1
527105,0
527106,1
527107,1
527108,0
527109,1
527110,0
527111,0
527112,0
527113,0
527114,0
527115,0
527116,1
527117,1
527118,0
527119,0
527120,0
527121,0
527122,1
527123,1
527124,0
527125,0
527126,0
527127,0
527128,1
527129,1
527130,0
527131,1
527132,0
527133,1
527134,0
527135,1
527136,1
527137,1
527138,1
527139,0
527140,0
527141,1
527142,1
527143,1
527144,1
527145,0
527146,0
527147,1
527148,0
527149,0
527150,1
527151,0
527152,0
527153,0
527154,1
527155,0
527156,0
527157,1
527158,1
527159,1
527160,0
527161,1
527162,1
527163,1
527164,0
527165,1
527166,1
527167,1
527168,1
527169,1
527170,0
527171,1
527172,0
527173,0
527174,1
527175,0
527176,1
527177,0
527178,1
527179,1
527180,0
527181,0
527182,1
527183,1
527184,0
527185,0
527186,1
527187,0
527188,1
527189,0
527190,0
527191,0
527192,1
527193,0
527194,1
527195,0
527196,1
527197,0
527198,1
527199,1
527200,0
527201,1
527202,0
527203,0
527204,0
527205,1
527206,0
527207,1
527208,0
527209,1
527210,1
527211,0
527212,0
527213,0
527214,1
527215,1
527216,1
527217,1
527218,0
527219,1
527220,0
527221,1
527222,0
527223,0
527224,1
527225,1
527226,0
527227,0
527228,0
527229,0
527230,0
527231,1
527232,1
527233,1
527234,1
527235,1
527236,0
527237,0
527238,0
527239,1
527240,1
527241,0
527242,0
527243,1
527244,0
527245,0
527246,1
527247,0
527248,1
527249,1
527250,1
527251,0
527252,1
527253,0
527254,0
527255,0
527256,0
527257,0
527258,0
527259,0
527260,1
527261,1
527262,1
527263,0
527264,0
527265,0
527266,0
527267,1
527268,0
527269,0
527270,1
527271,0
527272,1
527273,1
527274,0
527275,0
527276,0
527277,1
527278,1
527279,1
527280,1
527281,0
527282,0
527283,1
527284,0
527285,1
527286,0
527287,0
527288,1
527289,1
527290,1
527291,1
527292,1
527293,0
527294,0
527295,1
527296,1
527297,0
527298,1
527299,1
527300,1
527301,0
527302,0
527303,1
527304,1
527305,0
527306,0
527307,1
527308,1
527309,1
527310,1
527311,0
527312,0
527313,0
527314,1
527315,1
527316,0
527317,1
527318,1
527319,0
527320,1
527321,1
527322,1
527323,0
527324,0
527325,1
527326,1
527327,0
527328,0
527329,0
527330,1
527331,0
527332,1
527333,1
527334,1
527335,1
527336,0
527337,1
527338,1
527339,0
527340,1
527341,1
527342,0
527343,1
527344,1
527345,0
527346,1
527347,1
527348,1
527349,1
527350,1
527351,0
527352,1
527353,0
527354,0
527355,1
527356,1
527357,1
527358,1
527359,0
527360,0
527361,1
527362,0
527363,1
527364,1
527365,0
527366,1
527367,0
527368,0
527369,1
527370,0
527371,0
527372,1
527373,1
527374,1
527375,1
527376,0
527377,0
527378,0
527379,1
527380,0
527381,0
527382,1
527383,1
527384,0
527385,0
527386,1
527387,1
527388,1
527389,1
527390,1
527391,1
527392,0
527393,0
527394,0
527395,1
527396,1
527397,1
527398,1
527399,1
527400,1
527401,0
527402,0
527403,1
527404,1
527405,1
527406,1
527407,1
527408,1
527409,1
527410,1
527411,0
527412,1
527413,1
527414,0
527415,0
527416,1
527417,1
527418,1
527419,1
527420,0
527421,1
527422,1
527423,1
527424,1
527425,0
527426,0
527427,0
527428,0
527429,0
527430,0
527431,1
527432,1
527433,0
527434,0
527435,0
527436,1
527437,0
527438,1
527439,1
527440,1
527441,1
527442,1
527443,1
527444,0
527445,0
527446,1
527447,1
527448,1
527449,1
527450,1
527451,0
527452,1
527453,1
527454,1
527455,1
527456,0
527457,0
527458,0
527459,1
527460,1
527461,0
527462,0
527463,1
527464,1
527465,1
527466,1
527467,0
527468,0
527469,1
527470,0
527471,1
527472,1
527473,1
527474,1
527475,0
527476,1
527477,0
527478,0
527479,1
527480,0
527481,1
527482,0
527483,1
527484,0
527485,1
527486,0
527487,1
527488,0
527489,0
527490,1
527491,1
527492,1
527493,1
527494,0
527495,1
527496,0
527497,0
527498,0
527499,1
527500,1
527501,1
527502,1
527503,0
527504,1
527505,0
527506,0
527507,0
527508,1
527509,0
527510,0
527511,1
527512,1
527513,0
527514,1
527515,1
527516,0
527517,1
527518,1
527519,1
527520,1
527521,1
527522,0
527523,1
527524,0
527525,1
527526,1
527527,1
527528,0
527529,1
527530,0
527531,0
527532,0
527533,1
527534,0
527535,1
527536,0
527537,1
527538,1
527539,1
527540,0
527541,1
527542,1
527543,1
527544,1
527545,1
527546,1
527547,1
527548,0
527549,1
527550,1
527551,1
527552,1
527553,1
527554,0
527555,1
527556,1
527557,1
527558,1
527559,1
527560,1
527561,1
527562,0
527563,1
527564,1
527565,1
527566,1
527567,0
527568,1
527569,1
527570,0
527571,0
527572,1
527573,0
527574,1
527575,1
527576,1
527577,1
527578,1
527579,0
527580,0
527581,1
527582,1
527583,0
527584,1
527585,1
527586,1
527587,1
527588,0
527589,0
527590,1
527591,0
527592,1
527593,1
527594,1
527595,0
527596,1
527597,1
527598,0
527599,0
527600,1
527601,1
527602,1
527603,0
527604,0
527605,1
527606,1
527607,1
527608,1
527609,0
527610,0
527611,1
527612,0
527613,0
527614,1
527615,1
527616,0
527617,0
527618,0
527619,0
527620,1
527621,0
527622,1
527623,0
527624,0
527625,0
527626,0
527627,0
527628,0
527629,0
527630,0
527631,0
527632,0
527633,1
527634,1
527635,1
527636,1
527637,1
527638,0
527639,1
527640,1
527641,1
527642,1
527643,0
527644,1
527645,0
527646,0
527647,0
527648,0
527649,0
527650,1
527651,0
527652,1
527653,0
527654,1
527655,0
527656,0
527657,1
527658,1
527659,0
527660,0
527661,1
527662,1
527663,1
527664,0
527665,0
527666,1
527667,0
527668,1
527669,0
527670,0
527671,0
527672,0
527673,0
527674,1
527675,1
527676,1
527677,1
527678,0
527679,0
527680,0
527681,0
527682,0
527683,0
527684,0
527685,0
527686,1
527687,0
527688,0
527689,0
527690,0
527691,1
527692,1
527693,1
527694,0
527695,0
527696,1
527697,1
527698,1
527699,0
527700,0
527701,1
527702,1
527703,0
527704,1
527705,0
527706,0
527707,1
527708,0
527709,0
527710,0
527711,0
527712,0
527713,1
527714,1
527715,0
527716,0
527717,1
527718,1
527719,0
527720,1
527721,1
527722,0
527723,1
527724,0
527725,0
527726,1
527727,0
527728,1
527729,1
527730,0
527731,1
527732,1
527733,1
527734,1
527735,0
527736,1
527737,1
527738,1
527739,1
527740,0
527741,0
527742,1
527743,0
527744,0
527745,0
527746,1
527747,0
527748,1
527749,1
527750,1
527751,1
527752,1
527753,1
527754,0
527755,1
527756,0
527757,0
527758,0
527759,1
527760,1
527761,1
527762,1
527763,0
527764,0
527765,1
527766,0
527767,0
527768,1
527769,0
527770,1
527771,1
527772,0
527773,0
527774,0
527775,0
527776,0
527777,0
527778,0
527779,0
527780,1
527781,0
527782,1
527783,0
527784,1
527785,1
527786,0
527787,1
527788,0
527789,0
527790,0
527791,0
527792,0
527793,1
527794,0
527795,0
527796,0
527797,0
527798,0
527799,1
527800,1
527801,0
527802,1
527803,0
527804,0
527805,0
527806,0
527807,1
527808,0
527809,0
527810,1
527811,1
527812,0
527813,0
527814,0
527815,0
527816,1
527817,0
527818,0
527819,1
527820,0
527821,1
527822,1
527823,0
527824,1
527825,0
527826,1
527827,0
527828,1
527829,1
527830,0
527831,1
527832,0
527833,0
527834,0
527835,0
527836,1
527837,1
527838,1
527839,0
527840,1
527841,1
527842,1
527843,0
527844,0
527845,1
527846,0
527847,0
527848,0
527849,1
527850,1
527851,0
527852,0
527853,0
527854,1
527855,1
527856,1
527857,1
527858,1
527859,1
527860,1
527861,0
527862,0
527863,0
527864,1
527865,1
527866,0
527867,0
527868,0
527869,0
527870,1
527871,0
527872,1
527873,0
527874,0
527875,0
527876,1
527877,1
527878,1
527879,1
527880,1
527881,0
527882,0
527883,0
527884,0
527885,0
527886,1
527887,0
527888,1
527889,0
527890,1
527891,0
527892,0
527893,0
527894,0
527895,1
527896,1
527897,1
527898,0
527899,0
527900,0
527901,1
527902,1
527903,0
527904,0
527905,1
527906,0
527907,0
527908,1
527909,0
527910,0
527911,0
527912,1
527913,1
527914,0
527915,1
527916,0
527917,0
527918,0
527919,0
527920,0
527921,1
527922,0
527923,0
527924,1
527925,0
527926,0
527927,0
527928,0
527929,0
527930,1
527931,0
527932,1
527933,1
527934,1
527935,1
527936,1
527937,0
527938,1
527939,1
527940,0
527941,1
527942,0
527943,1
527944,0
527945,1
527946,1
527947,0
527948,0
527949,0
527950,1
527951,0
527952,0
527953,1
527954,0
527955,1
527956,0
527957,0
527958,1
527959,0
527960,0
527961,0
527962,0
527963,0
527964,1
527965,1
527966,1
527967,0
527968,0
527969,1
527970,1
527971,0
527972,0
527973,0
527974,1
527975,0
527976,0
527977,0
527978,1
527979,1
527980,1
527981,1
527982,1
527983,0
527984,0
527985,1
527986,0
527987,1
527988,1
527989,0
527990,0
527991,1
527992,1
527993,0
527994,0
527995,0
527996,1
527997,0
527998,1
527999,1
528000,0
528001,0
528002,0
528003,0
528004,0
528005,1
528006,0
528007,1
528008,1
528009,1
528010,1
528011,0
528012,1
528013,0
528014,0
528015,1
528016,1
528017,1
528018,1
528019,0
528020,1
528021,0
528022,1
528023,0
528024,1
528025,0
528026,1
528027,0
528028,0
528029,0
528030,1
528031,1
528032,0
528033,1
528034,1
528035,1
528036,0
528037,1
528038,1
528039,0
528040,1
528041,0
528042,0
528043,1
528044,0
528045,0
528046,1
528047,1
528048,1
528049,0
528050,1
528051,1
528052,0
528053,0
528054,0
528055,1
528056,1
528057,0
528058,0
528059,0
528060,0
528061,0
528062,1
528063,0
528064,0
528065,0
528066,1
528067,1
528068,0
528069,0
528070,1
528071,1
528072,0
528073,0
528074,0
528075,0
528076,0
528077,0
528078,0
528079,0
528080,0
528081,0
528082,1
528083,1
528084,0
528085,1
528086,1
528087,1
528088,1
528089,0
528090,1
528091,1
528092,0
528093,0
528094,0
528095,1
528096,0
528097,0
528098,0
528099,1
528100,0
528101,1
528102,0
528103,0
528104,1
528105,1
528106,0
528107,1
528108,0
528109,1
528110,0
528111,0
528112,0
528113,0
528114,0
528115,1
528116,1
528117,1
528118,0
528119,0
528120,1
528121,1
528122,0
528123,0
528124,1
528125,0
528126,0
528127,1
528128,0
528129,1
528130,0
528131,0
528132,1
528133,0
528134,0
528135,0
528136,1
528137,1
528138,0
528139,1
528140,0
528141,0
528142,1
528143,1
528144,0
528145,0
528146,1
528147,0
528148,1
528149,0
528150,0
528151,0
528152,0
528153,0
528154,0
528155,1
528156,0
528157,1
528158,0
528159,1
528160,0
528161,1
528162,0
528163,1
528164,1
528165,1
528166,0
528167,0
528168,1
528169,1
528170,0
528171,0
528172,0
528173,1
528174,1
528175,1
528176,0
528177,0
528178,0
528179,1
528180,1
528181,1
528182,1
528183,0
528184,1
528185,0
528186,1
528187,1
528188,1
528189,1
528190,1
528191,1
528192,0
528193,1
528194,1
528195,1
528196,1
528197,0
528198,0
528199,1
528200,0
528201,1
528202,1
528203,0
528204,1
528205,1
528206,0
528207,0
528208,1
528209,0
528210,1
528211,1
528212,1
528213,1
528214,1
528215,1
528216,1
528217,0
528218,1
528219,0
528220,1
528221,1
528222,0
528223,1
528224,1
528225,1
528226,1
528227,1
528228,1
528229,1
528230,1
528231,1
528232,0
528233,1
528234,0
528235,0
528236,1
528237,0
528238,0
528239,0
528240,1
528241,0
528242,0
528243,1
528244,1
528245,1
528246,1
528247,0
528248,1
528249,0
528250,0
528251,0
528252,1
528253,1
528254,0
528255,1
528256,0
528257,1
528258,1
528259,1
528260,0
528261,0
528262,0
528263,1
528264,1
528265,1
528266,1
528267,0
528268,0
528269,1
528270,0
528271,1
528272,1
528273,1
528274,1
528275,1
528276,1
528277,1
528278,1
528279,1
528280,0
528281,0
528282,0
528283,1
528284,1
528285,1
528286,0
528287,1
528288,1
528289,1
528290,1
528291,0
528292,1
528293,1
528294,0
528295,1
528296,0
528297,1
528298,1
528299,0
528300,1
528301,0
528302,1
528303,1
528304,1
528305,1
528306,1
528307,1
528308,1
528309,1
528310,0
528311,1
528312,0
528313,1
528314,1
528315,0
528316,1
528317,0
528318,0
528319,0
528320,0
528321,1
528322,0
528323,0
528324,1
528325,1
528326,1
528327,0
528328,1
528329,0
528330,1
528331,0
528332,1
528333,1
528334,0
528335,0
528336,0
528337,0
528338,0
528339,1
528340,1
528341,1
528342,1
528343,1
528344,0
528345,0
528346,0
528347,1
528348,1
528349,1
528350,0
528351,0
528352,1
528353,0
528354,0
528355,1
528356,1
528357,1
528358,0
528359,1
528360,0
528361,0
528362,1
528363,1
528364,1
528365,1
528366,1
528367,0
528368,1
528369,1
528370,1
528371,0
528372,1
528373,0
528374,1
528375,1
528376,1
528377,1
528378,0
528379,0
528380,1
528381,1
528382,1
528383,0
528384,0
528385,1
528386,1
528387,0
528388,0
528389,1
528390,1
528391,0
528392,1
528393,1
528394,1
528395,1
528396,1
528397,0
528398,0
528399,1
528400,1
528401,1
528402,1
528403,1
528404,0
528405,1
528406,1
528407,0
528408,0
528409,0
528410,0
528411,0
528412,1
528413,0
528414,0
528415,0
528416,1
528417,1
528418,0
528419,1
528420,1
528421,0
528422,0
528423,0
528424,1
528425,0
528426,1
528427,1
528428,1
528429,0
528430,0
528431,0
528432,1
528433,0
528434,1
528435,1
528436,0
528437,0
528438,0
528439,1
528440,1
528441,1
528442,0
528443,0
528444,1
528445,1
528446,1
528447,1
528448,0
528449,0
528450,1
528451,1
528452,0
528453,1
528454,1
528455,1
528456,0
528457,1
528458,1
528459,1
528460,1
528461,1
528462,0
528463,1
528464,1
528465,1
528466,1
528467,1
528468,1
528469,1
528470,0
528471,1
528472,1
528473,1
528474,1
528475,0
528476,1
528477,1
528478,0
528479,0
528480,0
528481,1
528482,1
528483,1
528484,0
528485,0
528486,1
528487,0
528488,1
528489,0
528490,1
528491,1
528492,1
528493,1
528494,1
528495,0
528496,1
528497,1
528498,1
528499,1
528500,0
528501,1
528502,1
528503,0
528504,0
528505,1
528506,0
528507,1
528508,1
528509,1
528510,0
528511,0
528512,0
528513,1
528514,0
528515,1
528516,1
528517,1
528518,0
528519,1
528520,1
528521,1
528522,1
528523,0
528524,0
528525,1
528526,1
528527,1
528528,0
528529,1
528530,1
528531,1
528532,0
528533,1
528534,1
528535,0
528536,1
528537,1
528538,0
528539,0
528540,1
528541,1
528542,1
528543,1
528544,1
528545,1
528546,1
528547,1
528548,0
528549,0
528550,1
528551,1
528552,0
528553,1
528554,1
528555,1
528556,0
528557,0
528558,0
528559,1
528560,1
528561,0
528562,0
528563,1
528564,1
528565,0
528566,0
528567,0
528568,1
528569,1
528570,1
528571,1
528572,1
528573,1
528574,1
528575,0
528576,0
528577,0
528578,1
528579,0
528580,1
528581,0
528582,1
528583,1
528584,1
528585,1
528586,1
528587,1
528588,1
528589,0
528590,1
528591,0
528592,1
528593,1
528594,1
528595,1
528596,0
528597,1
528598,1
528599,1
528600,1
528601,1
528602,0
528603,1
528604,1
528605,0
528606,0
528607,0
528608,0
528609,0
528610,0
528611,0
528612,0
528613,1
528614,0
528615,0
528616,1
528617,0
528618,1
528619,0
528620,1
528621,1
528622,1
528623,1
528624,0
528625,0
528626,1
528627,0
528628,1
528629,0
528630,0
528631,1
528632,0
528633,1
528634,0
528635,1
528636,1
528637,1
528638,1
528639,1
528640,1
528641,1
528642,1
528643,1
528644,0
528645,0
528646,1
528647,1
528648,0
528649,0
528650,1
528651,1
528652,1
528653,1
528654,1
528655,1
528656,0
528657,1
528658,1
528659,1
528660,1
528661,1
528662,0
528663,1
528664,1
528665,1
528666,0
528667,1
528668,1
528669,0
528670,1
528671,0
528672,1
528673,1
528674,0
528675,0
528676,1
528677,1
528678,1
528679,1
528680,0
528681,0
528682,1
528683,0
528684,1
528685,1
528686,1
528687,1
528688,1
528689,1
528690,0
528691,0
528692,0
528693,0
528694,1
528695,1
528696,0
528697,1
528698,1
528699,1
528700,0
528701,0
528702,0
528703,0
528704,1
528705,0
528706,0
528707,1
528708,1
528709,0
528710,0
528711,0
528712,1
528713,1
528714,0
528715,1
528716,0
528717,1
528718,0
528719,1
528720,1
528721,0
528722,1
528723,1
528724,1
528725,1
528726,0
528727,0
528728,1
528729,1
528730,0
528731,1
528732,1
528733,1
528734,1
528735,1
528736,0
528737,0
528738,1
528739,0
528740,1
528741,1
528742,1
528743,1
528744,1
528745,0
528746,1
528747,1
528748,0
528749,1
528750,1
528751,1
528752,1
528753,0
528754,1
528755,1
528756,0
528757,1
528758,1
528759,1
528760,1
528761,1
528762,1
528763,0
528764,1
528765,0
528766,0
528767,0
528768,1
528769,1
528770,1
528771,1
528772,1
528773,1
528774,1
528775,1
528776,0
528777,0
528778,1
528779,1
528780,1
528781,1
528782,1
528783,1
528784,1
528785,1
528786,0
528787,1
528788,0
528789,1
528790,0
528791,0
528792,0
528793,1
528794,0
528795,1
528796,0
528797,1
528798,0
528799,1
528800,0
528801,1
528802,1
528803,1
528804,1
528805,0
528806,0
528807,1
528808,1
528809,0
528810,0
528811,1
528812,0
528813,1
528814,1
528815,0
528816,0
528817,0
528818,1
528819,0
528820,1
528821,1
528822,1
528823,0
528824,1
528825,1
528826,0
528827,1
528828,1
528829,1
528830,0
528831,1
528832,1
528833,1
528834,0
528835,1
528836,0
528837,1
528838,1
528839,0
528840,1
528841,1
528842,1
528843,1
528844,0
528845,0
528846,1
528847,1
528848,0
528849,1
528850,1
528851,1
528852,1
528853,1
528854,1
528855,0
528856,1
528857,1
528858,1
528859,1
528860,1
528861,1
528862,0
528863,1
528864,1
528865,1
528866,1
528867,0
528868,0
528869,1
528870,0
528871,1
528872,0
528873,0
528874,1
528875,0
528876,1
528877,1
528878,1
528879,1
528880,1
528881,1
528882,1
528883,1
528884,1
528885,0
528886,1
528887,0
528888,0
528889,0
528890,0
528891,0
528892,0
528893,0
528894,1
528895,0
528896,0
528897,0
528898,1
528899,0
528900,0
528901,1
528902,1
528903,1
528904,0
528905,0
528906,1
528907,0
528908,0
528909,1
528910,1
528911,1
528912,1
528913,1
528914,1
528915,0
528916,1
528917,1
528918,1
528919,1
528920,0
528921,1
528922,1
528923,0
528924,1
528925,0
528926,1
528927,0
528928,0
528929,1
528930,1
528931,1
528932,1
528933,1
528934,0
528935,1
528936,0
528937,1
528938,1
528939,1
528940,1
528941,1
528942,0
528943,1
528944,1
528945,1
528946,0
528947,0
528948,1
528949,1
528950,1
528951,0
528952,0
528953,0
528954,0
528955,0
528956,1
528957,0
528958,1
528959,0
528960,1
528961,1
528962,0
528963,1
528964,1
528965,0
528966,0
528967,0
528968,0
528969,0
528970,0
528971,1
528972,1
528973,1
528974,0
528975,1
528976,1
528977,1
528978,1
528979,0
528980,0
528981,1
528982,1
528983,0
528984,0
528985,1
528986,0
528987,0
528988,0
528989,0
528990,1
528991,1
528992,0
528993,1
528994,1
528995,1
528996,1
528997,0
528998,1
528999,0
529000,0
529001,1
529002,0
529003,0
529004,0
529005,1
529006,1
529007,1
529008,1
529009,1
529010,1
529011,1
529012,1
529013,0
529014,1
529015,0
529016,0
529017,0
529018,1
529019,0
529020,1
529021,1
529022,0
529023,1
529024,1
529025,1
529026,1
529027,1
529028,0
529029,1
529030,1
529031,1
529032,0
529033,1
529034,0
529035,0
529036,1
529037,0
529038,1
529039,1
529040,0
529041,0
529042,1
529043,0
529044,1
529045,1
529046,0
529047,1
529048,1
529049,0
529050,0
529051,1
529052,1
529053,1
529054,1
529055,1
529056,0
529057,1
529058,1
529059,0
529060,1
529061,0
529062,1
529063,1
529064,1
529065,1
529066,0
529067,0
529068,0
529069,1
529070,1
529071,1
529072,0
529073,1
529074,0
529075,1
529076,1
529077,1
529078,1
529079,1
529080,0
529081,1
529082,0
529083,0
529084,1
529085,1
529086,1
529087,1
529088,1
529089,0
529090,0
529091,1
529092,1
529093,1
529094,1
529095,0
529096,0
529097,1
529098,1
529099,1
529100,1
529101,0
529102,1
529103,1
529104,1
529105,0
529106,1
529107,0
529108,1
529109,1
529110,1
529111,1
529112,0
529113,0
529114,1
529115,0
529116,0
529117,1
529118,0
529119,0
529120,0
529121,1
529122,1
529123,0
529124,1
529125,1
529126,1
529127,1
529128,1
529129,1
529130,0
529131,0
529132,0
529133,1
529134,1
529135,0
529136,1
529137,0
529138,1
529139,1
529140,1
529141,1
529142,1
529143,0
529144,1
529145,1
529146,1
529147,0
529148,0
529149,1
529150,1
529151,1
529152,1
529153,0
529154,1
529155,1
529156,0
529157,1
529158,1
529159,1
529160,1
529161,0
529162,1
529163,0
529164,1
529165,0
529166,0
529167,1
529168,1
529169,1
529170,1
529171,0
529172,1
529173,0
529174,1
529175,0
529176,1
529177,1
529178,0
529179,1
529180,0
529181,0
529182,0
529183,1
529184,1
529185,0
529186,0
529187,0
529188,1
529189,1
529190,1
529191,1
529192,0
529193,0
529194,1
529195,0
529196,1
529197,1
529198,1
529199,1
529200,0
529201,0
529202,0
529203,1
529204,0
529205,0
529206,1
529207,0
529208,0
529209,1
529210,1
529211,1
529212,1
529213,0
529214,1
529215,1
529216,1
529217,1
529218,0
529219,1
529220,1
529221,1
529222,0
529223,1
529224,1
529225,0
529226,1
529227,1
529228,1
529229,0
529230,1
529231,1
529232,1
529233,1
529234,0
529235,1
529236,1
529237,1
529238,1
529239,1
529240,1
529241,1
529242,1
529243,0
529244,0
529245,0
529246,0
529247,1
529248,1
529249,1
529250,0
529251,1
529252,1
529253,0
529254,1
529255,1
529256,0
529257,0
529258,0
529259,1
529260,1
529261,0
529262,0
529263,0
529264,1
529265,0
529266,1
529267,1
529268,1
529269,1
529270,1
529271,1
529272,1
529273,1
529274,0
529275,1
529276,1
529277,0
529278,1
529279,1
529280,1
529281,1
529282,1
529283,0
529284,0
529285,1
529286,1
529287,0
529288,0
529289,1
529290,1
529291,0
529292,1
529293,1
529294,1
529295,0
529296,1
529297,1
529298,0
529299,1
529300,1
529301,0
529302,0
529303,1
529304,1
529305,1
529306,1
529307,0
529308,0
529309,0
529310,1
529311,0
529312,1
529313,0
529314,1
529315,0
529316,1
529317,1
529318,1
529319,0
529320,1
529321,0
529322,1
529323,1
529324,1
529325,1
529326,1
529327,0
529328,1
529329,1
529330,1
529331,1
529332,1
529333,1
529334,0
529335,1
529336,0
529337,0
529338,0
529339,1
529340,0
529341,1
529342,0
529343,1
529344,0
529345,1
529346,0
529347,1
529348,1
529349,1
529350,1
529351,1
529352,1
529353,1
529354,1
529355,1
529356,1
529357,1
529358,1
529359,1
529360,1
529361,0
529362,1
529363,1
529364,0
529365,1
529366,1
529367,0
529368,0
529369,1
529370,0
529371,0
529372,1
529373,1
529374,0
529375,1
529376,1
529377,1
529378,1
529379,0
529380,0
529381,1
529382,1
529383,1
529384,1
529385,1
529386,0
529387,1
529388,1
529389,1
529390,1
529391,1
529392,1
529393,1
529394,1
529395,1
529396,1
529397,1
529398,1
529399,1
529400,1
529401,1
529402,1
529403,1
529404,1
529405,0
529406,1
529407,1
529408,1
529409,1
529410,1
529411,1
529412,0
529413,1
529414,0
529415,1
529416,0
529417,0
529418,0
529419,1
529420,1
529421,1
529422,1
529423,1
529424,1
529425,1
529426,1
529427,1
529428,1
529429,0
529430,1
529431,1
529432,1
529433,1
529434,1
529435,1
529436,0
529437,0
529438,1
529439,1
529440,1
529441,1
529442,1
529443,1
529444,0
529445,1
529446,0
529447,0
529448,1
529449,1
529450,0
529451,1
529452,1
529453,1
529454,1
529455,1
529456,0
529457,1
529458,1
529459,1
529460,1
529461,1
529462,1
529463,0
529464,1
529465,0
529466,0
529467,1
529468,1
529469,1
529470,1
529471,1
529472,1
529473,1
529474,1
529475,1
529476,1
529477,1
529478,1
529479,0
529480,0
529481,0
529482,1
529483,0
529484,1
529485,0
529486,0
529487,1
529488,0
529489,0
529490,1
529491,1
529492,1
529493,1
529494,0
529495,0
529496,1
529497,0
529498,1
529499,1
529500,1
529501,1
529502,1
529503,1
529504,0
529505,1
529506,1
529507,1
529508,0
529509,1
529510,1
529511,1
529512,0
529513,0
529514,0
529515,0
529516,1
529517,0
529518,1
529519,0
529520,0
529521,1
529522,1
529523,0
529524,1
529525,0
529526,1
529527,0
529528,1
529529,1
529530,1
529531,0
529532,0
529533,1
529534,1
529535,0
529536,0
529537,1
529538,1
529539,1
529540,0
529541,1
529542,1
529543,0
529544,1
529545,0
529546,0
529547,1
529548,1
529549,0
529550,1
529551,1
529552,0
529553,1
529554,0
529555,0
529556,0
529557,1
529558,0
529559,1
529560,1
529561,1
529562,0
529563,1
529564,1
529565,0
529566,1
529567,0
529568,1
529569,1
529570,0
529571,0
529572,1
529573,1
529574,0
529575,1
529576,0
529577,1
529578,1
529579,0
529580,0
529581,0
529582,1
529583,1
529584,1
529585,1
529586,1
529587,1
529588,1
529589,1
529590,0
529591,0
529592,1
529593,1
529594,1
529595,1
529596,0
529597,1
529598,1
529599,0
529600,0
529601,0
529602,0
529603,0
529604,1
529605,0
529606,1
529607,0
529608,1
529609,0
529610,1
529611,1
529612,0
529613,1
529614,1
529615,0
529616,0
529617,0
529618,1
529619,0
529620,1
529621,1
529622,0
529623,0
529624,1
529625,1
529626,1
529627,1
529628,1
529629,1
529630,1
529631,0
529632,0
529633,0
529634,1
529635,0
529636,1
529637,1
529638,1
529639,1
529640,1
529641,1
529642,0
529643,1
529644,1
529645,1
529646,1
529647,0
529648,1
529649,1
529650,0
529651,0
529652,1
529653,1
529654,0
529655,0
529656,1
529657,0
529658,1
529659,0
529660,1
529661,0
529662,0
529663,1
529664,0
529665,1
529666,0
529667,0
529668,1
529669,0
529670,0
529671,1
529672,0
529673,1
529674,0
529675,1
529676,1
529677,0
529678,0
529679,0
529680,1
529681,1
529682,0
529683,1
529684,1
529685,0
529686,1
529687,0
529688,1
529689,1
529690,0
529691,0
529692,1
529693,1
529694,1
529695,0
529696,1
529697,1
529698,1
529699,1
529700,1
529701,1
529702,1
529703,1
529704,1
529705,1
529706,1
529707,1
529708,0
529709,1
529710,1
529711,0
529712,0
529713,0
529714,1
529715,1
529716,1
529717,1
529718,1
529719,0
529720,1
529721,1
529722,1
529723,0
529724,1
529725,1
529726,1
529727,1
529728,1
529729,0
529730,1
529731,1
529732,0
529733,1
529734,0
529735,0
529736,0
529737,0
529738,0
529739,1
529740,1
529741,1
529742,1
529743,0
529744,1
529745,0
529746,1
529747,0
529748,0
529749,0
529750,1
529751,0
529752,1
529753,1
529754,1
529755,1
529756,1
529757,0
529758,0
529759,1
529760,1
529761,1
529762,1
529763,0
529764,1
529765,1
529766,0
529767,0
529768,0
529769,0
529770,0
529771,0
529772,1
529773,1
529774,1
529775,1
529776,1
529777,1
529778,0
529779,0
529780,1
529781,1
529782,0
529783,0
529784,1
529785,0
529786,0
529787,0
529788,1
529789,1
529790,0
529791,0
529792,0
529793,0
529794,1
529795,1
529796,1
529797,0
529798,0
529799,0
529800,0
529801,0
529802,0
529803,0
529804,1
529805,0
529806,1
529807,0
529808,1
529809,0
529810,1
529811,1
529812,1
529813,0
529814,0
529815,1
529816,1
529817,0
529818,0
529819,1
529820,0
529821,1
529822,1
529823,0
529824,0
529825,0
529826,0
529827,1
529828,1
529829,1
529830,0
529831,1
529832,0
529833,0
529834,0
529835,0
529836,0
529837,0
529838,1
529839,0
529840,0
529841,1
529842,0
529843,0
529844,0
529845,1
529846,0
529847,1
529848,0
529849,1
529850,1
529851,1
529852,1
529853,1
529854,1
529855,0
529856,1
529857,0
529858,1
529859,0
529860,0
529861,1
529862,0
529863,1
529864,1
529865,0
529866,0
529867,1
529868,1
529869,0
529870,1
529871,1
529872,1
529873,0
529874,0
529875,1
529876,0
529877,0
529878,0
529879,0
529880,0
529881,0
529882,1
529883,0
529884,1
529885,1
529886,0
529887,0
529888,1
529889,0
529890,1
529891,1
529892,1
529893,0
529894,0
529895,0
529896,1
529897,0
529898,1
529899,0
529900,1
529901,0
529902,1
529903,0
529904,1
529905,0
529906,1
529907,1
529908,0
529909,1
529910,1
529911,1
529912,1
529913,1
529914,1
529915,1
529916,0
529917,0
529918,0
529919,1
529920,0
529921,1
529922,0
529923,0
529924,1
529925,1
529926,0
529927,0
529928,0
529929,0
529930,0
529931,0
529932,0
529933,0
529934,0
529935,0
529936,0
529937,0
529938,1
529939,0
529940,0
529941,1
529942,0
529943,0
529944,0
529945,1
529946,0
529947,1
529948,0
529949,0
529950,0
529951,0
529952,0
529953,1
529954,1
529955,0
529956,1
529957,0
529958,0
529959,0
529960,0
529961,1
529962,0
529963,1
529964,0
529965,0
529966,1
529967,0
529968,0
529969,0
529970,0
529971,0
529972,0
529973,0
529974,1
529975,1
529976,0
529977,0
529978,1
529979,0
529980,1
529981,0
529982,1
529983,1
529984,0
529985,0
529986,0
529987,0
529988,0
529989,0
529990,0
529991,0
529992,1
529993,0
529994,0
529995,0
529996,0
529997,0
529998,0
529999,1
530000,0
530001,0
530002,0
530003,0
530004,0
530005,0
530006,0
530007,0
530008,1
530009,0
530010,0
530011,0
530012,1
530013,0
530014,0
530015,1
530016,0
530017,0
530018,1
530019,1
530020,1
530021,1
530022,1
530023,0
530024,1
530025,0
530026,0
530027,0
530028,0
530029,0
530030,0
530031,1
530032,1
530033,1
530034,0
530035,0
530036,0
530037,0
530038,0
530039,0
530040,1
530041,0
530042,1
530043,1
530044,1
530045,1
530046,0
530047,0
530048,1
530049,0
530050,0
530051,1
530052,0
530053,0
530054,0
530055,1
530056,1
530057,0
530058,0
530059,0
530060,0
530061,0
530062,0
530063,0
530064,1
530065,1
530066,1
530067,1
530068,1
530069,1
530070,0
530071,0
530072,1
530073,1
530074,1
530075,1
530076,0
530077,1
530078,1
530079,0
530080,0
530081,0
530082,1
530083,0
530084,1
530085,1
530086,1
530087,0
530088,1
530089,1
530090,1
530091,0
530092,1
530093,1
530094,1
530095,0
530096,0
530097,1
530098,1
530099,1
530100,1
530101,1
530102,1
530103,0
530104,0
530105,0
530106,1
530107,1
530108,1
530109,1
530110,0
530111,0
530112,0
530113,1
530114,0
530115,0
530116,1
530117,1
530118,1
530119,1
530120,1
530121,1
530122,1
530123,1
530124,1
530125,1
530126,1
530127,1
530128,1
530129,1
530130,1
530131,0
530132,0
530133,0
530134,1
530135,1
530136,1
530137,1
530138,0
530139,1
530140,0
530141,1
530142,1
530143,1
530144,0
530145,1
530146,1
530147,0
530148,1
530149,0
530150,1
530151,0
530152,0
530153,0
530154,0
530155,0
530156,1
530157,1
530158,0
530159,1
530160,0
530161,0
530162,0
530163,0
530164,0
530165,0
530166,1
530167,0
530168,1
530169,1
530170,1
530171,1
530172,0
530173,0
530174,1
530175,0
530176,1
530177,0
530178,1
530179,0
530180,1
530181,1
530182,1
530183,0
530184,0
530185,1
530186,0
530187,1
530188,0
530189,1
530190,1
530191,1
530192,0
530193,0
530194,1
530195,1
530196,0
530197,0
530198,0
530199,0
530200,1
530201,1
530202,1
530203,1
530204,1
530205,0
530206,1
530207,0
530208,0
530209,0
530210,1
530211,0
530212,0
530213,0
530214,0
530215,0
530216,1
530217,0
530218,0
530219,1
530220,0
530221,1
530222,0
530223,1
530224,1
530225,1
530226,0
530227,0
530228,0
530229,0
530230,0
530231,1
530232,1
530233,1
530234,0
530235,0
530236,0
530237,0
530238,0
530239,1
530240,0
530241,1
530242,1
530243,0
530244,1
530245,1
530246,1
530247,1
530248,1
530249,0
530250,0
530251,0
530252,0
530253,1
530254,0
530255,0
530256,1
530257,0
530258,1
530259,1
530260,0
530261,1
530262,0
530263,1
530264,0
530265,0
530266,1
530267,1
530268,0
530269,0
530270,1
530271,1
530272,1
530273,0
530274,0
530275,1
530276,1
530277,1
530278,1
530279,1
530280,0
530281,0
530282,0
530283,0
530284,0
530285,0
530286,1
530287,1
530288,0
530289,0
530290,1
530291,1
530292,1
530293,1
530294,1
530295,0
530296,1
530297,0
530298,1
530299,0
530300,1
530301,0
530302,1
530303,0
530304,0
530305,0
530306,0
530307,1
530308,0
530309,0
530310,0
530311,1
530312,0
530313,0
530314,0
530315,1
530316,1
530317,1
530318,1
530319,0
530320,1
530321,0
530322,1
530323,0
530324,0
530325,0
530326,1
530327,0
530328,0
530329,1
530330,0
530331,0
530332,1
530333,0
530334,1
530335,0
530336,1
530337,1
530338,0
530339,0
530340,1
530341,1
530342,0
530343,0
530344,1
530345,1
530346,0
530347,0
530348,1
530349,1
530350,0
530351,0
530352,0
530353,1
530354,0
530355,1
530356,0
530357,1
530358,1
530359,1
530360,1
530361,0
530362,1
530363,0
530364,1
530365,0
530366,0
530367,1
530368,1
530369,0
530370,1
530371,1
530372,1
530373,1
530374,0
530375,0
530376,1
530377,1
530378,1
530379,1
530380,0
530381,1
530382,1
530383,1
530384,1
530385,1
530386,1
530387,0
530388,0
530389,1
530390,1
530391,1
530392,0
530393,1
530394,0
530395,1
530396,1
530397,1
530398,1
530399,0
530400,0
530401,1
530402,0
530403,1
530404,0
530405,0
530406,1
530407,0
530408,0
530409,1
530410,0
530411,1
530412,1
530413,0
530414,0
530415,1
530416,1
530417,1
530418,1
530419,1
530420,1
530421,1
530422,1
530423,1
530424,0
530425,1
530426,1
530427,0
530428,1
530429,1
530430,0
530431,1
530432,0
530433,0
530434,0
530435,1
530436,1
530437,0
530438,0
530439,0
530440,0
530441,1
530442,1
530443,0
530444,1
530445,1
530446,0
530447,1
530448,0
530449,1
530450,0
530451,1
530452,0
530453,0
530454,1
530455,1
530456,1
530457,0
530458,1
530459,0
530460,1
530461,1
530462,0
530463,1
530464,1
530465,0
530466,0
530467,1
530468,1
530469,1
530470,1
530471,1
530472,0
530473,1
530474,1
530475,1
530476,1
530477,1
530478,0
530479,0
530480,1
530481,1
530482,1
530483,0
530484,1
530485,0
530486,0
530487,1
530488,0
530489,1
530490,1
530491,0
530492,1
530493,0
530494,1
530495,0
530496,1
530497,1
530498,0
530499,1
530500,1
530501,0
530502,0
530503,0
530504,1
530505,0
530506,0
530507,1
530508,0
530509,1
530510,1
530511,0
530512,1
530513,1
530514,0
530515,1
530516,1
530517,1
530518,1
530519,1
530520,0
530521,0
530522,1
530523,1
530524,1
530525,0
530526,0
530527,1
530528,1
530529,1
530530,1
530531,1
530532,0
530533,1
530534,0
530535,1
530536,1
530537,0
530538,1
530539,1
530540,0
530541,1
530542,1
530543,1
530544,0
530545,0
530546,1
530547,0
530548,1
530549,1
530550,0
530551,0
530552,0
530553,0
530554,1
530555,1
530556,1
530557,1
530558,1
530559,1
530560,0
530561,1
530562,1
530563,0
530564,1
530565,1
530566,0
530567,0
530568,0
530569,0
530570,0
530571,1
530572,0
530573,1
530574,1
530575,0
530576,1
530577,1
530578,0
530579,1
530580,1
530581,0
530582,0
530583,1
530584,1
530585,0
530586,0
530587,1
530588,1
530589,1
530590,0
530591,0
530592,0
530593,0
530594,0
530595,1
530596,1
530597,0
530598,0
530599,1
530600,1
530601,0
530602,1
530603,0
530604,0
530605,0
530606,1
530607,0
530608,1
530609,1
530610,1
530611,0
530612,0
530613,0
530614,1
530615,0
530616,1
530617,0
530618,1
530619,0
530620,0
530621,0
530622,1
530623,1
530624,0
530625,1
530626,0
530627,0
530628,0
530629,0
530630,0
530631,0
530632,0
530633,0
530634,1
530635,1
530636,0
530637,0
530638,1
530639,0
530640,1
530641,1
530642,1
530643,1
530644,1
530645,1
530646,1
530647,0
530648,0
530649,1
530650,1
530651,0
530652,1
530653,1
530654,1
530655,0
530656,1
530657,0
530658,1
530659,0
530660,1
530661,0
530662,1
530663,1
530664,0
530665,0
530666,0
530667,0
530668,0
530669,1
530670,0
530671,0
530672,1
530673,1
530674,0
530675,1
530676,0
530677,1
530678,1
530679,1
530680,1
530681,1
530682,0
530683,1
530684,1
530685,0
530686,0
530687,0
530688,0
530689,1
530690,0
530691,1
530692,1
530693,0
530694,0
530695,1
530696,0
530697,1
530698,1
530699,0
530700,0
530701,1
530702,0
530703,1
530704,0
530705,1
530706,1
530707,0
530708,1
530709,1
530710,0
530711,0
530712,0
530713,0
530714,0
530715,1
530716,1
530717,1
530718,0
530719,1
530720,0
530721,0
530722,1
530723,0
530724,0
530725,1
530726,0
530727,1
530728,1
530729,0
530730,0
530731,1
530732,1
530733,1
530734,1
530735,1
530736,1
530737,1
530738,1
530739,0
530740,0
530741,1
530742,0
530743,1
530744,0
530745,1
530746,1
530747,1
530748,1
530749,1
530750,0
530751,1
530752,0
530753,1
530754,0
530755,0
530756,1
530757,0
530758,1
530759,1
530760,1
530761,0
530762,1
530763,0
530764,0
530765,1
530766,0
530767,0
530768,0
530769,0
530770,0
530771,0
530772,1
530773,0
530774,0
530775,1
530776,0
530777,0
530778,1
530779,1
530780,0
530781,0
530782,0
530783,1
530784,1
530785,0
530786,0
530787,1
530788,0
530789,1
530790,0
530791,0
530792,0
530793,0
530794,0
530795,1
530796,0
530797,1
530798,0
530799,0
530800,1
530801,1
530802,0
530803,0
530804,0
530805,1
530806,0
530807,0
530808,1
530809,1
530810,0
530811,0
530812,1
530813,0
530814,1
530815,0
530816,1
530817,1
530818,1
530819,1
530820,1
530821,0
530822,0
530823,0
530824,0
530825,0
530826,1
530827,1
530828,1
530829,0
530830,1
530831,1
530832,1
530833,1
530834,1
530835,0
530836,0
530837,0
530838,0
530839,0
530840,0
530841,0
530842,1
530843,0
530844,0
530845,1
530846,0
530847,1
530848,0
530849,1
530850,0
530851,1
530852,1
530853,0
530854,1
530855,0
530856,1
530857,1
530858,1
530859,0
530860,0
530861,0
530862,0
530863,0
530864,0
530865,1
530866,1
530867,1
530868,0
530869,0
530870,0
530871,0
530872,1
530873,1
530874,0
530875,0
530876,1
530877,0
530878,1
530879,1
530880,1
530881,0
530882,0
530883,1
530884,0
530885,1
530886,0
530887,0
530888,1
530889,0
530890,0
530891,1
530892,1
530893,0
530894,0
530895,0
530896,0
530897,1
530898,1
530899,1
530900,1
530901,1
530902,1
530903,0
530904,1
530905,1
530906,0
530907,0
530908,1
530909,1
530910,0
530911,1
530912,1
530913,1
530914,1
530915,1
530916,1
530917,0
530918,1
530919,0
530920,1
530921,1
530922,1
530923,1
530924,1
530925,1
530926,1
530927,1
530928,1
530929,1
530930,1
530931,1
530932,1
530933,1
530934,1
530935,0
530936,0
530937,1
530938,1
530939,1
530940,1
530941,1
530942,1
530943,1
530944,0
530945,1
530946,1
530947,1
530948,1
530949,1
530950,0
530951,1
530952,1
530953,0
530954,1
530955,0
530956,0
530957,1
530958,0
530959,1
530960,0
530961,1
530962,1
530963,1
530964,0
530965,1
530966,0
530967,0
530968,1
530969,1
530970,1
530971,0
530972,1
530973,1
530974,1
530975,1
530976,1
530977,1
530978,1
530979,1
530980,1
530981,1
530982,1
530983,1
530984,1
530985,1
530986,0
530987,1
530988,0
530989,1
530990,0
530991,1
530992,1
530993,0
530994,1
530995,0
530996,0
530997,0
530998,0
530999,0
531000,1
531001,1
531002,1
531003,1
531004,1
531005,1
531006,1
531007,0
531008,1
531009,0
531010,1
531011,0
531012,0
531013,0
531014,1
531015,1
531016,1
531017,1
531018,1
531019,1
531020,1
531021,1
531022,1
531023,0
531024,1
531025,1
531026,1
531027,0
531028,1
531029,0
531030,1
531031,1
531032,1
531033,1
531034,1
531035,1
531036,1
531037,0
531038,1
531039,0
531040,0
531041,1
531042,0
531043,0
531044,1
531045,1
531046,1
531047,1
531048,1
531049,0
531050,1
531051,0
531052,1
531053,1
531054,1
531055,0
531056,0
531057,1
531058,0
531059,1
531060,1
531061,0
531062,0
531063,1
531064,1
531065,1
531066,1
531067,1
531068,1
531069,1
531070,0
531071,1
531072,1
531073,1
531074,1
531075,1
531076,0
531077,0
531078,1
531079,1
531080,0
531081,0
531082,0
531083,1
531084,1
531085,1
531086,1
531087,1
531088,0
531089,1
531090,1
531091,1
531092,1
531093,1
531094,1
531095,1
531096,1
531097,0
531098,0
531099,1
531100,1
531101,0
531102,1
531103,1
531104,1
531105,1
531106,1
531107,0
531108,1
531109,0
531110,1
531111,1
531112,1
531113,1
531114,1
531115,1
531116,1
531117,1
531118,1
531119,1
531120,1
531121,0
531122,0
531123,1
531124,0
531125,1
531126,1
531127,0
531128,0
531129,0
531130,1
531131,1
531132,1
531133,0
531134,1
531135,0
531136,1
531137,0
531138,0
531139,1
531140,1
531141,0
531142,1
531143,0
531144,1
531145,1
531146,0
531147,1
531148,0
531149,1
531150,1
531151,1
531152,1
531153,0
531154,1
531155,1
531156,1
531157,1
531158,0
531159,0
531160,0
531161,0
531162,1
531163,1
531164,1
531165,1
531166,1
531167,1
531168,0
531169,1
531170,1
531171,0
531172,1
531173,0
531174,1
531175,1
531176,1
531177,0
531178,0
531179,1
531180,1
531181,0
531182,0
531183,1
531184,1
531185,1
531186,1
531187,1
531188,1
531189,1
531190,1
531191,1
531192,1
531193,1
531194,0
531195,1
531196,1
531197,1
531198,0
531199,1
531200,1
531201,1
531202,0
531203,0
531204,1
531205,0
531206,1
531207,1
531208,0
531209,0
531210,1
531211,1
531212,1
531213,1
531214,0
531215,0
531216,1
531217,0
531218,1
531219,0
531220,1
531221,1
531222,1
531223,0
531224,0
531225,0
531226,0
531227,1
531228,1
531229,1
531230,0
531231,0
531232,1
531233,0
531234,1
531235,1
531236,0
531237,1
531238,1
531239,1
531240,0
531241,1
531242,1
531243,1
531244,1
531245,0
531246,1
531247,0
531248,1
531249,0
531250,1
531251,0
531252,0
531253,0
531254,0
531255,0
531256,0
531257,1
531258,1
531259,1
531260,1
531261,0
531262,1
531263,1
531264,0
531265,0
531266,0
531267,1
531268,1
531269,1
531270,0
531271,1
531272,1
531273,1
531274,1
531275,1
531276,1
531277,1
531278,0
531279,1
531280,1
531281,1
531282,0
531283,1
531284,1
531285,0
531286,1
531287,1
531288,1
531289,1
531290,1
531291,1
531292,0
531293,1
531294,1
531295,0
531296,1
531297,1
531298,0
531299,0
531300,1
531301,1
531302,0
531303,0
531304,0
531305,1
531306,1
531307,1
531308,1
531309,0
531310,1
531311,0
531312,1
531313,1
531314,1
531315,1
531316,1
531317,0
531318,0
531319,1
531320,1
531321,1
531322,1
531323,1
531324,1
531325,1
531326,1
531327,1
531328,0
531329,0
531330,1
531331,1
531332,1
531333,1
531334,0
531335,1
531336,0
531337,0
531338,1
531339,1
531340,1
531341,0
531342,0
531343,1
531344,1
531345,0
531346,0
531347,0
531348,0
531349,0
531350,1
531351,1
531352,1
531353,1
531354,1
531355,1
531356,1
531357,1
531358,1
531359,1
531360,1
531361,1
531362,0
531363,0
531364,1
531365,0
531366,1
531367,1
531368,1
531369,1
531370,0
531371,0
531372,1
531373,0
531374,1
531375,0
531376,1
531377,1
531378,1
531379,0
531380,1
531381,1
531382,0
531383,0
531384,1
531385,0
531386,0
531387,0
531388,1
531389,1
531390,1
531391,0
531392,0
531393,1
531394,1
531395,0
531396,1
531397,1
531398,1
531399,0
531400,0
531401,0
531402,0
531403,0
531404,0
531405,0
531406,1
531407,0
531408,0
531409,0
531410,1
531411,1
531412,1
531413,0
531414,1
531415,0
531416,0
531417,1
531418,1
531419,0
531420,1
531421,1
531422,1
531423,0
531424,1
531425,1
531426,1
531427,1
531428,0
531429,1
531430,0
531431,1
531432,0
531433,0
531434,0
531435,0
531436,0
531437,0
531438,0
531439,1
531440,1
531441,0
531442,0
531443,0
531444,1
531445,1
531446,0
531447,0
531448,0
531449,1
531450,0
531451,0
531452,1
531453,1
531454,0
531455,0
531456,0
531457,1
531458,0
531459,0
531460,0
531461,0
531462,1
531463,0
531464,0
531465,1
531466,1
531467,0
531468,1
531469,1
531470,0
531471,1
531472,0
531473,0
531474,1
531475,0
531476,1
531477,0
531478,0
531479,0
531480,1
531481,1
531482,0
531483,0
531484,0
531485,0
531486,1
531487,1
531488,0
531489,0
531490,1
531491,1
531492,0
531493,1
531494,0
531495,0
531496,1
531497,0
531498,1
531499,0
531500,0
531501,1
531502,1
531503,0
531504,0
531505,0
531506,1
531507,0
531508,1
531509,1
531510,1
531511,0
531512,1
531513,0
531514,1
531515,1
531516,0
531517,0
531518,1
531519,0
531520,0
531521,0
531522,0
531523,1
531524,0
531525,1
531526,0
531527,1
531528,0
531529,1
531530,0
531531,0
531532,1
531533,0
531534,0
531535,1
531536,1
531537,1
531538,0
531539,0
531540,0
531541,1
531542,1
531543,0
531544,1
531545,1
531546,1
531547,1
531548,0
531549,0
531550,0
531551,0
531552,1
531553,0
531554,0
531555,0
531556,1
531557,0
531558,0
531559,0
531560,1
531561,1
531562,1
531563,1
531564,0
531565,0
531566,1
531567,0
531568,0
531569,0
531570,1
531571,0
531572,1
531573,0
531574,1
531575,0
531576,0
531577,0
531578,0
531579,1
531580,0
531581,1
531582,1
531583,1
531584,0
531585,0
531586,0
531587,0
531588,0
531589,0
531590,0
531591,1
531592,1
531593,0
531594,1
531595,1
531596,0
531597,0
531598,0
531599,1
531600,0
531601,0
531602,0
531603,0
531604,1
531605,0
531606,1
531607,0
531608,1
531609,0
531610,0
531611,1
531612,0
531613,0
531614,0
531615,1
531616,1
531617,1
531618,1
531619,1
531620,0
531621,0
531622,1
531623,1
531624,1
531625,0
531626,0
531627,0
531628,0
531629,1
531630,0
531631,1
531632,0
531633,0
531634,0
531635,0
531636,1
531637,1
531638,1
531639,0
531640,0
531641,1
531642,1
531643,1
531644,0
531645,0
531646,1
531647,0
531648,0
531649,0
531650,0
531651,0
531652,1
531653,1
531654,1
531655,1
531656,1
531657,1
531658,0
531659,0
531660,1
531661,0
531662,1
531663,0
531664,1
531665,1
531666,1
531667,0
531668,0
531669,0
531670,0
531671,0
531672,1
531673,1
531674,0
531675,0
531676,0
531677,0
531678,1
531679,1
531680,1
531681,0
531682,1
531683,0
531684,1
531685,0
531686,1
531687,1
531688,1
531689,1
531690,1
531691,0
531692,0
531693,1
531694,0
531695,1
531696,1
531697,1
531698,1
531699,1
531700,0
531701,1
531702,1
531703,0
531704,1
531705,1
531706,1
531707,0
531708,0
531709,1
531710,1
531711,0
531712,0
531713,1
531714,0
531715,0
531716,1
531717,1
531718,1
531719,1
531720,1
531721,1
531722,0
531723,0
531724,0
531725,1
531726,1
531727,1
531728,0
531729,0
531730,0
531731,1
531732,1
531733,0
531734,1
531735,1
531736,1
531737,1
531738,0
531739,1
531740,1
531741,1
531742,1
531743,1
531744,0
531745,1
531746,1
531747,1
531748,1
531749,1
531750,0
531751,1
531752,0
531753,0
531754,1
531755,0
531756,1
531757,1
531758,0
531759,0
531760,1
531761,1
531762,0
531763,0
531764,1
531765,1
531766,1
531767,1
531768,0
531769,0
531770,0
531771,1
531772,1
531773,0
531774,1
531775,0
531776,1
531777,1
531778,1
531779,1
531780,1
531781,1
531782,1
531783,1
531784,1
531785,1
531786,1
531787,1
531788,1
531789,1
531790,0
531791,1
531792,0
531793,1
531794,1
531795,1
531796,0
531797,1
531798,1
531799,1
531800,1
531801,1
531802,1
531803,1
531804,0
531805,1
531806,0
531807,0
531808,1
531809,1
531810,1
531811,1
531812,1
531813,0
531814,0
531815,1
531816,1
531817,1
531818,1
531819,1
531820,0
531821,1
531822,0
531823,0
531824,0
531825,0
531826,1
531827,0
531828,1
531829,1
531830,1
531831,1
531832,1
531833,1
531834,1
531835,1
531836,0
531837,1
531838,1
531839,1
531840,1
531841,1
531842,1
531843,1
531844,0
531845,0
531846,0
531847,1
531848,0
531849,0
531850,1
531851,1
531852,1
531853,1
531854,1
531855,0
531856,1
531857,1
531858,0
531859,1
531860,0
531861,0
531862,0
531863,0
531864,1
531865,0
531866,0
531867,0
531868,1
531869,1
531870,1
531871,1
531872,1
531873,0
531874,1
531875,1
531876,1
531877,1
531878,1
531879,1
531880,1
531881,1
531882,1
531883,0
531884,1
531885,1
531886,0
531887,0
531888,0
531889,0
531890,0
531891,1
531892,0
531893,1
531894,1
531895,1
531896,1
531897,0
531898,1
531899,1
531900,1
531901,0
531902,0
531903,0
531904,1
531905,0
531906,1
531907,1
531908,1
531909,1
531910,0
531911,1
531912,1
531913,1
531914,0
531915,0
531916,1
531917,0
531918,1
531919,1
531920,1
531921,1
531922,0
531923,0
531924,1
531925,0
531926,1
531927,0
531928,1
531929,0
531930,1
531931,0
531932,0
531933,0
531934,0
531935,0
531936,1
531937,1
531938,1
531939,1
531940,0
531941,1
531942,1
531943,1
531944,0
531945,1
531946,1
531947,1
531948,0
531949,1
531950,1
531951,1
531952,1
531953,1
531954,1
531955,1
531956,1
531957,0
531958,1
531959,0
531960,0
531961,1
531962,1
531963,1
531964,1
531965,1
531966,0
531967,1
531968,1
531969,1
531970,1
531971,1
531972,1
531973,1
531974,1
531975,1
531976,1
531977,0
531978,1
531979,1
531980,0
531981,1
531982,0
531983,1
531984,0
531985,1
531986,1
531987,1
531988,1
531989,1
531990,1
531991,0
531992,1
531993,0
531994,0
531995,1
531996,1
531997,1
531998,1
531999,1
532000,1
532001,1
532002,0
532003,1
532004,0
532005,1
532006,1
532007,0
532008,1
532009,0
532010,1
532011,0
532012,0
532013,1
532014,1
532015,0
532016,1
532017,1
532018,1
532019,1
532020,1
532021,1
532022,1
532023,1
532024,1
532025,1
532026,1
532027,1
532028,1
532029,1
532030,1
532031,1
532032,1
532033,0
532034,1
532035,1
532036,1
532037,1
532038,1
532039,1
532040,1
532041,1
532042,1
532043,1
532044,1
532045,1
532046,0
532047,0
532048,0
532049,1
532050,1
532051,0
532052,1
532053,0
532054,0
532055,1
532056,0
532057,0
532058,0
532059,1
532060,1
532061,0
532062,0
532063,1
532064,1
532065,1
532066,1
532067,1
532068,0
532069,0
532070,1
532071,1
532072,0
532073,1
532074,1
532075,1
532076,1
532077,0
532078,1
532079,0
532080,1
532081,1
532082,1
532083,1
532084,1
532085,1
532086,1
532087,1
532088,0
532089,1
532090,1
532091,1
532092,0
532093,0
532094,1
532095,1
532096,1
532097,1
532098,1
532099,1
532100,1
532101,1
532102,0
532103,1
532104,0
532105,0
532106,0
532107,1
532108,1
532109,0
532110,1
532111,1
532112,1
532113,1
532114,1
532115,1
532116,0
532117,0
532118,1
532119,1
532120,0
532121,0
532122,0
532123,1
532124,1
532125,1
532126,0
532127,1
532128,1
532129,1
532130,0
532131,0
532132,1
532133,1
532134,0
532135,1
532136,1
532137,1
532138,1
532139,1
532140,1
532141,1
532142,1
532143,1
532144,0
532145,1
532146,0
532147,1
532148,1
532149,0
532150,1
532151,1
532152,1
532153,1
532154,0
532155,1
532156,1
532157,0
532158,1
532159,1
532160,1
532161,1
532162,1
532163,0
532164,1
532165,0
532166,1
532167,0
532168,1
532169,0
532170,0
532171,1
532172,1
532173,1
532174,1
532175,0
532176,1
532177,0
532178,1
532179,1
532180,0
532181,0
532182,1
532183,1
532184,1
532185,1
532186,0
532187,1
532188,1
532189,0
532190,1
532191,1
532192,0
532193,0
532194,0
532195,1
532196,1
532197,1
532198,1
532199,1
532200,0
532201,0
532202,1
532203,1
532204,0
532205,0
532206,0
532207,1
532208,0
532209,1
532210,0
532211,1
532212,1
532213,1
532214,0
532215,1
532216,1
532217,0
532218,1
532219,1
532220,0
532221,1
532222,0
532223,1
532224,1
532225,0
532226,1
532227,0
532228,0
532229,1
532230,0
532231,0
532232,0
532233,1
532234,1
532235,1
532236,0
532237,1
532238,1
532239,0
532240,0
532241,1
532242,0
532243,1
532244,1
532245,0
532246,1
532247,1
532248,0
532249,1
532250,1
532251,0
532252,0
532253,1
532254,1
532255,1
532256,0
532257,1
532258,0
532259,1
532260,1
532261,1
532262,1
532263,0
532264,1
532265,1
532266,1
532267,1
532268,1
532269,1
532270,0
532271,1
532272,1
532273,0
532274,0
532275,1
532276,0
532277,1
532278,1
532279,0
532280,0
532281,1
532282,1
532283,0
532284,1
532285,1
532286,1
532287,0
532288,1
532289,0
532290,1
532291,1
532292,0
532293,1
532294,1
532295,0
532296,1
532297,0
532298,1
532299,1
532300,1
532301,0
532302,1
532303,1
532304,0
532305,0
532306,0
532307,1
532308,1
532309,1
532310,0
532311,1
532312,0
532313,0
532314,0
532315,1
532316,1
532317,1
532318,1
532319,1
532320,0
532321,1
532322,0
532323,1
532324,1
532325,1
532326,1
532327,0
532328,1
532329,1
532330,1
532331,0
532332,1
532333,1
532334,1
532335,1
532336,1
532337,1
532338,1
532339,0
532340,1
532341,1
532342,1
532343,1
532344,1
532345,1
532346,0
532347,1
532348,0
532349,1
532350,0
532351,0
532352,0
532353,0
532354,1
532355,1
532356,1
532357,1
532358,1
532359,0
532360,0
532361,1
532362,1
532363,1
532364,0
532365,1
532366,1
532367,1
532368,1
532369,1
532370,1
532371,0
532372,0
532373,1
532374,0
532375,1
532376,0
532377,1
532378,1
532379,1
532380,1
532381,1
532382,0
532383,1
532384,0
532385,0
532386,1
532387,0
532388,1
532389,0
532390,0
532391,0
532392,1
532393,1
532394,1
532395,1
532396,0
532397,0
532398,0
532399,0
532400,1
532401,1
532402,1
532403,1
532404,1
532405,1
532406,0
532407,1
532408,0
532409,0
532410,1
532411,0
532412,1
532413,1
532414,1
532415,1
532416,1
532417,1
532418,1
532419,1
532420,1
532421,1
532422,0
532423,1
532424,1
532425,1
532426,1
532427,1
532428,1
532429,1
532430,0
532431,0
532432,1
532433,1
532434,1
532435,0
532436,1
532437,1
532438,0
532439,0
532440,1
532441,1
532442,1
532443,1
532444,1
532445,0
532446,1
532447,1
532448,1
532449,0
532450,1
532451,1
532452,1
532453,1
532454,1
532455,1
532456,1
532457,1
532458,0
532459,0
532460,1
532461,1
532462,1
532463,1
532464,1
532465,0
532466,0
532467,1
532468,1
532469,1
532470,1
532471,1
532472,0
532473,1
532474,1
532475,1
532476,0
532477,0
532478,1
532479,1
532480,0
532481,1
532482,1
532483,1
532484,0
532485,1
532486,0
532487,1
532488,1
532489,1
532490,1
532491,1
532492,0
532493,1
532494,1
532495,0
532496,1
532497,1
532498,1
532499,1
532500,1
532501,1
532502,0
532503,1
532504,1
532505,1
532506,1
532507,1
532508,1
532509,0
532510,0
532511,1
532512,0
532513,1
532514,0
532515,1
532516,0
532517,0
532518,0
532519,1
532520,1
532521,1
532522,0
532523,0
532524,1
532525,1
532526,0
532527,0
532528,1
532529,1
532530,1
532531,1
532532,1
532533,0
532534,0
532535,1
532536,1
532537,0
532538,1
532539,0
532540,1
532541,0
532542,1
532543,1
532544,1
532545,1
532546,1
532547,1
532548,1
532549,1
532550,1
532551,0
532552,1
532553,1
532554,1
532555,1
532556,1
532557,1
532558,1
532559,1
532560,0
532561,1
532562,1
532563,1
532564,1
532565,1
532566,1
532567,0
532568,1
532569,1
532570,0
532571,1
532572,1
532573,0
532574,1
532575,1
532576,1
532577,0
532578,1
532579,0
532580,0
532581,1
532582,1
532583,0
532584,1
532585,1
532586,1
532587,1
532588,1
532589,0
532590,0
532591,0
532592,0
532593,1
532594,1
532595,1
532596,1
532597,1
532598,0
532599,0
532600,0
532601,1
532602,1
532603,1
532604,1
532605,1
532606,1
532607,1
532608,1
532609,1
532610,1
532611,1
532612,1
532613,1
532614,1
532615,1
532616,1
532617,0
532618,1
532619,1
532620,1
532621,1
532622,0
532623,1
532624,0
532625,1
532626,1
532627,1
532628,1
532629,1
532630,1
532631,1
532632,1
532633,1
532634,1
532635,1
532636,1
532637,0
532638,1
532639,1
532640,1
532641,1
532642,1
532643,1
532644,1
532645,1
532646,1
532647,0
532648,1
532649,0
532650,0
532651,1
532652,0
532653,0
532654,0
532655,1
532656,0
532657,1
532658,1
532659,1
532660,1
532661,1
532662,1
532663,1
532664,1
532665,1
532666,1
532667,0
532668,0
532669,1
532670,1
532671,1
532672,1
532673,1
532674,1
532675,1
532676,1
532677,1
532678,0
532679,1
532680,1
532681,0
532682,1
532683,1
532684,1
532685,1
532686,1
532687,0
532688,1
532689,0
532690,1
532691,0
532692,1
532693,1
532694,1
532695,1
532696,1
532697,1
532698,1
532699,1
532700,1
532701,0
532702,1
532703,0
532704,0
532705,0
532706,1
532707,1
532708,0
532709,0
532710,0
532711,0
532712,0
532713,0
532714,1
532715,0
532716,1
532717,0
532718,1
532719,0
532720,0
532721,0
532722,1
532723,0
532724,1
532725,1
532726,1
532727,0
532728,0
532729,1
532730,1
532731,0
532732,1
532733,0
532734,1
532735,0
532736,1
532737,1
532738,1
532739,1
532740,1
532741,0
532742,1
532743,0
532744,0
532745,0
532746,1
532747,1
532748,0
532749,1
532750,0
532751,1
532752,0
532753,0
532754,0
532755,0
532756,1
532757,0
532758,0
532759,1
532760,0
532761,1
532762,0
532763,0
532764,0
532765,1
532766,1
532767,1
532768,1
532769,1
532770,1
532771,0
532772,1
532773,1
532774,1
532775,1
532776,1
532777,0
532778,0
532779,1
532780,0
532781,1
532782,1
532783,0
532784,0
532785,1
532786,0
532787,1
532788,1
532789,1
532790,0
532791,0
532792,0
532793,1
532794,0
532795,1
532796,0
532797,0
532798,0
532799,0
532800,0
532801,0
532802,1
532803,1
532804,0
532805,0
532806,1
532807,0
532808,1
532809,1
532810,1
532811,0
532812,0
532813,1
532814,1
532815,0
532816,1
532817,0
532818,1
532819,0
532820,1
532821,1
532822,1
532823,0
532824,0
532825,1
532826,0
532827,0
532828,0
532829,1
532830,0
532831,0
532832,0
532833,1
532834,1
532835,1
532836,0
532837,1
532838,0
532839,0
532840,1
532841,1
532842,1
532843,1
532844,1
532845,0
532846,1
532847,0
532848,0
532849,1
532850,1
532851,0
532852,0
532853,0
532854,0
532855,0
532856,0
532857,1
532858,0
532859,1
532860,0
532861,1
532862,1
532863,0
532864,1
532865,1
532866,0
532867,0
532868,1
532869,0
532870,0
532871,1
532872,0
532873,1
532874,0
532875,1
532876,1
532877,0
532878,0
532879,1
532880,0
532881,1
532882,1
532883,1
532884,1
532885,1
532886,0
532887,1
532888,0
532889,1
532890,0
532891,0
532892,0
532893,1
532894,1
532895,0
532896,1
532897,0
532898,1
532899,1
532900,1
532901,1
532902,1
532903,0
532904,1
532905,0
532906,0
532907,1
532908,0
532909,0
532910,1
532911,1
532912,1
532913,1
532914,1
532915,0
532916,0
532917,1
532918,1
532919,1
532920,0
532921,1
532922,1
532923,0
532924,0
532925,0
532926,1
532927,0
532928,0
532929,1
532930,0
532931,0
532932,1
532933,1
532934,0
532935,0
532936,1
532937,1
532938,1
532939,0
532940,1
532941,1
532942,1
532943,1
532944,1
532945,0
532946,0
532947,1
532948,1
532949,1
532950,0
532951,1
532952,0
532953,0
532954,1
532955,1
532956,0
532957,1
532958,0
532959,1
532960,1
532961,0
532962,1
532963,1
532964,0
532965,0
532966,0
532967,0
532968,0
532969,1
532970,0
532971,0
532972,1
532973,1
532974,1
532975,1
532976,1
532977,1
532978,0
532979,1
532980,1
532981,1
532982,0
532983,1
532984,1
532985,1
532986,1
532987,1
532988,1
532989,1
532990,1
532991,0
532992,1
532993,1
532994,1
532995,1
532996,0
532997,0
532998,1
532999,1
533000,1
533001,0
533002,1
533003,1
533004,1
533005,0
533006,1
533007,1
533008,1
533009,1
533010,1
533011,1
533012,1
533013,1
533014,1
533015,1
533016,1
533017,1
533018,1
533019,1
533020,1
533021,1
533022,1
533023,1
533024,1
533025,1
533026,0
533027,1
533028,0
533029,1
533030,1
533031,1
533032,1
533033,0
533034,0
533035,1
533036,1
533037,0
533038,1
533039,0
533040,1
533041,1
533042,1
533043,0
533044,1
533045,1
533046,1
533047,0
533048,1
533049,1
533050,0
533051,1
533052,1
533053,0
533054,0
533055,1
533056,1
533057,1
533058,0
533059,1
533060,1
533061,1
533062,1
533063,1
533064,0
533065,1
533066,1
533067,1
533068,1
533069,0
533070,1
533071,0
533072,1
533073,0
533074,1
533075,0
533076,1
533077,1
533078,0
533079,1
533080,1
533081,1
533082,1
533083,1
533084,1
533085,1
533086,1
533087,1
533088,0
533089,0
533090,1
533091,1
533092,1
533093,1
533094,1
533095,1
533096,1
533097,1
533098,1
533099,1
533100,1
533101,1
533102,1
533103,1
533104,1
533105,0
533106,1
533107,1
533108,1
533109,1
533110,1
533111,1
533112,1
533113,1
533114,1
533115,1
533116,1
533117,1
533118,1
533119,1
533120,1
533121,1
533122,0
533123,0
533124,1
533125,0
533126,1
533127,1
533128,1
533129,1
533130,1
533131,1
533132,1
533133,1
533134,1
533135,1
533136,1
533137,0
533138,0
533139,1
533140,1
533141,1
533142,1
533143,1
533144,0
533145,1
533146,1
533147,1
533148,1
533149,1
533150,1
533151,1
533152,1
533153,0
533154,1
533155,1
533156,1
533157,1
533158,1
533159,1
533160,1
533161,1
533162,1
533163,1
533164,0
533165,1
533166,1
533167,1
533168,1
533169,1
533170,1
533171,1
533172,1
533173,1
533174,1
533175,1
533176,1
533177,0
533178,1
533179,0
533180,1
533181,1
533182,1
533183,1
533184,1
533185,1
533186,1
533187,1
533188,1
533189,1
533190,1
533191,1
533192,0
533193,1
533194,1
533195,1
533196,1
533197,1
533198,1
533199,1
533200,1
533201,1
533202,1
533203,0
533204,0
533205,1
533206,1
533207,1
533208,1
533209,1
533210,0
533211,1
533212,1
533213,1
533214,0
533215,1
533216,1
533217,1
533218,1
533219,1
533220,1
533221,1
533222,1
533223,0
533224,1
533225,1
533226,1
533227,1
533228,0
533229,0
533230,0
533231,1
533232,0
533233,0
533234,1
533235,1
533236,1
533237,1
533238,1
533239,1
533240,0
533241,0
533242,1
533243,0
533244,1
533245,1
533246,1
533247,1
533248,1
533249,1
533250,1
533251,1
533252,1
533253,1
533254,1
533255,0
533256,1
533257,0
533258,1
533259,1
533260,1
533261,1
533262,0
533263,0
533264,0
533265,1
533266,0
533267,0
533268,1
533269,0
533270,1
533271,1
533272,1
533273,1
533274,0
533275,1
533276,1
533277,0
533278,1
533279,0
533280,1
533281,0
533282,0
533283,0
533284,1
533285,0
533286,1
533287,1
533288,1
533289,1
533290,0
533291,1
533292,1
533293,1
533294,1
533295,1
533296,1
533297,0
533298,1
533299,1
533300,1
533301,1
533302,0
533303,1
533304,0
533305,1
533306,0
533307,1
533308,0
533309,0
533310,1
533311,0
533312,0
533313,1
533314,1
533315,1
533316,0
533317,1
533318,0
533319,1
533320,0
533321,1
533322,1
533323,1
533324,0
533325,1
533326,1
533327,0
533328,1
533329,1
533330,1
533331,1
533332,0
533333,1
533334,0
533335,1
533336,1
533337,0
533338,1
533339,1
533340,1
533341,0
533342,1
533343,1
533344,0
533345,0
533346,0
533347,1
533348,1
533349,0
533350,0
533351,1
533352,1
533353,1
533354,1
533355,0
533356,1
533357,1
533358,1
533359,0
533360,1
533361,1
533362,1
533363,1
533364,1
533365,0
533366,1
533367,1
533368,1
533369,0
533370,1
533371,1
533372,0
533373,0
533374,1
533375,1
533376,1
533377,1
533378,1
533379,1
533380,1
533381,1
533382,0
533383,1
533384,1
533385,1
533386,1
533387,1
533388,1
533389,1
533390,1
533391,1
533392,0
533393,0
533394,0
533395,1
533396,1
533397,1
533398,1
533399,1
533400,0
533401,1
533402,1
533403,1
533404,1
533405,1
533406,1
533407,0
533408,1
533409,0
533410,1
533411,0
533412,0
533413,1
533414,1
533415,0
533416,1
533417,1
533418,1
533419,1
533420,1
533421,0
533422,0
533423,0
533424,1
533425,1
533426,1
533427,1
533428,1
533429,1
533430,0
533431,0
533432,0
533433,1
533434,1
533435,1
533436,1
533437,0
533438,1
533439,1
533440,1
533441,0
533442,0
533443,1
533444,0
533445,1
533446,1
533447,1
533448,1
533449,0
533450,1
533451,0
533452,1
533453,1
533454,1
533455,1
533456,0
533457,0
533458,1
533459,0
533460,1
533461,0
533462,1
533463,1
533464,1
533465,1
533466,1
533467,1
533468,1
533469,0
533470,1
533471,1
533472,1
533473,1
533474,1
533475,1
533476,1
533477,0
533478,1
533479,0
533480,1
533481,0
533482,0
533483,1
533484,1
533485,1
533486,0
533487,1
533488,0
533489,1
533490,1
533491,1
533492,1
533493,1
533494,1
533495,1
533496,1
533497,0
533498,0
533499,0
533500,0
533501,0
533502,1
533503,1
533504,1
533505,1
533506,1
533507,0
533508,0
533509,1
533510,1
533511,0
533512,1
533513,0
533514,1
533515,1
533516,1
533517,1
533518,0
533519,0
533520,1
533521,0
533522,1
533523,1
533524,0
533525,0
533526,1
533527,0
533528,1
533529,0
533530,1
533531,0
533532,0
533533,0
533534,1
533535,0
533536,0
533537,1
533538,1
533539,1
533540,1
533541,1
533542,0
533543,0
533544,1
533545,1
533546,1
533547,0
533548,0
533549,1
533550,1
533551,1
533552,0
533553,0
533554,1
533555,0
533556,1
533557,0
533558,1
533559,0
533560,1
533561,1
533562,1
533563,0
533564,1
533565,1
533566,1
533567,0
533568,1
533569,1
533570,0
533571,1
533572,1
533573,1
533574,0
533575,0
533576,0
533577,1
533578,1
533579,1
533580,1
533581,1
533582,0
533583,1
533584,1
533585,1
533586,0
533587,1
533588,1
533589,1
533590,1
533591,0
533592,1
533593,1
533594,1
533595,0
533596,1
533597,0
533598,0
533599,1
533600,1
533601,1
533602,0
533603,0
533604,0
533605,1
533606,1
533607,1
533608,1
533609,0
533610,1
533611,0
533612,0
533613,1
533614,0
533615,1
533616,1
533617,1
533618,0
533619,0
533620,1
533621,1
533622,0
533623,1
533624,1
533625,1
533626,0
533627,0
533628,1
533629,0
533630,1
533631,1
533632,1
533633,1
533634,0
533635,0
533636,1
533637,1
533638,0
533639,0
533640,1
533641,1
533642,1
533643,0
533644,1
533645,1
533646,0
533647,1
533648,1
533649,1
533650,0
533651,1
533652,1
533653,1
533654,0
533655,1
533656,1
533657,0
533658,1
533659,0
533660,0
533661,1
533662,1
533663,1
533664,1
533665,1
533666,1
533667,0
533668,1
533669,0
533670,0
533671,1
533672,1
533673,1
533674,0
533675,0
533676,0
533677,1
533678,1
533679,0
533680,1
533681,0
533682,1
533683,0
533684,0
533685,0
533686,1
533687,1
533688,0
533689,0
533690,1
533691,0
533692,0
533693,0
533694,1
533695,1
533696,1
533697,1
533698,1
533699,0
533700,0
533701,0
533702,1
533703,1
533704,1
533705,1
533706,1
533707,1
533708,1
533709,0
533710,1
533711,1
533712,1
533713,0
533714,0
533715,1
533716,1
533717,1
533718,0
533719,1
533720,1
533721,0
533722,0
533723,1
533724,1
533725,0
533726,0
533727,1
533728,0
533729,1
533730,1
533731,1
533732,1
533733,1
533734,1
533735,0
533736,0
533737,1
533738,0
533739,0
533740,1
533741,1
533742,0
533743,1
533744,0
533745,1
533746,1
533747,1
533748,1
533749,0
533750,0
533751,0
533752,1
533753,1
533754,1
533755,0
533756,1
533757,0
533758,1
533759,1
533760,1
533761,0
533762,1
533763,1
533764,1
533765,1
533766,1
533767,1
533768,1
533769,1
533770,1
533771,0
533772,1
533773,1
533774,1
533775,0
533776,0
533777,0
533778,1
533779,1
533780,1
533781,1
533782,1
533783,1
533784,0
533785,1
533786,1
533787,1
533788,1
533789,0
533790,1
533791,1
533792,1
533793,1
533794,0
533795,0
533796,1
533797,1
533798,1
533799,1
533800,0
533801,0
533802,1
533803,0
533804,1
533805,1
533806,1
533807,1
533808,0
533809,0
533810,1
533811,0
533812,1
533813,0
533814,1
533815,1
533816,1
533817,0
533818,0
533819,0
533820,1
533821,0
533822,1
533823,0
533824,0
533825,1
533826,1
533827,1
533828,0
533829,0
533830,1
533831,0
533832,1
533833,1
533834,1
533835,0
533836,1
533837,1
533838,1
533839,0
533840,0
533841,1
533842,1
533843,0
533844,0
533845,1
533846,1
533847,1
533848,1
533849,0
533850,0
533851,0
533852,0
533853,1
533854,1
533855,1
533856,1
533857,1
533858,0
533859,0
533860,0
533861,1
533862,0
533863,0
533864,1
533865,1
533866,0
533867,0
533868,1
533869,0
533870,1
533871,1
533872,1
533873,1
533874,1
533875,1
533876,1
533877,1
533878,0
533879,1
533880,0
533881,0
533882,0
533883,1
533884,1
533885,1
533886,0
533887,1
533888,0
533889,0
533890,1
533891,0
533892,1
533893,1
533894,1
533895,0
533896,0
533897,0
533898,1
533899,0
533900,1
533901,1
533902,0
533903,0
533904,0
533905,0
533906,1
533907,0
533908,0
533909,1
533910,0
533911,1
533912,0
533913,0
533914,1
533915,0
533916,1
533917,1
533918,1
533919,0
533920,0
533921,1
533922,1
533923,1
533924,1
533925,0
533926,1
533927,1
533928,1
533929,1
533930,1
533931,1
533932,1
533933,1
533934,1
533935,1
533936,1
533937,1
533938,1
533939,1
533940,1
533941,1
533942,0
533943,1
533944,0
533945,1
533946,0
533947,0
533948,0
533949,1
533950,1
533951,1
533952,0
533953,1
533954,0
533955,0
533956,0
533957,1
533958,1
533959,0
533960,1
533961,0
533962,0
533963,0
533964,1
533965,0
533966,1
533967,1
533968,1
533969,1
533970,1
533971,1
533972,0
533973,1
533974,0
533975,1
533976,0
533977,0
533978,1
533979,1
533980,1
533981,1
533982,1
533983,0
533984,1
533985,0
533986,0
533987,1
533988,0
533989,1
533990,0
533991,1
533992,1
533993,1
533994,0
533995,0
533996,0
533997,1
533998,0
533999,1
534000,1
534001,1
534002,1
534003,0
534004,1
534005,0
534006,1
534007,1
534008,0
534009,1
534010,0
534011,0
534012,1
534013,0
534014,1
534015,1
534016,0
534017,1
534018,1
534019,1
534020,1
534021,1
534022,1
534023,0
534024,1
534025,1
534026,1
534027,1
534028,0
534029,0
534030,1
534031,0
534032,0
534033,0
534034,0
534035,0
534036,0
534037,1
534038,0
534039,0
534040,0
534041,1
534042,0
534043,1
534044,1
534045,1
534046,1
534047,1
534048,1
534049,1
534050,1
534051,0
534052,0
534053,1
534054,0
534055,1
534056,1
534057,1
534058,0
534059,1
534060,0
534061,0
534062,1
534063,1
534064,1
534065,1
534066,1
534067,0
534068,1
534069,1
534070,1
534071,1
534072,0
534073,0
534074,1
534075,1
534076,0
534077,0
534078,0
534079,0
534080,1
534081,0
534082,0
534083,1
534084,1
534085,0
534086,0
534087,1
534088,0
534089,0
534090,1
534091,1
534092,1
534093,1
534094,1
534095,1
534096,0
534097,0
534098,0
534099,0
534100,1
534101,0
534102,0
534103,0
534104,1
534105,1
534106,0
534107,1
534108,0
534109,1
534110,1
534111,0
534112,0
534113,1
534114,0
534115,0
534116,1
534117,0
534118,1
534119,1
534120,1
534121,1
534122,0
534123,0
534124,0
534125,1
534126,1
534127,0
534128,1
534129,1
534130,0
534131,1
534132,0
534133,0
534134,0
534135,0
534136,1
534137,0
534138,0
534139,1
534140,1
534141,1
534142,1
534143,1
534144,1
534145,1
534146,1
534147,0
534148,0
534149,1
534150,1
534151,1
534152,1
534153,0
534154,1
534155,1
534156,0
534157,1
534158,0
534159,1
534160,0
534161,1
534162,0
534163,1
534164,1
534165,1
534166,1
534167,0
534168,0
534169,1
534170,0
534171,0
534172,1
534173,0
534174,0
534175,1
534176,1
534177,1
534178,1
534179,0
534180,1
534181,0
534182,1
534183,1
534184,1
534185,1
534186,0
534187,1
534188,0
534189,1
534190,1
534191,0
534192,0
534193,1
534194,1
534195,1
534196,1
534197,0
534198,1
534199,0
534200,1
534201,0
534202,1
534203,0
534204,0
534205,0
534206,1
534207,1
534208,1
534209,0
534210,1
534211,1
534212,1
534213,0
534214,0
534215,1
534216,1
534217,1
534218,0
534219,1
534220,1
534221,0
534222,0
534223,1
534224,0
534225,0
534226,1
534227,1
534228,1
534229,1
534230,1
534231,0
534232,0
534233,1
534234,0
534235,1
534236,1
534237,1
534238,1
534239,0
534240,1
534241,1
534242,0
534243,1
534244,1
534245,1
534246,1
534247,0
534248,0
534249,0
534250,1
534251,0
534252,1
534253,0
534254,1
534255,1
534256,0
534257,0
534258,0
534259,0
534260,0
534261,0
534262,1
534263,0
534264,0
534265,0
534266,1
534267,1
534268,0
534269,0
534270,1
534271,0
534272,0
534273,0
534274,0
534275,1
534276,1
534277,1
534278,1
534279,0
534280,1
534281,1
534282,0
534283,1
534284,1
534285,1
534286,0
534287,1
534288,0
534289,1
534290,0
534291,1
534292,1
534293,1
534294,1
534295,0
534296,1
534297,0
534298,1
534299,0
534300,1
534301,1
534302,0
534303,0
534304,1
534305,0
534306,1
534307,0
534308,1
534309,1
534310,0
534311,1
534312,1
534313,0
534314,0
534315,0
534316,1
534317,0
534318,1
534319,0
534320,0
534321,0
534322,1
534323,0
534324,1
534325,1
534326,0
534327,0
534328,1
534329,1
534330,1
534331,0
534332,1
534333,1
534334,1
534335,1
534336,0
534337,0
534338,1
534339,1
534340,0
534341,1
534342,1
534343,0
534344,0
534345,1
534346,1
534347,1
534348,0
534349,0
534350,0
534351,0
534352,0
534353,1
534354,0
534355,1
534356,1
534357,1
534358,0
534359,1
534360,0
534361,0
534362,1
534363,1
534364,0
534365,1
534366,0
534367,0
534368,1
534369,1
534370,1
534371,1
534372,0
534373,0
534374,0
534375,1
534376,1
534377,1
534378,1
534379,1
534380,1
534381,0
534382,1
534383,1
534384,1
534385,0
534386,1
534387,1
534388,0
534389,0
534390,0
534391,1
534392,0
534393,0
534394,1
534395,1
534396,1
534397,0
534398,0
534399,0
534400,1
534401,0
534402,1
534403,1
534404,1
534405,1
534406,0
534407,0
534408,1
534409,0
534410,1
534411,0
534412,1
534413,0
534414,1
534415,1
534416,0
534417,1
534418,1
534419,1
534420,0
534421,1
534422,0
534423,1
534424,0
534425,0
534426,1
534427,0
534428,0
534429,1
534430,0
534431,1
534432,0
534433,0
534434,0
534435,0
534436,1
534437,0
534438,1
534439,1
534440,1
534441,0
534442,1
534443,1
534444,0
534445,0
534446,0
534447,0
534448,1
534449,0
534450,1
534451,0
534452,1
534453,0
534454,1
534455,1
534456,0
534457,1
534458,0
534459,1
534460,1
534461,1
534462,0
534463,0
534464,1
534465,1
534466,1
534467,0
534468,0
534469,1
534470,1
534471,1
534472,0
534473,0
534474,1
534475,1
534476,1
534477,0
534478,0
534479,1
534480,1
534481,0
534482,1
534483,1
534484,0
534485,1
534486,1
534487,1
534488,1
534489,0
534490,1
534491,0
534492,1
534493,0
534494,0
534495,1
534496,1
534497,1
534498,0
534499,0
534500,0
534501,0
534502,1
534503,1
534504,1
534505,0
534506,0
534507,1
534508,1
534509,0
534510,0
534511,1
534512,1
534513,0
534514,0
534515,1
534516,1
534517,0
534518,0
534519,0
534520,1
534521,0
534522,0
534523,0
534524,0
534525,1
534526,0
534527,0
534528,0
534529,0
534530,1
534531,1
534532,1
534533,0
534534,1
534535,0
534536,1
534537,0
534538,0
534539,0
534540,0
534541,0
534542,1
534543,1
534544,1
534545,1
534546,1
534547,0
534548,1
534549,0
534550,1
534551,1
534552,1
534553,0
534554,0
534555,1
534556,1
534557,1
534558,0
534559,0
534560,1
534561,1
534562,1
534563,1
534564,0
534565,0
534566,1
534567,0
534568,1
534569,1
534570,1
534571,0
534572,0
534573,0
534574,1
534575,1
534576,1
534577,1
534578,1
534579,1
534580,0
534581,1
534582,1
534583,1
534584,1
534585,0
534586,1
534587,1
534588,1
534589,0
534590,1
534591,0
534592,1
534593,1
534594,1
534595,0
534596,1
534597,0
534598,1
534599,0
534600,0
534601,1
534602,1
534603,1
534604,1
534605,0
534606,1
534607,1
534608,1
534609,1
534610,0
534611,1
534612,1
534613,1
534614,1
534615,1
534616,1
534617,1
534618,1
534619,1
534620,1
534621,1
534622,0
534623,0
534624,0
534625,0
534626,0
534627,1
534628,0
534629,0
534630,0
534631,1
534632,1
534633,1
534634,0
534635,1
534636,1
534637,1
534638,0
534639,1
534640,1
534641,1
534642,0
534643,1
534644,0
534645,1
534646,1
534647,1
534648,0
534649,1
534650,0
534651,1
534652,1
534653,1
534654,1
534655,0
534656,1
534657,1
534658,0
534659,1
534660,1
534661,1
534662,1
534663,1
534664,1
534665,1
534666,1
534667,1
534668,0
534669,1
534670,0
534671,0
534672,1
534673,0
534674,1
534675,1
534676,0
534677,0
534678,1
534679,1
534680,1
534681,1
534682,1
534683,1
534684,1
534685,0
534686,1
534687,0
534688,1
534689,1
534690,0
534691,0
534692,1
534693,0
534694,1
534695,1
534696,1
534697,1
534698,1
534699,1
534700,1
534701,0
534702,1
534703,1
534704,1
534705,1
534706,1
534707,1
534708,1
534709,1
534710,1
534711,1
534712,1
534713,0
534714,1
534715,0
534716,1
534717,0
534718,1
534719,0
534720,0
534721,1
534722,0
534723,0
534724,1
534725,0
534726,1
534727,1
534728,1
534729,1
534730,1
534731,1
534732,0
534733,0
534734,0
534735,0
534736,1
534737,1
534738,1
534739,0
534740,1
534741,1
534742,0
534743,0
534744,1
534745,1
534746,1
534747,1
534748,0
534749,1
534750,1
534751,1
534752,0
534753,1
534754,1
534755,0
534756,1
534757,1
534758,1
534759,0
534760,0
534761,1
534762,1
534763,1
534764,1
534765,1
534766,1
534767,1
534768,1
534769,1
534770,1
534771,1
534772,1
534773,1
534774,1
534775,1
534776,0
534777,1
534778,1
534779,0
534780,1
534781,0
534782,1
534783,1
534784,0
534785,1
534786,1
534787,1
534788,0
534789,1
534790,1
534791,1
534792,1
534793,1
534794,0
534795,1
534796,1
534797,0
534798,1
534799,0
534800,0
534801,1
534802,1
534803,0
534804,1
534805,1
534806,0
534807,0
534808,1
534809,1
534810,1
534811,0
534812,1
534813,0
534814,1
534815,1
534816,1
534817,1
534818,1
534819,0
534820,1
534821,1
534822,1
534823,1
534824,0
534825,1
534826,0
534827,1
534828,0
534829,1
534830,1
534831,0
534832,1
534833,1
534834,1
534835,1
534836,0
534837,0
534838,1
534839,0
534840,0
534841,1
534842,1
534843,1
534844,1
534845,1
534846,1
534847,1
534848,1
534849,1
534850,0
534851,0
534852,1
534853,0
534854,0
534855,1
534856,1
534857,1
534858,0
534859,0
534860,0
534861,0
534862,1
534863,1
534864,1
534865,1
534866,1
534867,0
534868,1
534869,0
534870,0
534871,1
534872,1
534873,0
534874,1
534875,1
534876,0
534877,0
534878,0
534879,1
534880,1
534881,1
534882,0
534883,1
534884,0
534885,1
534886,1
534887,0
534888,1
534889,0
534890,1
534891,0
534892,0
534893,0
534894,1
534895,0
534896,0
534897,1
534898,1
534899,1
534900,0
534901,1
534902,1
534903,0
534904,1
534905,1
534906,0
534907,0
534908,1
534909,0
534910,1
534911,1
534912,0
534913,1
534914,1
534915,0
534916,0
534917,1
534918,1
534919,1
534920,0
534921,0
534922,0
534923,1
534924,1
534925,1
534926,1
534927,0
534928,0
534929,0
534930,1
534931,1
534932,0
534933,1
534934,1
534935,1
534936,0
534937,0
534938,1
534939,1
534940,0
534941,0
534942,1
534943,1
534944,0
534945,1
534946,0
534947,0
534948,0
534949,1
534950,0
534951,1
534952,1
534953,0
534954,0
534955,1
534956,1
534957,1
534958,1
534959,1
534960,1
534961,0
534962,1
534963,1
534964,0
534965,0
534966,1
534967,1
534968,1
534969,1
534970,1
534971,0
534972,0
534973,1
534974,1
534975,0
534976,1
534977,0
534978,1
534979,0
534980,1
534981,1
534982,0
534983,1
534984,1
534985,0
534986,1
534987,0
534988,1
534989,1
534990,0
534991,1
534992,1
534993,1
534994,0
534995,1
534996,1
534997,0
534998,1
534999,1
535000,1
535001,1
535002,1
535003,1
535004,0
535005,1
535006,0
535007,0
535008,0
535009,0
535010,1
535011,1
535012,1
535013,0
535014,1
535015,0
535016,1
535017,0
535018,0
535019,0
535020,1
535021,0
535022,0
535023,1
535024,1
535025,1
535026,0
535027,0
535028,1
535029,0
535030,1
535031,0
535032,0
535033,0
535034,1
535035,0
535036,0
535037,1
535038,1
535039,0
535040,0
535041,0
535042,1
535043,1
535044,0
535045,1
535046,0
535047,1
535048,0
535049,1
535050,1
535051,1
535052,1
535053,1
535054,0
535055,0
535056,0
535057,0
535058,0
535059,1
535060,0
535061,1
535062,1
535063,1
535064,1
535065,0
535066,0
535067,1
535068,0
535069,0
535070,1
535071,1
535072,1
535073,0
535074,0
535075,0
535076,0
535077,1
535078,0
535079,1
535080,0
535081,1
535082,1
535083,1
535084,1
535085,1
535086,1
535087,1
535088,1
535089,1
535090,1
535091,0
535092,1
535093,0
535094,1
535095,0
535096,1
535097,1
535098,0
535099,1
535100,0
535101,0
535102,0
535103,1
535104,1
535105,1
535106,0
535107,0
535108,0
535109,1
535110,1
535111,1
535112,0
535113,0
535114,0
535115,0
535116,0
535117,1
535118,0
535119,0
535120,1
535121,0
535122,1
535123,1
535124,1
535125,1
535126,1
535127,0
535128,1
535129,0
535130,1
535131,1
535132,1
535133,1
535134,0
535135,1
535136,1
535137,1
535138,1
535139,1
535140,1
535141,1
535142,0
535143,0
535144,1
535145,0
535146,0
535147,0
535148,1
535149,0
535150,1
535151,0
535152,1
535153,0
535154,1
535155,1
535156,1
535157,0
535158,1
535159,1
535160,1
535161,0
535162,0
535163,1
535164,1
535165,1
535166,1
535167,0
535168,1
535169,0
535170,1
535171,1
535172,0
535173,1
535174,0
535175,1
535176,0
535177,0
535178,0
535179,1
535180,0
535181,0
535182,1
535183,1
535184,0
535185,1
535186,1
535187,1
535188,1
535189,1
535190,0
535191,0
535192,0
535193,1
535194,1
535195,1
535196,1
535197,1
535198,1
535199,1
535200,1
535201,1
535202,1
535203,1
535204,0
535205,1
535206,0
535207,1
535208,1
535209,0
535210,1
535211,1
535212,1
535213,1
535214,1
535215,0
535216,1
535217,0
535218,1
535219,1
535220,0
535221,1
535222,1
535223,1
535224,1
535225,0
535226,1
535227,1
535228,0
535229,1
535230,1
535231,1
535232,1
535233,0
535234,1
535235,1
535236,1
535237,1
535238,0
535239,1
535240,1
535241,1
535242,1
535243,1
535244,1
535245,1
535246,1
535247,1
535248,1
535249,1
535250,1
535251,1
535252,0
535253,1
535254,1
535255,1
535256,1
535257,1
535258,1
535259,1
535260,1
535261,1
535262,0
535263,1
535264,0
535265,0
535266,1
535267,1
535268,1
535269,1
535270,1
535271,0
535272,1
535273,0
535274,1
535275,1
535276,1
535277,0
535278,1
535279,0
535280,1
535281,0
535282,1
535283,0
535284,1
535285,1
535286,1
535287,0
535288,0
535289,1
535290,1
535291,1
535292,0
535293,0
535294,1
535295,0
535296,1
535297,1
535298,1
535299,1
535300,1
535301,0
535302,0
535303,1
535304,0
535305,1
535306,1
535307,1
535308,1
535309,0
535310,1
535311,1
535312,0
535313,0
535314,1
535315,1
535316,0
535317,1
535318,1
535319,1
535320,1
535321,0
535322,1
535323,0
535324,1
535325,1
535326,1
535327,1
535328,0
535329,1
535330,1
535331,0
535332,0
535333,0
535334,1
535335,1
535336,1
535337,1
535338,1
535339,1
535340,1
535341,1
535342,0
535343,1
535344,1
535345,0
535346,0
535347,1
535348,1
535349,1
535350,0
535351,0
535352,1
535353,0
535354,1
535355,0
535356,1
535357,1
535358,1
535359,1
535360,1
535361,0
535362,1
535363,1
535364,1
535365,1
535366,1
535367,1
535368,1
535369,0
535370,0
535371,0
535372,0
535373,0
535374,1
535375,1
535376,1
535377,1
535378,1
535379,0
535380,0
535381,1
535382,0
535383,1
535384,1
535385,0
535386,1
535387,1
535388,1
535389,1
535390,0
535391,0
535392,1
535393,1
535394,1
535395,1
535396,0
535397,0
535398,1
535399,1
535400,1
535401,1
535402,1
535403,1
535404,0
535405,1
535406,0
535407,0
535408,1
535409,0
535410,0
535411,1
535412,1
535413,1
535414,0
535415,1
535416,0
535417,1
535418,1
535419,0
535420,1
535421,0
535422,1
535423,1
535424,0
535425,0
535426,1
535427,1
535428,1
535429,0
535430,0
535431,0
535432,1
535433,1
535434,1
535435,0
535436,0
535437,1
535438,1
535439,1
535440,1
535441,0
535442,0
535443,0
535444,0
535445,0
535446,0
535447,0
535448,1
535449,0
535450,1
535451,0
535452,1
535453,1
535454,1
535455,0
535456,1
535457,0
535458,0
535459,1
535460,1
535461,1
535462,0
535463,1
535464,1
535465,0
535466,1
535467,1
535468,1
535469,1
535470,1
535471,1
535472,0
535473,0
535474,1
535475,1
535476,1
535477,0
535478,1
535479,0
535480,0
535481,0
535482,1
535483,0
535484,0
535485,1
535486,0
535487,1
535488,0
535489,1
535490,0
535491,1
535492,1
535493,0
535494,0
535495,1
535496,0
535497,0
535498,0
535499,1
535500,1
535501,1
535502,1
535503,1
535504,0
535505,1
535506,1
535507,1
535508,1
535509,0
535510,1
535511,0
535512,1
535513,0
535514,0
535515,1
535516,0
535517,1
535518,1
535519,0
535520,1
535521,1
535522,1
535523,1
535524,1
535525,1
535526,1
535527,0
535528,1
535529,1
535530,0
535531,1
535532,0
535533,1
535534,1
535535,0
535536,0
535537,1
535538,0
535539,1
535540,0
535541,1
535542,0
535543,1
535544,0
535545,0
535546,1
535547,1
535548,1
535549,0
535550,1
535551,1
535552,0
535553,1
535554,1
535555,0
535556,1
535557,0
535558,1
535559,1
535560,0
535561,0
535562,0
535563,1
535564,1
535565,1
535566,1
535567,0
535568,0
535569,0
535570,1
535571,1
535572,0
535573,0
535574,0
535575,0
535576,0
535577,0
535578,0
535579,0
535580,0
535581,0
535582,1
535583,1
535584,1
535585,1
535586,1
535587,1
535588,1
535589,0
535590,1
535591,1
535592,1
535593,1
535594,0
535595,1
535596,1
535597,0
535598,1
535599,1
535600,0
535601,1
535602,0
535603,1
535604,1
535605,0
535606,1
535607,0
535608,0
535609,0
535610,1
535611,1
535612,0
535613,1
535614,1
535615,1
535616,0
535617,0
535618,1
535619,1
535620,1
535621,1
535622,1
535623,0
535624,1
535625,1
535626,0
535627,0
535628,1
535629,1
535630,1
535631,0
535632,0
535633,1
535634,1
535635,1
535636,1
535637,0
535638,1
535639,1
535640,1
535641,1
535642,1
535643,1
535644,1
535645,1
535646,0
535647,1
535648,1
535649,1
535650,0
535651,0
535652,1
535653,1
535654,1
535655,1
535656,1
535657,1
535658,1
535659,1
535660,1
535661,1
535662,1
535663,0
535664,0
535665,1
535666,0
535667,0
535668,0
535669,0
535670,0
535671,1
535672,1
535673,0
535674,1
535675,0
535676,0
535677,1
535678,0
535679,0
535680,0
535681,0
535682,1
535683,1
535684,0
535685,1
535686,0
535687,1
535688,0
535689,0
535690,0
535691,1
535692,1
535693,1
535694,0
535695,0
535696,1
535697,0
535698,1
535699,1
535700,1
535701,1
535702,1
535703,0
535704,1
535705,1
535706,1
535707,1
535708,1
535709,1
535710,0
535711,1
535712,0
535713,0
535714,0
535715,0
535716,0
535717,1
535718,1
535719,1
535720,1
535721,1
535722,1
535723,1
535724,1
535725,0
535726,0
535727,0
535728,1
535729,0
535730,1
535731,1
535732,1
535733,0
535734,1
535735,0
535736,1
535737,1
535738,1
535739,1
535740,1
535741,1
535742,1
535743,1
535744,1
535745,1
535746,1
535747,1
535748,0
535749,1
535750,1
535751,1
535752,1
535753,1
535754,1
535755,1
535756,1
535757,0
535758,0
535759,1
535760,0
535761,1
535762,0
535763,1
535764,1
535765,1
535766,1
535767,1
535768,1
535769,1
535770,1
535771,1
535772,1
535773,1
535774,0
535775,0
535776,0
535777,0
535778,0
535779,1
535780,1
535781,1
535782,1
535783,1
535784,1
535785,1
535786,1
535787,0
535788,1
535789,1
535790,0
535791,1
535792,1
535793,1
535794,1
535795,1
535796,1
535797,1
535798,0
535799,1
535800,1
535801,1
535802,0
535803,1
535804,0
535805,1
535806,1
535807,1
535808,1
535809,0
535810,1
535811,0
535812,1
535813,1
535814,1
535815,1
535816,0
535817,1
535818,0
535819,0
535820,0
535821,1
535822,1
535823,0
535824,1
535825,1
535826,1
535827,1
535828,1
535829,0
535830,0
535831,1
535832,0
535833,1
535834,1
535835,0
535836,1
535837,1
535838,1
535839,0
535840,1
535841,0
535842,1
535843,1
535844,1
535845,0
535846,1
535847,0
535848,0
535849,1
535850,1
535851,1
535852,1
535853,1
535854,1
535855,0
535856,1
535857,1
535858,1
535859,1
535860,1
535861,1
535862,1
535863,1
535864,1
535865,1
535866,1
535867,0
535868,0
535869,0
535870,0
535871,1
535872,1
535873,1
535874,1
535875,1
535876,1
535877,0
535878,0
535879,0
535880,1
535881,1
535882,1
535883,1
535884,1
535885,1
535886,0
535887,1
535888,1
535889,0
535890,1
535891,1
535892,0
535893,1
535894,1
535895,0
535896,0
535897,0
535898,1
535899,1
535900,0
535901,0
535902,0
535903,0
535904,0
535905,0
535906,1
535907,0
535908,1
535909,0
535910,0
535911,0
535912,0
535913,0
535914,1
535915,0
535916,1
535917,0
535918,1
535919,0
535920,0
535921,1
535922,1
535923,0
535924,1
535925,0
535926,1
535927,0
535928,0
535929,1
535930,0
535931,1
535932,1
535933,0
535934,0
535935,0
535936,1
535937,0
535938,1
535939,1
535940,0
535941,1
535942,0
535943,0
535944,0
535945,1
535946,0
535947,0
535948,1
535949,0
535950,0
535951,1
535952,1
535953,1
535954,0
535955,0
535956,0
535957,0
535958,0
535959,1
535960,1
535961,1
535962,0
535963,1
535964,0
535965,0
535966,1
535967,0
535968,1
535969,0
535970,1
535971,1
535972,0
535973,1
535974,1
535975,0
535976,1
535977,1
535978,0
535979,0
535980,1
535981,1
535982,1
535983,0
535984,0
535985,1
535986,1
535987,0
535988,0
535989,1
535990,1
535991,0
535992,0
535993,0
535994,1
535995,1
535996,0
535997,1
535998,1
535999,0
536000,1
536001,1
536002,1
536003,0
536004,0
536005,1
536006,1
536007,0
536008,1
536009,1
536010,1
536011,0
536012,1
536013,0
536014,1
536015,1
536016,0
536017,1
536018,0
536019,0
536020,1
536021,1
536022,0
536023,1
536024,1
536025,0
536026,1
536027,0
536028,0
536029,1
536030,0
536031,0
536032,1
536033,0
536034,1
536035,1
536036,0
536037,0
536038,0
536039,0
536040,0
536041,0
536042,1
536043,1
536044,1
536045,0
536046,1
536047,1
536048,1
536049,0
536050,1
536051,1
536052,1
536053,0
536054,1
536055,0
536056,0
536057,1
536058,0
536059,0
536060,0
536061,0
536062,0
536063,1
536064,0
536065,1
536066,1
536067,1
536068,0
536069,0
536070,0
536071,1
536072,1
536073,0
536074,1
536075,0
536076,0
536077,1
536078,0
536079,0
536080,0
536081,1
536082,0
536083,1
536084,1
536085,1
536086,1
536087,0
536088,1
536089,0
536090,1
536091,1
536092,1
536093,1
536094,0
536095,1
536096,1
536097,0
536098,1
536099,0
536100,0
536101,1
536102,1
536103,1
536104,1
536105,1
536106,0
536107,0
536108,0
536109,1
536110,0
536111,1
536112,0
536113,0
536114,1
536115,0
536116,0
536117,0
536118,0
536119,0
536120,1
536121,0
536122,1
536123,0
536124,0
536125,1
536126,0
536127,0
536128,1
536129,1
536130,0
536131,1
536132,1
536133,1
536134,1
536135,1
536136,1
536137,0
536138,0
536139,0
536140,1
536141,0
536142,1
536143,1
536144,0
536145,1
536146,0
536147,1
536148,0
536149,0
536150,1
536151,1
536152,1
536153,1
536154,1
536155,0
536156,0
536157,0
536158,1
536159,1
536160,1
536161,1
536162,0
536163,0
536164,1
536165,1
536166,0
536167,0
536168,0
536169,1
536170,0
536171,0
536172,1
536173,0
536174,0
536175,1
536176,1
536177,1
536178,0
536179,0
536180,0
536181,1
536182,0
536183,1
536184,1
536185,0
536186,1
536187,0
536188,0
536189,0
536190,1
536191,0
536192,1
536193,0
536194,0
536195,1
536196,1
536197,1
536198,1
536199,1
536200,0
536201,1
536202,1
536203,1
536204,1
536205,1
536206,0
536207,1
536208,0
536209,0
536210,1
536211,0
536212,1
536213,1
536214,0
536215,0
536216,1
536217,0
536218,1
536219,0
536220,1
536221,1
536222,0
536223,1
536224,0
536225,1
536226,0
536227,1
536228,1
536229,1
536230,1
536231,0
536232,0
536233,1
536234,1
536235,0
536236,1
536237,0
536238,1
536239,0
536240,0
536241,1
536242,0
536243,0
536244,0
536245,0
536246,1
536247,0
536248,0
536249,0
536250,1
536251,0
536252,0
536253,1
536254,0
536255,1
536256,0
536257,1
536258,1
536259,0
536260,0
536261,1
536262,1
536263,0
536264,0
536265,1
536266,1
536267,1
536268,0
536269,0
536270,1
536271,0
536272,0
536273,1
536274,1
536275,0
536276,1
536277,1
536278,1
536279,0
536280,1
536281,0
536282,0
536283,0
536284,0
536285,0
536286,0
536287,0
536288,1
536289,1
536290,0
536291,1
536292,0
536293,1
536294,1
536295,1
536296,0
536297,0
536298,1
536299,1
536300,1
536301,0
536302,0
536303,1
536304,1
536305,0
536306,1
536307,1
536308,0
536309,0
536310,0
536311,1
536312,0
536313,0
536314,0
536315,0
536316,1
536317,1
536318,0
536319,0
536320,0
536321,0
536322,0
536323,1
536324,1
536325,1
536326,0
536327,1
536328,1
536329,1
536330,0
536331,0
536332,1
536333,0
536334,0
536335,0
536336,1
536337,0
536338,0
536339,1
536340,1
536341,0
536342,1
536343,1
536344,1
536345,1
536346,0
536347,1
536348,0
536349,0
536350,0
536351,0
536352,0
536353,0
536354,1
536355,0
536356,1
536357,0
536358,0
536359,1
536360,0
536361,1
536362,0
536363,1
536364,1
536365,0
536366,0
536367,1
536368,0
536369,0
536370,1
536371,0
536372,1
536373,1
536374,1
536375,0
536376,0
536377,1
536378,1
536379,0
536380,1
536381,0
536382,1
536383,1
536384,0
536385,1
536386,1
536387,1
536388,0
536389,0
536390,0
536391,1
536392,1
536393,1
536394,1
536395,0
536396,1
536397,0
536398,1
536399,0
536400,1
536401,1
536402,0
536403,1
536404,0
536405,1
536406,1
536407,1
536408,1
536409,1
536410,1
536411,1
536412,1
536413,1
536414,1
536415,1
536416,1
536417,1
536418,1
536419,0
536420,0
536421,1
536422,0
536423,1
536424,1
536425,0
536426,0
536427,0
536428,0
536429,1
536430,0
536431,0
536432,0
536433,1
536434,1
536435,1
536436,1
536437,0
536438,0
536439,0
536440,0
536441,1
536442,1
536443,1
536444,1
536445,0
536446,0
536447,1
536448,1
536449,0
536450,1
536451,1
536452,1
536453,1
536454,1
536455,0
536456,0
536457,0
536458,1
536459,0
536460,1
536461,1
536462,0
536463,0
536464,1
536465,0
536466,1
536467,1
536468,1
536469,1
536470,1
536471,0
536472,0
536473,1
536474,1
536475,1
536476,1
536477,1
536478,1
536479,1
536480,1
536481,0
536482,1
536483,0
536484,0
536485,1
536486,1
536487,0
536488,1
536489,1
536490,0
536491,0
536492,1
536493,0
536494,0
536495,0
536496,1
536497,1
536498,0
536499,1
536500,0
536501,1
536502,0
536503,1
536504,0
536505,1
536506,1
536507,1
536508,0
536509,1
536510,0
536511,1
536512,0
536513,1
536514,1
536515,0
536516,1
536517,1
536518,1
536519,1
536520,0
536521,0
536522,0
536523,0
536524,0
536525,1
536526,1
536527,0
536528,1
536529,0
536530,1
536531,0
536532,0
536533,0
536534,1
536535,0
536536,0
536537,0
536538,1
536539,0
536540,1
536541,0
536542,1
536543,1
536544,0
536545,0
536546,0
536547,1
536548,0
536549,0
536550,1
536551,0
536552,1
536553,1
536554,0
536555,1
536556,0
536557,1
536558,1
536559,1
536560,1
536561,1
536562,1
536563,1
536564,0
536565,1
536566,1
536567,1
536568,1
536569,1
536570,0
536571,0
536572,1
536573,0
536574,1
536575,1
536576,0
536577,1
536578,1
536579,1
536580,1
536581,1
536582,1
536583,1
536584,1
536585,0
536586,1
536587,1
536588,1
536589,1
536590,0
536591,0
536592,1
536593,0
536594,0
536595,0
536596,0
536597,1
536598,1
536599,0
536600,1
536601,0
536602,0
536603,0
536604,0
536605,1
536606,0
536607,0
536608,0
536609,1
536610,0
536611,0
536612,1
536613,0
536614,1
536615,0
536616,1
536617,1
536618,1
536619,0
536620,1
536621,1
536622,0
536623,1
536624,1
536625,1
536626,1
536627,1
536628,1
536629,0
536630,1
536631,1
536632,0
536633,1
536634,1
536635,0
536636,0
536637,1
536638,1
536639,1
536640,0
536641,0
536642,1
536643,1
536644,1
536645,0
536646,1
536647,0
536648,1
536649,0
536650,1
536651,0
536652,1
536653,1
536654,1
536655,1
536656,1
536657,1
536658,1
536659,1
536660,0
536661,0
536662,1
536663,1
536664,1
536665,0
536666,1
536667,0
536668,1
536669,0
536670,1
536671,0
536672,1
536673,0
536674,1
536675,1
536676,0
536677,0
536678,1
536679,0
536680,1
536681,1
536682,1
536683,1
536684,1
536685,0
536686,1
536687,1
536688,1
536689,0
536690,1
536691,1
536692,1
536693,1
536694,0
536695,1
536696,1
536697,1
536698,1
536699,1
536700,1
536701,1
536702,1
536703,0
536704,1
536705,1
536706,1
536707,1
536708,1
536709,0
536710,1
536711,1
536712,1
536713,1
536714,1
536715,1
536716,1
536717,0
536718,0
536719,1
536720,1
536721,0
536722,1
536723,1
536724,1
536725,1
536726,1
536727,0
536728,0
536729,1
536730,0
536731,0
536732,1
536733,1
536734,1
536735,1
536736,0
536737,1
536738,0
536739,1
536740,1
536741,0
536742,1
536743,0
536744,0
536745,1
536746,1
536747,1
536748,1
536749,1
536750,1
536751,1
536752,1
536753,1
536754,1
536755,1
536756,0
536757,1
536758,1
536759,1
536760,1
536761,1
536762,1
536763,1
536764,1
536765,0
536766,1
536767,1
536768,1
536769,0
536770,0
536771,1
536772,1
536773,1
536774,1
536775,0
536776,1
536777,0
536778,1
536779,1
536780,1
536781,0
536782,1
536783,1
536784,1
536785,1
536786,0
536787,1
536788,1
536789,0
536790,0
536791,1
536792,1
536793,1
536794,0
536795,0
536796,1
536797,1
536798,1
536799,1
536800,1
536801,0
536802,1
536803,0
536804,0
536805,0
536806,1
536807,0
536808,1
536809,1
536810,0
536811,1
536812,1
536813,1
536814,1
536815,1
536816,1
536817,1
536818,1
536819,1
536820,1
536821,0
536822,0
536823,1
536824,1
536825,1
536826,1
536827,1
536828,1
536829,1
536830,1
536831,1
536832,0
536833,0
536834,1
536835,0
536836,0
536837,0
536838,1
536839,1
536840,1
536841,1
536842,0
536843,0
536844,1
536845,0
536846,1
536847,1
536848,0
536849,0
536850,0
536851,1
536852,1
536853,0
536854,1
536855,1
536856,1
536857,1
536858,0
536859,1
536860,1
536861,0
536862,0
536863,1
536864,1
536865,1
536866,1
536867,1
536868,1
536869,1
536870,1
536871,1
536872,1
536873,0
536874,1
536875,1
536876,0
536877,1
536878,1
536879,1
536880,1
536881,1
536882,1
536883,0
536884,1
536885,1
536886,1
536887,1
536888,1
536889,1
536890,1
536891,1
536892,0
536893,1
536894,1
536895,0
536896,1
536897,1
536898,1
536899,1
536900,1
536901,1
536902,0
536903,0
536904,1
536905,1
536906,1
536907,1
536908,0
536909,1
536910,0
536911,1
536912,1
536913,1
536914,1
536915,0
536916,1
536917,0
536918,1
536919,1
536920,1
536921,1
536922,1
536923,1
536924,0
536925,0
536926,1
536927,1
536928,1
536929,0
536930,0
536931,0
536932,1
536933,1
536934,1
536935,1
536936,1
536937,0
536938,1
536939,1
536940,1
536941,1
536942,1
536943,1
536944,1
536945,1
536946,1
536947,1
536948,0
536949,1
536950,1
536951,0
536952,1
536953,1
536954,0
536955,0
536956,1
536957,0
536958,1
536959,1
536960,0
536961,0
536962,0
536963,0
536964,1
536965,1
536966,1
536967,1
536968,1
536969,1
536970,1
536971,1
536972,0
536973,1
536974,0
536975,1
536976,1
536977,1
536978,1
536979,1
536980,0
536981,1
536982,1
536983,1
536984,1
536985,1
536986,1
536987,1
536988,1
536989,1
536990,1
536991,1
536992,1
536993,1
536994,0
536995,1
536996,1
536997,1
536998,1
536999,1
537000,1
537001,1
537002,0
537003,1
537004,1
537005,1
537006,1
537007,0
537008,1
537009,0
537010,1
537011,0
537012,1
537013,1
537014,1
537015,1
537016,0
537017,1
537018,1
537019,0
537020,1
537021,0
537022,1
537023,1
537024,1
537025,1
537026,0
537027,0
537028,0
537029,1
537030,1
537031,1
537032,1
537033,1
537034,1
537035,1
537036,1
537037,1
537038,1
537039,1
537040,1
537041,0
537042,1
537043,0
537044,1
537045,1
537046,1
537047,1
537048,1
537049,1
537050,1
537051,1
537052,1
537053,0
537054,1
537055,1
537056,1
537057,1
537058,1
537059,0
537060,1
537061,1
537062,1
537063,1
537064,1
537065,0
537066,1
537067,1
537068,1
537069,1
537070,1
537071,0
537072,1
537073,1
537074,1
537075,0
537076,1
537077,1
537078,1
537079,1
537080,1
537081,1
537082,1
537083,1
537084,1
537085,0
537086,1
537087,1
537088,1
537089,1
537090,0
537091,0
537092,0
537093,1
537094,1
537095,1
537096,1
537097,1
537098,1
537099,0
537100,1
537101,0
537102,1
537103,1
537104,1
537105,1
537106,1
537107,1
537108,1
537109,1
537110,1
537111,1
537112,0
537113,0
537114,1
537115,1
537116,1
537117,0
537118,1
537119,1
537120,0
537121,1
537122,0
537123,0
537124,0
537125,0
537126,1
537127,1
537128,1
537129,1
537130,1
537131,1
537132,1
537133,1
537134,1
537135,1
537136,1
537137,1
537138,1
537139,0
537140,0
537141,0
537142,1
537143,1
537144,0
537145,0
537146,0
537147,1
537148,1
537149,1
537150,0
537151,1
537152,1
537153,0
537154,1
537155,0
537156,1
537157,0
537158,1
537159,1
537160,1
537161,0
537162,1
537163,0
537164,1
537165,1
537166,1
537167,1
537168,0
537169,0
537170,1
537171,0
537172,1
537173,1
537174,1
537175,1
537176,1
537177,0
537178,0
537179,0
537180,1
537181,1
537182,1
537183,1
537184,0
537185,1
537186,0
537187,1
537188,1
537189,0
537190,0
537191,0
537192,1
537193,0
537194,0
537195,1
537196,0
537197,0
537198,1
537199,1
537200,1
537201,1
537202,0
537203,1
537204,1
537205,1
537206,1
537207,1
537208,0
537209,0
537210,1
537211,1
537212,0
537213,1
537214,1
537215,1
537216,0
537217,1
537218,1
537219,0
537220,1
537221,1
537222,1
537223,0
537224,0
537225,0
537226,1
537227,1
537228,0
537229,1
537230,1
537231,0
537232,0
537233,0
537234,0
537235,0
537236,0
537237,1
537238,1
537239,1
537240,1
537241,0
537242,1
537243,0
537244,1
537245,1
537246,0
537247,1
537248,0
537249,1
537250,1
537251,0
537252,1
537253,0
537254,1
537255,0
537256,1
537257,1
537258,1
537259,1
537260,1
537261,1
537262,0
537263,0
537264,0
537265,1
537266,1
537267,0
537268,1
537269,0
537270,1
537271,1
537272,0
537273,1
537274,0
537275,0
537276,0
537277,1
537278,1
537279,1
537280,1
537281,0
537282,1
537283,0
537284,1
537285,0
537286,0
537287,0
537288,0
537289,0
537290,1
537291,0
537292,1
537293,1
537294,1
537295,1
537296,0
537297,1
537298,1
537299,1
537300,0
537301,0
537302,1
537303,0
537304,1
537305,0
537306,0
537307,1
537308,0
537309,1
537310,0
537311,1
537312,1
537313,0
537314,1
537315,1
537316,1
537317,1
537318,1
537319,0
537320,1
537321,1
537322,0
537323,0
537324,1
537325,1
537326,0
537327,1
537328,1
537329,1
537330,0
537331,0
537332,1
537333,0
537334,1
537335,1
537336,0
537337,1
537338,1
537339,1
537340,1
537341,0
537342,0
537343,0
537344,1
537345,1
537346,1
537347,1
537348,0
537349,0
537350,1
537351,1
537352,0
537353,1
537354,1
537355,1
537356,0
537357,1
537358,1
537359,0
537360,0
537361,0
537362,0
537363,0
537364,0
537365,1
537366,0
537367,0
537368,0
537369,1
537370,1
537371,0
537372,1
537373,0
537374,0
537375,1
537376,1
537377,1
537378,1
537379,1
537380,0
537381,0
537382,0
537383,0
537384,1
537385,1
537386,1
537387,1
537388,0
537389,0
537390,1
537391,1
537392,0
537393,1
537394,1
537395,0
537396,1
537397,1
537398,1
537399,1
537400,0
537401,0
537402,0
537403,0
537404,1
537405,1
537406,0
537407,0
537408,1
537409,1
537410,1
537411,0
537412,1
537413,1
537414,0
537415,0
537416,1
537417,0
537418,1
537419,1
537420,1
537421,1
537422,1
537423,1
537424,0
537425,1
537426,1
537427,0
537428,1
537429,0
537430,1
537431,1
537432,1
537433,1
537434,0
537435,1
537436,0
537437,0
537438,1
537439,0
537440,0
537441,0
537442,0
537443,0
537444,1
537445,0
537446,1
537447,1
537448,1
537449,1
537450,1
537451,0
537452,1
537453,0
537454,1
537455,1
537456,1
537457,0
537458,0
537459,1
537460,0
537461,1
537462,1
537463,1
537464,0
537465,1
537466,1
537467,0
537468,0
537469,0
537470,0
537471,0
537472,1
537473,1
537474,1
537475,0
537476,1
537477,1
537478,1
537479,1
537480,0
537481,1
537482,1
537483,1
537484,0
537485,1
537486,0
537487,0
537488,1
537489,1
537490,0
537491,1
537492,0
537493,0
537494,0
537495,0
537496,1
537497,0
537498,1
537499,1
537500,1
537501,1
537502,0
537503,1
537504,1
537505,0
537506,1
537507,1
537508,1
537509,1
537510,0
537511,1
537512,0
537513,0
537514,1
537515,1
537516,0
537517,1
537518,0
537519,0
537520,1
537521,0
537522,0
537523,1
537524,1
537525,1
537526,1
537527,1
537528,1
537529,1
537530,1
537531,1
537532,1
537533,0
537534,1
537535,1
537536,0
537537,1
537538,1
537539,1
537540,1
537541,1
537542,0
537543,0
537544,1
537545,0
537546,1
537547,0
537548,1
537549,1
537550,0
537551,1
537552,0
537553,0
537554,1
537555,1
537556,1
537557,1
537558,1
537559,0
537560,1
537561,0
537562,0
537563,1
537564,0
537565,0
537566,0
537567,0
537568,1
537569,0
537570,1
537571,1
537572,1
537573,0
537574,0
537575,0
537576,1
537577,1
537578,1
537579,0
537580,1
537581,0
537582,1
537583,1
537584,1
537585,1
537586,1
537587,0
537588,1
537589,0
537590,0
537591,1
537592,0
537593,1
537594,1
537595,1
537596,0
537597,0
537598,1
537599,1
537600,1
537601,0
537602,1
537603,1
537604,0
537605,1
537606,1
537607,1
537608,1
537609,0
537610,1
537611,0
537612,1
537613,0
537614,1
537615,1
537616,1
537617,1
537618,1
537619,0
537620,0
537621,0
537622,0
537623,0
537624,1
537625,1
537626,1
537627,1
537628,0
537629,1
537630,1
537631,0
537632,0
537633,1
537634,1
537635,1
537636,1
537637,1
537638,0
537639,0
537640,0
537641,0
537642,0
537643,1
537644,0
537645,0
537646,1
537647,1
537648,0
537649,1
537650,1
537651,1
537652,1
537653,0
537654,0
537655,1
537656,1
537657,1
537658,1
537659,0
537660,0
537661,0
537662,1
537663,1
537664,1
537665,1
537666,1
537667,0
537668,0
537669,1
537670,1
537671,1
537672,1
537673,0
537674,0
537675,1
537676,1
537677,1
537678,0
537679,0
537680,1
537681,1
537682,1
537683,1
537684,0
537685,0
537686,1
537687,1
537688,1
537689,1
537690,1
537691,1
537692,0
537693,0
537694,1
537695,0
537696,1
537697,1
537698,1
537699,1
537700,1
537701,1
537702,1
537703,0
537704,0
537705,0
537706,0
537707,1
537708,0
537709,0
537710,1
537711,0
537712,1
537713,0
537714,0
537715,0
537716,1
537717,1
537718,0
537719,0
537720,1
537721,1
537722,1
537723,1
537724,1
537725,0
537726,1
537727,1
537728,0
537729,0
537730,0
537731,1
537732,1
537733,1
537734,0
537735,0
537736,0
537737,0
537738,0
537739,1
537740,1
537741,0
537742,0
537743,1
537744,1
537745,0
537746,1
537747,0
537748,1
537749,1
537750,1
537751,1
537752,1
537753,1
537754,1
537755,0
537756,1
537757,0
537758,0
537759,1
537760,0
537761,0
537762,1
537763,1
537764,1
537765,0
537766,1
537767,0
537768,1
537769,1
537770,0
537771,0
537772,1
537773,1
537774,0
537775,1
537776,1
537777,0
537778,1
537779,0
537780,0
537781,1
537782,1
537783,0
537784,1
537785,0
537786,0
537787,0
537788,0
537789,1
537790,0
537791,1
537792,0
537793,0
537794,1
537795,0
537796,0
537797,1
537798,0
537799,0
537800,1
537801,0
537802,0
537803,1
537804,1
537805,1
537806,0
537807,1
537808,0
537809,1
537810,1
537811,1
537812,1
537813,0
537814,0
537815,0
537816,1
537817,0
537818,0
537819,1
537820,1
537821,1
537822,0
537823,1
537824,1
537825,1
537826,1
537827,1
537828,1
537829,0
537830,0
537831,1
537832,1
537833,1
537834,1
537835,0
537836,0
537837,0
537838,1
537839,0
537840,1
537841,0
537842,1
537843,0
537844,1
537845,1
537846,0
537847,0
537848,1
537849,0
537850,0
537851,1
537852,1
537853,1
537854,1
537855,1
537856,0
537857,0
537858,1
537859,1
537860,0
537861,0
537862,0
537863,0
537864,0
537865,1
537866,1
537867,1
537868,0
537869,1
537870,1
537871,1
537872,1
537873,0
537874,1
537875,1
537876,1
537877,1
537878,0
537879,0
537880,1
537881,1
537882,0
537883,1
537884,1
537885,0
537886,1
537887,0
537888,1
537889,1
537890,0
537891,1
537892,1
537893,1
537894,1
537895,1
537896,1
537897,1
537898,0
537899,1
537900,0
537901,1
537902,0
537903,0
537904,0
537905,1
537906,1
537907,1
537908,1
537909,1
537910,0
537911,1
537912,0
537913,0
537914,1
537915,1
537916,1
537917,0
537918,0
537919,0
537920,0
537921,0
537922,1
537923,1
537924,0
537925,1
537926,1
537927,0
537928,1
537929,1
537930,1
537931,1
537932,1
537933,0
537934,0
537935,0
537936,0
537937,0
537938,0
537939,1
537940,0
537941,1
537942,1
537943,1
537944,0
537945,1
537946,1
537947,1
537948,0
537949,0
537950,0
537951,1
537952,1
537953,1
537954,0
537955,0
537956,1
537957,0
537958,1
537959,0
537960,0
537961,0
537962,0
537963,0
537964,1
537965,1
537966,1
537967,0
537968,1
537969,0
537970,0
537971,0
537972,0
537973,0
537974,1
537975,1
537976,1
537977,0
537978,0
537979,0
537980,0
537981,0
537982,1
537983,0
537984,1
537985,1
537986,0
537987,0
537988,0
537989,0
537990,1
537991,0
537992,1
537993,0
537994,0
537995,0
537996,0
537997,1
537998,1
537999,0
538000,1
538001,0
538002,1
538003,0
538004,1
538005,0
538006,0
538007,0
538008,1
538009,1
538010,0
538011,0
538012,1
538013,0
538014,0
538015,1
538016,1
538017,1
538018,0
538019,0
538020,0
538021,1
538022,0
538023,0
538024,0
538025,0
538026,1
538027,1
538028,0
538029,1
538030,0
538031,0
538032,0
538033,1
538034,0
538035,1
538036,1
538037,1
538038,0
538039,1
538040,1
538041,0
538042,1
538043,1
538044,1
538045,0
538046,0
538047,0
538048,0
538049,1
538050,0
538051,0
538052,1
538053,1
538054,0
538055,0
538056,1
538057,1
538058,1
538059,0
538060,0
538061,1
538062,0
538063,1
538064,0
538065,1
538066,0
538067,0
538068,0
538069,0
538070,1
538071,0
538072,0
538073,0
538074,1
538075,0
538076,0
538077,1
538078,1
538079,0
538080,0
538081,0
538082,1
538083,1
538084,1
538085,0
538086,0
538087,0
538088,1
538089,1
538090,0
538091,0
538092,1
538093,1
538094,0
538095,1
538096,0
538097,1
538098,0
538099,1
538100,0
538101,0
538102,0
538103,1
538104,0
538105,1
538106,0
538107,0
538108,0
538109,0
538110,1
538111,0
538112,1
538113,0
538114,1
538115,0
538116,0
538117,0
538118,1
538119,1
538120,0
538121,0
538122,0
538123,0
538124,1
538125,0
538126,0
538127,0
538128,0
538129,0
538130,0
538131,0
538132,0
538133,1
538134,0
538135,0
538136,0
538137,0
538138,0
538139,1
538140,1
538141,0
538142,0
538143,0
538144,0
538145,1
538146,0
538147,1
538148,1
538149,0
538150,1
538151,0
538152,1
538153,1
538154,1
538155,0
538156,0
538157,0
538158,0
538159,0
538160,1
538161,1
538162,0
538163,0
538164,1
538165,0
538166,1
538167,1
538168,0
538169,1
538170,0
538171,1
538172,0
538173,0
538174,1
538175,0
538176,0
538177,1
538178,1
538179,1
538180,0
538181,0
538182,1
538183,0
538184,0
538185,0
538186,1
538187,0
538188,0
538189,0
538190,0
538191,1
538192,0
538193,0
538194,1
538195,0
538196,0
538197,0
538198,1
538199,0
538200,0
538201,0
538202,0
538203,0
538204,1
538205,1
538206,1
538207,1
538208,1
538209,0
538210,1
538211,0
538212,0
538213,0
538214,0
538215,0
538216,0
538217,0
538218,1
538219,1
538220,0
538221,0
538222,0
538223,1
538224,0
538225,1
538226,1
538227,0
538228,0
538229,1
538230,1
538231,1
538232,0
538233,0
538234,1
538235,0
538236,1
538237,1
538238,0
538239,0
538240,1
538241,1
538242,0
538243,1
538244,1
538245,0
538246,0
538247,0
538248,0
538249,1
538250,1
538251,0
538252,1
538253,1
538254,0
538255,0
538256,1
538257,1
538258,1
538259,0
538260,1
538261,1
538262,1
538263,0
538264,0
538265,0
538266,1
538267,1
538268,1
538269,0
538270,1
538271,0
538272,0
538273,0
538274,0
538275,1
538276,1
538277,0
538278,1
538279,1
538280,0
538281,1
538282,0
538283,0
538284,0
538285,1
538286,1
538287,0
538288,0
538289,1
538290,1
538291,1
538292,0
538293,1
538294,0
538295,1
538296,0
538297,1
538298,0
538299,0
538300,1
538301,1
538302,0
538303,0
538304,0
538305,1
538306,1
538307,1
538308,0
538309,1
538310,0
538311,0
538312,0
538313,1
538314,1
538315,1
538316,0
538317,1
538318,0
538319,0
538320,1
538321,0
538322,0
538323,1
538324,0
538325,0
538326,1
538327,1
538328,1
538329,0
538330,1
538331,1
538332,1
538333,0
538334,1
538335,1
538336,1
538337,1
538338,1
538339,1
538340,0
538341,0
538342,0
538343,0
538344,0
538345,1
538346,1
538347,1
538348,0
538349,1
538350,1
538351,0
538352,1
538353,0
538354,0
538355,1
538356,1
538357,0
538358,1
538359,0
538360,1
538361,0
538362,0
538363,1
538364,1
538365,0
538366,1
538367,1
538368,1
538369,1
538370,1
538371,1
538372,0
538373,1
538374,1
538375,1
538376,1
538377,1
538378,1
538379,1
538380,0
538381,0
538382,0
538383,1
538384,1
538385,1
538386,1
538387,1
538388,1
538389,1
538390,1
538391,0
538392,0
538393,0
538394,1
538395,1
538396,0
538397,0
538398,0
538399,0
538400,1
538401,0
538402,1
538403,0
538404,1
538405,0
538406,0
538407,0
538408,0
538409,0
538410,1
538411,0
538412,1
538413,0
538414,0
538415,0
538416,0
538417,1
538418,0
538419,0
538420,0
538421,1
538422,0
538423,0
538424,1
538425,0
538426,1
538427,1
538428,1
538429,0
538430,0
538431,1
538432,0
538433,0
538434,1
538435,0
538436,1
538437,1
538438,1
538439,1
538440,0
538441,0
538442,0
538443,1
538444,1
538445,0
538446,1
538447,1
538448,0
538449,1
538450,1
538451,1
538452,0
538453,0
538454,1
538455,1
538456,1
538457,1
538458,0
538459,0
538460,0
538461,1
538462,0
538463,0
538464,1
538465,0
538466,1
538467,1
538468,0
538469,1
538470,1
538471,1
538472,1
538473,0
538474,0
538475,0
538476,1
538477,1
538478,1
538479,1
538480,0
538481,0
538482,1
538483,1
538484,1
538485,1
538486,1
538487,0
538488,1
538489,0
538490,1
538491,0
538492,1
538493,0
538494,0
538495,1
538496,1
538497,1
538498,1
538499,1
538500,0
538501,1
538502,1
538503,0
538504,0
538505,0
538506,1
538507,1
538508,1
538509,1
538510,0
538511,0
538512,1
538513,1
538514,0
538515,1
538516,1
538517,1
538518,1
538519,1
538520,1
538521,1
538522,1
538523,1
538524,0
538525,0
538526,1
538527,0
538528,0
538529,0
538530,1
538531,1
538532,1
538533,0
538534,0
538535,0
538536,1
538537,1
538538,1
538539,1
538540,1
538541,1
538542,0
538543,0
538544,0
538545,0
538546,0
538547,0
538548,1
538549,0
538550,0
538551,0
538552,1
538553,1
538554,1
538555,0
538556,1
538557,0
538558,1
538559,0
538560,1
538561,0
538562,0
538563,1
538564,1
538565,1
538566,0
538567,0
538568,1
538569,0
538570,0
538571,1
538572,1
538573,1
538574,0
538575,0
538576,1
538577,1
538578,0
538579,0
538580,1
538581,0
538582,1
538583,1
538584,0
538585,0
538586,0
538587,1
538588,1
538589,1
538590,0
538591,1
538592,1
538593,0
538594,1
538595,1
538596,1
538597,0
538598,1
538599,0
538600,1
538601,0
538602,0
538603,0
538604,0
538605,1
538606,0
538607,0
538608,0
538609,1
538610,1
538611,0
538612,0
538613,0
538614,0
538615,0
538616,0
538617,1
538618,0
538619,0
538620,1
538621,1
538622,1
538623,0
538624,1
538625,0
538626,0
538627,1
538628,1
538629,0
538630,1
538631,0
538632,0
538633,1
538634,1
538635,1
538636,0
538637,0
538638,1
538639,1
538640,1
538641,1
538642,1
538643,0
538644,1
538645,1
538646,0
538647,0
538648,1
538649,1
538650,0
538651,1
538652,0
538653,1
538654,1
538655,1
538656,0
538657,0
538658,1
538659,1
538660,0
538661,1
538662,0
538663,0
538664,1
538665,0
538666,1
538667,1
538668,1
538669,0
538670,0
538671,0
538672,1
538673,1
538674,1
538675,0
538676,1
538677,1
538678,0
538679,0
538680,0
538681,0
538682,0
538683,0
538684,0
538685,1
538686,1
538687,0
538688,0
538689,1
538690,0
538691,0
538692,0
538693,0
538694,1
538695,0
538696,1
538697,0
538698,1
538699,1
538700,0
538701,0
538702,0
538703,1
538704,0
538705,1
538706,1
538707,0
538708,1
538709,1
538710,1
538711,0
538712,1
538713,1
538714,0
538715,0
538716,1
538717,1
538718,0
538719,0
538720,1
538721,0
538722,1
538723,1
538724,1
538725,1
538726,1
538727,1
538728,1
538729,0
538730,1
538731,0
538732,0
538733,1
538734,1
538735,0
538736,1
538737,0
538738,1
538739,0
538740,1
538741,0
538742,1
538743,1
538744,0
538745,0
538746,0
538747,0
538748,0
538749,0
538750,1
538751,0
538752,0
538753,0
538754,0
538755,0
538756,0
538757,1
538758,1
538759,1
538760,1
538761,1
538762,0
538763,1
538764,1
538765,1
538766,1
538767,1
538768,1
538769,0
538770,0
538771,0
538772,0
538773,1
538774,0
538775,1
538776,0
538777,0
538778,0
538779,1
538780,1
538781,1
538782,1
538783,0
538784,0
538785,1
538786,1
538787,1
538788,0
538789,0
538790,0
538791,0
538792,1
538793,1
538794,0
538795,0
538796,1
538797,0
538798,0
538799,1
538800,1
538801,1
538802,0
538803,0
538804,1
538805,1
538806,0
538807,0
538808,1
538809,1
538810,1
538811,1
538812,0
538813,0
538814,0
538815,0
538816,0
538817,1
538818,0
538819,0
538820,1
538821,1
538822,1
538823,1
538824,0
538825,0
538826,1
538827,0
538828,1
538829,1
538830,1
538831,1
538832,1
538833,0
538834,0
538835,1
538836,1
538837,1
538838,1
538839,0
538840,1
538841,1
538842,1
538843,1
538844,1
538845,1
538846,1
538847,0
538848,0
538849,1
538850,0
538851,1
538852,0
538853,1
538854,1
538855,0
538856,0
538857,1
538858,0
538859,0
538860,1
538861,1
538862,0
538863,1
538864,1
538865,1
538866,0
538867,1
538868,0
538869,1
538870,1
538871,1
538872,0
538873,1
538874,0
538875,1
538876,1
538877,1
538878,0
538879,1
538880,1
538881,1
538882,1
538883,0
538884,1
538885,0
538886,0
538887,1
538888,1
538889,0
538890,1
538891,1
538892,1
538893,1
538894,1
538895,1
538896,0
538897,1
538898,0
538899,0
538900,0
538901,0
538902,0
538903,1
538904,0
538905,1
538906,0
538907,0
538908,1
538909,1
538910,0
538911,1
538912,1
538913,1
538914,0
538915,1
538916,1
538917,0
538918,1
538919,0
538920,1
538921,0
538922,1
538923,1
538924,1
538925,0
538926,0
538927,0
538928,1
538929,1
538930,0
538931,1
538932,0
538933,0
538934,1
538935,1
538936,1
538937,1
538938,1
538939,1
538940,0
538941,1
538942,0
538943,1
538944,1
538945,1
538946,0
538947,0
538948,0
538949,0
538950,0
538951,1
538952,0
538953,0
538954,0
538955,0
538956,1
538957,0
538958,1
538959,0
538960,0
538961,1
538962,0
538963,1
538964,1
538965,1
538966,0
538967,0
538968,0
538969,0
538970,0
538971,1
538972,0
538973,1
538974,1
538975,0
538976,0
538977,1
538978,0
538979,1
538980,1
538981,1
538982,1
538983,1
538984,0
538985,0
538986,1
538987,1
538988,0
538989,0
538990,0
538991,1
538992,1
538993,0
538994,1
538995,1
538996,1
538997,1
538998,1
538999,1
539000,1
539001,0
539002,0
539003,1
539004,1
539005,1
539006,1
539007,1
539008,1
539009,0
539010,0
539011,1
539012,1
539013,1
539014,0
539015,1
539016,1
539017,1
539018,0
539019,1
539020,0
539021,1
539022,1
539023,1
539024,1
539025,1
539026,1
539027,0
539028,0
539029,0
539030,0
539031,0
539032,0
539033,1
539034,0
539035,1
539036,0
539037,0
539038,1
539039,0
539040,0
539041,0
539042,1
539043,1
539044,1
539045,0
539046,0
539047,0
539048,1
539049,0
539050,0
539051,1
539052,1
539053,1
539054,0
539055,0
539056,0
539057,1
539058,1
539059,1
539060,1
539061,0
539062,0
539063,0
539064,1
539065,0
539066,0
539067,0
539068,1
539069,1
539070,1
539071,0
539072,1
539073,1
539074,0
539075,1
539076,1
539077,1
539078,1
539079,1
539080,1
539081,1
539082,0
539083,0
539084,1
539085,0
539086,1
539087,1
539088,1
539089,0
539090,1
539091,1
539092,0
539093,1
539094,1
539095,1
539096,0
539097,0
539098,1
539099,1
539100,0
539101,1
539102,1
539103,0
539104,1
539105,0
539106,0
539107,0
539108,1
539109,1
539110,1
539111,0
539112,0
539113,0
539114,1
539115,1
539116,1
539117,0
539118,1
539119,1
539120,1
539121,1
539122,0
539123,0
539124,1
539125,0
539126,0
539127,1
539128,0
539129,1
539130,0
539131,1
539132,1
539133,1
539134,0
539135,1
539136,1
539137,1
539138,0
539139,1
539140,1
539141,0
539142,1
539143,1
539144,1
539145,1
539146,1
539147,1
539148,1
539149,1
539150,1
539151,1
539152,0
539153,0
539154,0
539155,0
539156,1
539157,1
539158,0
539159,1
539160,0
539161,1
539162,1
539163,0
539164,0
539165,1
539166,1
539167,0
539168,0
539169,0
539170,1
539171,1
539172,0
539173,0
539174,0
539175,1
539176,1
539177,1
539178,1
539179,1
539180,0
539181,0
539182,0
539183,1
539184,1
539185,0
539186,1
539187,1
539188,1
539189,1
539190,1
539191,1
539192,1
539193,0
539194,0
539195,1
539196,1
539197,0
539198,1
539199,1
539200,1
539201,0
539202,1
539203,1
539204,1
539205,1
539206,1
539207,0
539208,1
539209,1
539210,0
539211,1
539212,1
539213,1
539214,0
539215,0
539216,1
539217,0
539218,0
539219,1
539220,1
539221,1
539222,1
539223,0
539224,1
539225,1
539226,1
539227,1
539228,1
539229,0
539230,1
539231,0
539232,1
539233,0
539234,0
539235,0
539236,1
539237,0
539238,1
539239,1
539240,1
539241,0
539242,0
539243,1
539244,1
539245,1
539246,0
539247,1
539248,0
539249,0
539250,1
539251,1
539252,1
539253,0
539254,1
539255,1
539256,1
539257,0
539258,0
539259,1
539260,1
539261,1
539262,1
539263,1
539264,1
539265,1
539266,1
539267,0
539268,0
539269,0
539270,0
539271,1
539272,1
539273,1
539274,0
539275,0
539276,1
539277,0
539278,1
539279,1
539280,0
539281,1
539282,1
539283,0
539284,0
539285,0
539286,1
539287,1
539288,1
539289,1
539290,1
539291,0
539292,0
539293,0
539294,1
539295,0
539296,1
539297,1
539298,1
539299,1
539300,1
539301,0
539302,1
539303,0
539304,1
539305,0
539306,0
539307,0
539308,0
539309,1
539310,0
539311,1
539312,0
539313,1
539314,1
539315,1
539316,1
539317,1
539318,1
539319,1
539320,1
539321,0
539322,1
539323,0
539324,0
539325,1
539326,1
539327,1
539328,1
539329,0
539330,0
539331,1
539332,1
539333,1
539334,0
539335,1
539336,1
539337,1
539338,1
539339,0
539340,1
539341,1
539342,1
539343,1
539344,0
539345,0
539346,1
539347,0
539348,1
539349,0
539350,0
539351,0
539352,1
539353,0
539354,0
539355,1
539356,1
539357,0
539358,0
539359,0
539360,1
539361,0
539362,1
539363,0
539364,1
539365,1
539366,1
539367,1
539368,0
539369,0
539370,1
539371,1
539372,0
539373,1
539374,0
539375,0
539376,0
539377,1
539378,0
539379,0
539380,1
539381,0
539382,1
539383,0
539384,1
539385,1
539386,0
539387,1
539388,1
539389,1
539390,1
539391,1
539392,1
539393,1
539394,0
539395,1
539396,1
539397,1
539398,1
539399,1
539400,1
539401,0
539402,1
539403,1
539404,1
539405,1
539406,1
539407,1
539408,0
539409,1
539410,0
539411,1
539412,0
539413,0
539414,1
539415,1
539416,1
539417,1
539418,1
539419,1
539420,0
539421,0
539422,1
539423,1
539424,0
539425,1
539426,1
539427,1
539428,1
539429,0
539430,1
539431,0
539432,1
539433,1
539434,0
539435,0
539436,0
539437,1
539438,0
539439,1
539440,1
539441,0
539442,1
539443,1
539444,1
539445,0
539446,1
539447,1
539448,0
539449,0
539450,1
539451,1
539452,1
539453,0
539454,0
539455,0
539456,1
539457,0
539458,0
539459,1
539460,0
539461,1
539462,0
539463,0
539464,1
539465,0
539466,1
539467,1
539468,1
539469,1
539470,1
539471,1
539472,1
539473,0
539474,1
539475,1
539476,1
539477,0
539478,1
539479,1
539480,1
539481,1
539482,1
539483,1
539484,0
539485,1
539486,1
539487,1
539488,1
539489,1
539490,1
539491,1
539492,1
539493,1
539494,0
539495,1
539496,0
539497,0
539498,1
539499,1
539500,1
539501,1
539502,1
539503,0
539504,0
539505,0
539506,0
539507,1
539508,1
539509,0
539510,1
539511,0
539512,0
539513,0
539514,1
539515,0
539516,0
539517,1
539518,0
539519,0
539520,0
539521,0
539522,0
539523,0
539524,1
539525,0
539526,0
539527,0
539528,0
539529,1
539530,1
539531,1
539532,1
539533,1
539534,0
539535,0
539536,0
539537,1
539538,1
539539,1
539540,1
539541,0
539542,1
539543,1
539544,1
539545,0
539546,1
539547,1
539548,0
539549,0
539550,1
539551,1
539552,1
539553,0
539554,1
539555,0
539556,1
539557,1
539558,1
539559,1
539560,0
539561,1
539562,1
539563,0
539564,1
539565,0
539566,0
539567,0
539568,1
539569,1
539570,1
539571,1
539572,1
539573,0
539574,0
539575,1
539576,0
539577,1
539578,0
539579,1
539580,1
539581,0
539582,0
539583,0
539584,1
539585,1
539586,0
539587,1
539588,1
539589,1
539590,0
539591,1
539592,1
539593,0
539594,1
539595,1
539596,0
539597,0
539598,0
539599,0
539600,1
539601,0
539602,0
539603,0
539604,0
539605,0
539606,1
539607,1
539608,1
539609,1
539610,0
539611,1
539612,1
539613,1
539614,0
539615,1
539616,1
539617,0
539618,1
539619,1
539620,1
539621,1
539622,0
539623,0
539624,1
539625,0
539626,1
539627,1
539628,0
539629,0
539630,1
539631,1
539632,1
539633,1
539634,1
539635,0
539636,0
539637,0
539638,1
539639,0
539640,0
539641,0
539642,1
539643,1
539644,0
539645,0
539646,1
539647,1
539648,1
539649,1
539650,1
539651,1
539652,1
539653,0
539654,1
539655,0
539656,0
539657,0
539658,1
539659,0
539660,1
539661,0
539662,1
539663,0
539664,0
539665,1
539666,1
539667,0
539668,1
539669,1
539670,0
539671,0
539672,0
539673,0
539674,0
539675,0
539676,1
539677,1
539678,1
539679,0
539680,0
539681,0
539682,0
539683,1
539684,0
539685,1
539686,0
539687,1
539688,1
539689,1
539690,0
539691,0
539692,0
539693,0
539694,0
539695,1
539696,0
539697,0
539698,0
539699,1
539700,0
539701,0
539702,0
539703,0
539704,1
539705,0
539706,1
539707,1
539708,0
539709,0
539710,1
539711,0
539712,0
539713,1
539714,0
539715,0
539716,0
539717,0
539718,1
539719,0
539720,0
539721,1
539722,0
539723,1
539724,0
539725,1
539726,1
539727,0
539728,0
539729,1
539730,1
539731,1
539732,0
539733,0
539734,0
539735,1
539736,1
539737,0
539738,0
539739,1
539740,1
539741,0
539742,1
539743,0
539744,0
539745,1
539746,0
539747,0
539748,0
539749,1
539750,1
539751,0
539752,1
539753,1
539754,0
539755,1
539756,1
539757,0
539758,0
539759,0
539760,1
539761,1
539762,0
539763,0
539764,0
539765,1
539766,1
539767,1
539768,0
539769,1
539770,1
539771,0
539772,0
539773,1
539774,0
539775,0
539776,0
539777,1
539778,1
539779,1
539780,0
539781,0
539782,1
539783,0
539784,1
539785,0
539786,0
539787,0
539788,0
539789,0
539790,1
539791,0
539792,0
539793,0
539794,0
539795,1
539796,1
539797,0
539798,0
539799,0
539800,1
539801,0
539802,0
539803,1
539804,0
539805,0
539806,0
539807,1
539808,0
539809,0
539810,1
539811,1
539812,0
539813,0
539814,0
539815,1
539816,1
539817,1
539818,1
539819,0
539820,1
539821,0
539822,1
539823,0
539824,1
539825,0
539826,0
539827,0
539828,1
539829,1
539830,0
539831,0
539832,0
539833,0
539834,1
539835,1
539836,1
539837,1
539838,0
539839,1
539840,1
539841,0
539842,1
539843,0
539844,1
539845,0
539846,1
539847,1
539848,0
539849,0
539850,0
539851,0
539852,1
539853,1
539854,1
539855,0
539856,0
539857,1
539858,0
539859,0
539860,0
539861,0
539862,0
539863,0
539864,1
539865,0
539866,1
539867,0
539868,0
539869,1
539870,1
539871,1
539872,1
539873,0
539874,0
539875,1
539876,0
539877,0
539878,1
539879,1
539880,1
539881,0
539882,0
539883,0
539884,0
539885,0
539886,0
539887,1
539888,0
539889,0
539890,0
539891,1
539892,1
539893,0
539894,1
539895,0
539896,0
539897,0
539898,1
539899,0
539900,0
539901,0
539902,0
539903,0
539904,0
539905,1
539906,0
539907,0
539908,1
539909,1
539910,1
539911,0
539912,0
539913,1
539914,0
539915,0
539916,1
539917,0
539918,1
539919,0
539920,1
539921,1
539922,0
539923,0
539924,0
539925,0
539926,0
539927,0
539928,1
539929,1
539930,1
539931,0
539932,0
539933,0
539934,0
539935,0
539936,1
539937,0
539938,1
539939,0
539940,0
539941,0
539942,0
539943,0
539944,1
539945,1
539946,1
539947,1
539948,0
539949,0
539950,1
539951,0
539952,1
539953,1
539954,1
539955,0
539956,0
539957,0
539958,1
539959,0
539960,0
539961,1
539962,1
539963,0
539964,0
539965,1
539966,1
539967,0
539968,0
539969,0
539970,0
539971,1
539972,0
539973,1
539974,0
539975,1
539976,0
539977,0
539978,1
539979,1
539980,0
539981,1
539982,1
539983,1
539984,1
539985,0
539986,0
539987,0
539988,1
539989,1
539990,1
539991,0
539992,0
539993,0
539994,0
539995,1
539996,0
539997,0
539998,0
539999,1
540000,1
540001,0
540002,1
540003,1
540004,1
540005,0
540006,0
540007,1
540008,1
540009,0
540010,0
540011,0
540012,0
540013,0
540014,0
540015,0
540016,0
540017,0
540018,1
540019,0
540020,1
540021,0
540022,0
540023,1
540024,0
540025,1
540026,0
540027,0
540028,1
540029,0
540030,1
540031,1
540032,1
540033,0
540034,1
540035,1
540036,0
540037,0
540038,0
540039,1
540040,0
540041,1
540042,0
540043,1
540044,1
540045,1
540046,1
540047,1
540048,1
540049,1
540050,0
540051,1
540052,0
540053,0
540054,1
540055,1
540056,1
540057,0
540058,1
540059,0
540060,0
540061,1
540062,1
540063,1
540064,1
540065,0
540066,0
540067,0
540068,0
540069,0
540070,1
540071,1
540072,0
540073,0
540074,0
540075,0
540076,0
540077,0
540078,0
540079,1
540080,0
540081,1
540082,1
540083,0
540084,0
540085,1
540086,0
540087,0
540088,1
540089,1
540090,0
540091,0
540092,0
540093,1
540094,0
540095,1
540096,1
540097,0
540098,1
540099,1
540100,0
540101,0
540102,0
540103,1
540104,0
540105,0
540106,0
540107,1
540108,0
540109,0
540110,1
540111,0
540112,1
540113,0
540114,1
540115,1
540116,0
540117,1
540118,0
540119,0
540120,1
540121,0
540122,0
540123,1
540124,1
540125,0
540126,1
540127,0
540128,0
540129,0
540130,0
540131,0
540132,1
540133,0
540134,0
540135,1
540136,0
540137,0
540138,0
540139,0
540140,1
540141,0
540142,0
540143,1
540144,0
540145,1
540146,1
540147,0
540148,1
540149,1
540150,1
540151,0
540152,1
540153,1
540154,1
540155,0
540156,1
540157,0
540158,0
540159,0
540160,0
540161,0
540162,1
540163,1
540164,0
540165,1
540166,1
540167,0
540168,0
540169,1
540170,0
540171,0
540172,1
540173,0
540174,1
540175,0
540176,1
540177,1
540178,0
540179,0
540180,0
540181,0
540182,1
540183,1
540184,0
540185,0
540186,1
540187,0
540188,1
540189,1
540190,1
540191,0
540192,0
540193,1
540194,0
540195,1
540196,1
540197,0
540198,1
540199,1
540200,0
540201,0
540202,1
540203,1
540204,0
540205,0
540206,0
540207,1
540208,1
540209,1
540210,0
540211,0
540212,1
540213,1
540214,1
540215,0
540216,1
540217,1
540218,1
540219,1
540220,1
540221,1
540222,1
540223,0
540224,0
540225,1
540226,0
540227,1
540228,1
540229,1
540230,1
540231,1
540232,1
540233,1
540234,1
540235,1
540236,1
540237,0
540238,1
540239,1
540240,1
540241,0
540242,0
540243,1
540244,1
540245,0
540246,0
540247,1
540248,0
540249,1
540250,0
540251,1
540252,0
540253,1
540254,0
540255,1
540256,0
540257,1
540258,0
540259,1
540260,1
540261,1
540262,0
540263,1
540264,1
540265,1
540266,1
540267,1
540268,1
540269,1
540270,1
540271,1
540272,1
540273,1
540274,1
540275,0
540276,1
540277,1
540278,0
540279,1
540280,0
540281,1
540282,1
540283,1
540284,0
540285,1
540286,1
540287,0
540288,0
540289,1
540290,0
540291,1
540292,1
540293,0
540294,0
540295,1
540296,0
540297,0
540298,1
540299,1
540300,1
540301,1
540302,0
540303,1
540304,0
540305,1
540306,0
540307,0
540308,0
540309,0
540310,1
540311,1
540312,1
540313,1
540314,1
540315,1
540316,0
540317,1
540318,1
540319,1
540320,1
540321,1
540322,1
540323,1
540324,1
540325,1
540326,0
540327,0
540328,1
540329,1
540330,0
540331,1
540332,1
540333,0
540334,1
540335,1
540336,1
540337,0
540338,1
540339,1
540340,1
540341,1
540342,0
540343,0
540344,1
540345,0
540346,1
540347,1
540348,1
540349,0
540350,1
540351,1
540352,0
540353,0
540354,0
540355,1
540356,0
540357,1
540358,0
540359,0
540360,0
540361,0
540362,0
540363,1
540364,1
540365,1
540366,1
540367,1
540368,0
540369,1
540370,1
540371,1
540372,1
540373,1
540374,1
540375,1
540376,1
540377,1
540378,1
540379,1
540380,0
540381,1
540382,1
540383,1
540384,1
540385,1
540386,1
540387,0
540388,1
540389,1
540390,1
540391,0
540392,0
540393,1
540394,1
540395,1
540396,0
540397,1
540398,0
540399,1
540400,1
540401,0
540402,1
540403,1
540404,1
540405,1
540406,1
540407,0
540408,1
540409,1
540410,1
540411,0
540412,1
540413,0
540414,1
540415,1
540416,1
540417,0
540418,1
540419,0
540420,0
540421,1
540422,0
540423,0
540424,0
540425,0
540426,0
540427,1
540428,1
540429,0
540430,1
540431,0
540432,1
540433,0
540434,1
540435,1
540436,1
540437,0
540438,1
540439,1
540440,1
540441,1
540442,1
540443,1
540444,1
540445,0
540446,0
540447,0
540448,1
540449,1
540450,1
540451,0
540452,1
540453,1
540454,1
540455,1
540456,0
540457,0
540458,1
540459,0
540460,1
540461,0
540462,1
540463,1
540464,1
540465,0
540466,0
540467,1
540468,1
540469,1
540470,0
540471,1
540472,0
540473,1
540474,0
540475,0
540476,1
540477,1
540478,0
540479,1
540480,1
540481,1
540482,1
540483,0
540484,1
540485,0
540486,0
540487,1
540488,0
540489,0
540490,1
540491,1
540492,1
540493,0
540494,1
540495,0
540496,0
540497,0
540498,0
540499,1
540500,1
540501,1
540502,1
540503,0
540504,1
540505,1
540506,1
540507,0
540508,1
540509,1
540510,1
540511,1
540512,1
540513,1
540514,0
540515,1
540516,0
540517,1
540518,0
540519,1
540520,0
540521,0
540522,1
540523,1
540524,0
540525,1
540526,1
540527,1
540528,0
540529,1
540530,0
540531,0
540532,0
540533,1
540534,0
540535,1
540536,0
540537,0
540538,1
540539,1
540540,0
540541,0
540542,0
540543,0
540544,1
540545,1
540546,1
540547,0
540548,1
540549,0
540550,1
540551,1
540552,1
540553,1
540554,1
540555,1
540556,1
540557,0
540558,1
540559,1
540560,1
540561,1
540562,1
540563,1
540564,0
540565,1
540566,0
540567,1
540568,0
540569,1
540570,1
540571,0
540572,0
540573,0
540574,0
540575,0
540576,1
540577,1
540578,1
540579,1
540580,1
540581,1
540582,1
540583,0
540584,1
540585,0
540586,1
540587,1
540588,1
540589,0
540590,1
540591,1
540592,0
540593,1
540594,0
540595,1
540596,1
540597,1
540598,0
540599,1
540600,1
540601,1
540602,0
540603,1
540604,0
540605,1
540606,1
540607,1
540608,1
540609,1
540610,1
540611,1
540612,1
540613,0
540614,0
540615,0
540616,1
540617,0
540618,0
540619,1
540620,1
540621,1
540622,1
540623,0
540624,1
540625,0
540626,1
540627,0
540628,1
540629,0
540630,1
540631,0
540632,0
540633,0
540634,0
540635,1
540636,1
540637,0
540638,1
540639,1
540640,0
540641,1
540642,1
540643,0
540644,1
540645,0
540646,0
540647,1
540648,1
540649,1
540650,1
540651,1
540652,0
540653,0
540654,1
540655,1
540656,1
540657,0
540658,1
540659,1
540660,1
540661,1
540662,1
540663,1
540664,1
540665,0
540666,1
540667,1
540668,1
540669,1
540670,0
540671,1
540672,1
540673,1
540674,0
540675,1
540676,1
540677,0
540678,1
540679,1
540680,1
540681,1
540682,1
540683,0
540684,0
540685,1
540686,0
540687,0
540688,0
540689,1
540690,1
540691,1
540692,1
540693,1
540694,1
540695,0
540696,1
540697,0
540698,0
540699,1
540700,1
540701,1
540702,1
540703,1
540704,0
540705,0
540706,1
540707,1
540708,1
540709,1
540710,0
540711,0
540712,1
540713,0
540714,0
540715,1
540716,1
540717,0
540718,1
540719,0
540720,1
540721,1
540722,1
540723,1
540724,0
540725,1
540726,0
540727,1
540728,1
540729,1
540730,0
540731,1
540732,1
540733,1
540734,0
540735,0
540736,1
540737,1
540738,1
540739,1
540740,1
540741,1
540742,1
540743,1
540744,0
540745,1
540746,1
540747,1
540748,1
540749,1
540750,0
540751,0
540752,1
540753,0
540754,1
540755,1
540756,0
540757,0
540758,1
540759,1
540760,0
540761,0
540762,1
540763,0
540764,1
540765,1
540766,1
540767,0
540768,0
540769,1
540770,1
540771,0
540772,1
540773,1
540774,1
540775,1
540776,0
540777,1
540778,1
540779,1
540780,1
540781,1
540782,0
540783,1
540784,0
540785,1
540786,0
540787,1
540788,1
540789,1
540790,0
540791,0
540792,1
540793,1
540794,0
540795,1
540796,1
540797,1
540798,0
540799,1
540800,1
540801,1
540802,0
540803,0
540804,0
540805,0
540806,0
540807,0
540808,1
540809,1
540810,0
540811,1
540812,0
540813,1
540814,0
540815,1
540816,1
540817,1
540818,0
540819,1
540820,1
540821,0
540822,1
540823,0
540824,1
540825,0
540826,1
540827,1
540828,0
540829,1
540830,1
540831,0
540832,1
540833,1
540834,0
540835,0
540836,1
540837,1
540838,1
540839,0
540840,0
540841,1
540842,0
540843,1
540844,0
540845,1
540846,0
540847,0
540848,1
540849,0
540850,1
540851,0
540852,1
540853,0
540854,1
540855,1
540856,1
540857,1
540858,1
540859,0
540860,0
540861,0
540862,1
540863,0
540864,1
540865,0
540866,1
540867,0
540868,1
540869,0
540870,1
540871,1
540872,1
540873,1
540874,0
540875,1
540876,1
540877,1
540878,1
540879,0
540880,1
540881,1
540882,1
540883,1
540884,1
540885,1
540886,0
540887,1
540888,1
540889,1
540890,1
540891,0
540892,1
540893,0
540894,1
540895,0
540896,1
540897,1
540898,1
540899,0
540900,1
540901,0
540902,1
540903,0
540904,1
540905,0
540906,1
540907,1
540908,0
540909,0
540910,0
540911,0
540912,0
540913,1
540914,1
540915,0
540916,0
540917,1
540918,0
540919,1
540920,1
540921,1
540922,0
540923,0
540924,0
540925,0
540926,0
540927,1
540928,0
540929,1
540930,1
540931,0
540932,1
540933,1
540934,1
540935,1
540936,1
540937,1
540938,1
540939,1
540940,0
540941,1
540942,0
540943,1
540944,1
540945,0
540946,1
540947,1
540948,1
540949,1
540950,0
540951,1
540952,0
540953,1
540954,1
540955,0
540956,1
540957,1
540958,1
540959,1
540960,0
540961,0
540962,0
540963,0
540964,0
540965,1
540966,1
540967,1
540968,0
540969,1
540970,0
540971,1
540972,0
540973,0
540974,1
540975,0
540976,0
540977,0
540978,0
540979,0
540980,0
540981,0
540982,0
540983,0
540984,1
540985,1
540986,1
540987,0
540988,1
540989,0
540990,1
540991,0
540992,0
540993,1
540994,0
540995,0
540996,0
540997,1
540998,1
540999,1
541000,1
541001,1
541002,0
541003,1
541004,0
541005,0
541006,1
541007,0
541008,1
541009,1
541010,0
541011,1
541012,0
541013,0
541014,1
541015,0
541016,0
541017,1
541018,1
541019,0
541020,1
541021,1
541022,0
541023,0
541024,1
541025,0
541026,1
541027,0
541028,1
541029,0
541030,1
541031,0
541032,1
541033,1
541034,0
541035,1
541036,0
541037,0
541038,1
541039,0
541040,0
541041,0
541042,0
541043,1
541044,1
541045,0
541046,0
541047,0
541048,1
541049,0
541050,1
541051,0
541052,1
541053,0
541054,1
541055,1
541056,1
541057,0
541058,1
541059,1
541060,1
541061,0
541062,0
541063,1
541064,1
541065,1
541066,1
541067,1
541068,1
541069,0
541070,1
541071,0
541072,1
541073,1
541074,1
541075,1
541076,0
541077,1
541078,0
541079,1
541080,0
541081,0
541082,0
541083,1
541084,0
541085,1
541086,1
541087,1
541088,1
541089,0
541090,0
541091,1
541092,0
541093,1
541094,1
541095,1
541096,0
541097,1
541098,1
541099,1
541100,1
541101,1
541102,1
541103,0
541104,0
541105,1
541106,0
541107,1
541108,0
541109,0
541110,0
541111,1
541112,0
541113,0
541114,0
541115,1
541116,1
541117,0
541118,0
541119,1
541120,0
541121,0
541122,0
541123,1
541124,0
541125,1
541126,1
541127,0
541128,1
541129,1
541130,0
541131,0
541132,1
541133,0
541134,1
541135,1
541136,1
541137,1
541138,0
541139,1
541140,1
541141,0
541142,1
541143,0
541144,1
541145,0
541146,1
541147,0
541148,1
541149,0
541150,0
541151,1
541152,0
541153,1
541154,0
541155,1
541156,1
541157,1
541158,1
541159,0
541160,1
541161,0
541162,0
541163,1
541164,0
541165,0
541166,1
541167,1
541168,1
541169,1
541170,1
541171,0
541172,1
541173,0
541174,0
541175,0
541176,0
541177,0
541178,1
541179,0
541180,0
541181,0
541182,0
541183,0
541184,0
541185,1
541186,0
541187,1
541188,0
541189,0
541190,0
541191,1
541192,0
541193,0
541194,0
541195,0
541196,0
541197,1
541198,1
541199,0
541200,1
541201,0
541202,1
541203,0
541204,0
541205,1
541206,1
541207,1
541208,1
541209,0
541210,1
541211,1
541212,1
541213,0
541214,0
541215,0
541216,0
541217,0
541218,1
541219,1
541220,1
541221,0
541222,1
541223,0
541224,1
541225,0
541226,1
541227,1
541228,0
541229,1
541230,0
541231,0
541232,1
541233,0
541234,0
541235,0
541236,1
541237,1
541238,0
541239,1
541240,1
541241,0
541242,0
541243,0
541244,1
541245,0
541246,0
541247,0
541248,1
541249,0
541250,0
541251,0
541252,1
541253,1
541254,0
541255,1
541256,1
541257,1
541258,0
541259,1
541260,1
541261,1
541262,1
541263,1
541264,1
541265,0
541266,1
541267,1
541268,1
541269,0
541270,0
541271,0
541272,0
541273,0
541274,1
541275,1
541276,1
541277,1
541278,1
541279,1
541280,0
541281,1
541282,1
541283,1
541284,1
541285,0
541286,1
541287,1
541288,1
541289,1
541290,1
541291,0
541292,1
541293,0
541294,1
541295,1
541296,0
541297,0
541298,1
541299,1
541300,1
541301,1
541302,1
541303,0
541304,0
541305,0
541306,1
541307,1
541308,0
541309,1
541310,1
541311,1
541312,1
541313,1
541314,0
541315,0
541316,1
541317,0
541318,1
541319,1
541320,0
541321,0
541322,0
541323,1
541324,0
541325,1
541326,0
541327,1
541328,1
541329,0
541330,0
541331,0
541332,1
541333,1
541334,1
541335,1
541336,1
541337,0
541338,1
541339,0
541340,0
541341,1
541342,0
541343,1
541344,0
541345,1
541346,1
541347,0
541348,1
541349,0
541350,0
541351,0
541352,1
541353,0
541354,0
541355,0
541356,1
541357,1
541358,0
541359,1
541360,1
541361,0
541362,0
541363,1
541364,0
541365,0
541366,1
541367,0
541368,1
541369,1
541370,1
541371,1
541372,1
541373,0
541374,1
541375,0
541376,1
541377,0
541378,1
541379,1
541380,1
541381,1
541382,1
541383,1
541384,0
541385,1
541386,0
541387,1
541388,0
541389,0
541390,1
541391,1
541392,0
541393,1
541394,1
541395,1
541396,1
541397,1
541398,1
541399,1
541400,0
541401,1
541402,1
541403,1
541404,1
541405,1
541406,1
541407,1
541408,1
541409,1
541410,0
541411,0
541412,1
541413,0
541414,1
541415,1
541416,1
541417,1
541418,1
541419,1
541420,1
541421,0
541422,1
541423,1
541424,1
541425,1
541426,1
541427,1
541428,1
541429,1
541430,1
541431,0
541432,0
541433,1
541434,0
541435,1
541436,1
541437,1
541438,0
541439,1
541440,0
541441,1
541442,0
541443,0
541444,1
541445,1
541446,1
541447,1
541448,1
541449,0
541450,1
541451,1
541452,1
541453,1
541454,1
541455,0
541456,1
541457,0
541458,1
541459,1
541460,0
541461,1
541462,0
541463,1
541464,1
541465,1
541466,0
541467,0
541468,0
541469,1
541470,1
541471,0
541472,0
541473,1
541474,0
541475,1
541476,0
541477,1
541478,0
541479,1
541480,0
541481,1
541482,1
541483,0
541484,1
541485,1
541486,1
541487,0
541488,0
541489,1
541490,1
541491,0
541492,0
541493,1
541494,1
541495,0
541496,1
541497,0
541498,1
541499,1
541500,0
541501,0
541502,0
541503,1
541504,0
541505,0
541506,1
541507,1
541508,1
541509,1
541510,1
541511,1
541512,1
541513,1
541514,0
541515,1
541516,0
541517,0
541518,1
541519,1
541520,0
541521,1
541522,1
541523,1
541524,1
541525,0
541526,0
541527,0
541528,1
541529,1
541530,1
541531,0
541532,1
541533,1
541534,0
541535,0
541536,1
541537,1
541538,1
541539,0
541540,1
541541,1
541542,1
541543,1
541544,1
541545,0
541546,0
541547,1
541548,0
541549,0
541550,1
541551,1
541552,1
541553,1
541554,0
541555,1
541556,0
541557,1
541558,1
541559,1
541560,1
541561,1
541562,0
541563,1
541564,0
541565,1
541566,0
541567,1
541568,0
541569,0
541570,0
541571,1
541572,1
541573,0
541574,1
541575,1
541576,0
541577,1
541578,1
541579,0
541580,1
541581,1
541582,0
541583,1
541584,0
541585,0
541586,1
541587,1
541588,1
541589,1
541590,1
541591,1
541592,1
541593,1
541594,1
541595,0
541596,1
541597,1
541598,1
541599,0
541600,1
541601,0
541602,1
541603,1
541604,0
541605,1
541606,0
541607,1
541608,0
541609,1
541610,0
541611,0
541612,1
541613,0
541614,0
541615,0
541616,0
541617,0
541618,1
541619,1
541620,0
541621,1
541622,1
541623,0
541624,0
541625,0
541626,1
541627,0
541628,1
541629,0
541630,1
541631,0
541632,1
541633,1
541634,1
541635,1
541636,0
541637,1
541638,1
541639,1
541640,0
541641,0
541642,1
541643,1
541644,1
541645,1
541646,0
541647,0
541648,1
541649,1
541650,1
541651,1
541652,0
541653,1
541654,1
541655,0
541656,1
541657,0
541658,1
541659,0
541660,0
541661,0
541662,1
541663,1
541664,1
541665,0
541666,1
541667,0
541668,1
541669,0
541670,1
541671,1
541672,0
541673,0
541674,0
541675,1
541676,0
541677,1
541678,1
541679,1
541680,0
541681,1
541682,1
541683,1
541684,1
541685,0
541686,1
541687,1
541688,0
541689,1
541690,1
541691,1
541692,1
541693,1
541694,1
541695,1
541696,1
541697,0
541698,1
541699,1
541700,1
541701,1
541702,1
541703,1
541704,1
541705,1
541706,1
541707,1
541708,1
541709,1
541710,1
541711,1
541712,0
541713,1
541714,0
541715,0
541716,0
541717,1
541718,0
541719,1
541720,1
541721,1
541722,1
541723,1
541724,1
541725,1
541726,0
541727,0
541728,0
541729,1
541730,1
541731,0
541732,1
541733,0
541734,1
541735,1
541736,1
541737,0
541738,1
541739,0
541740,0
541741,0
541742,0
541743,1
541744,0
541745,0
541746,0
541747,1
541748,1
541749,1
541750,0
541751,1
541752,1
541753,0
541754,1
541755,1
541756,1
541757,1
541758,0
541759,1
541760,1
541761,1
541762,1
541763,1
541764,1
541765,0
541766,0
541767,1
541768,0
541769,0
541770,1
541771,1
541772,0
541773,1
541774,1
541775,0
541776,0
541777,0
541778,1
541779,0
541780,1
541781,1
541782,1
541783,1
541784,0
541785,1
541786,1
541787,0
541788,0
541789,1
541790,0
541791,0
541792,0
541793,0
541794,0
541795,0
541796,1
541797,1
541798,0
541799,0
541800,0
541801,0
541802,1
541803,0
541804,0
541805,1
541806,0
541807,1
541808,1
541809,0
541810,0
541811,0
541812,1
541813,0
541814,1
541815,0
541816,1
541817,0
541818,1
541819,0
541820,1
541821,1
541822,1
541823,1
541824,1
541825,1
541826,1
541827,0
541828,1
541829,0
541830,1
541831,0
541832,0
541833,0
541834,0
541835,1
541836,1
541837,1
541838,0
541839,1
541840,0
541841,1
541842,0
541843,1
541844,1
541845,0
541846,0
541847,0
541848,0
541849,0
541850,0
541851,0
541852,1
541853,1
541854,0
541855,1
541856,0
541857,0
541858,1
541859,1
541860,0
541861,1
541862,1
541863,0
541864,0
541865,1
541866,1
541867,1
541868,0
541869,1
541870,0
541871,1
541872,1
541873,0
541874,0
541875,1
541876,1
541877,0
541878,0
541879,0
541880,1
541881,1
541882,0
541883,1
541884,1
541885,0
541886,0
541887,1
541888,0
541889,0
541890,0
541891,0
541892,1
541893,0
541894,1
541895,0
541896,1
541897,0
541898,1
541899,1
541900,1
541901,1
541902,0
541903,0
541904,1
541905,0
541906,1
541907,0
541908,1
541909,0
541910,1
541911,1
541912,1
541913,0
541914,1
541915,1
541916,0
541917,1
541918,1
541919,0
541920,1
541921,1
541922,1
541923,1
541924,1
541925,1
541926,0
541927,1
541928,0
541929,0
541930,1
541931,1
541932,1
541933,0
541934,1
541935,1
541936,1
541937,1
541938,1
541939,1
541940,1
541941,0
541942,1
541943,1
541944,1
541945,0
541946,1
541947,0
541948,0
541949,1
541950,0
541951,0
541952,0
541953,0
541954,0
541955,1
541956,1
541957,1
541958,0
541959,0
541960,0
541961,1
541962,1
541963,0
541964,0
541965,1
541966,1
541967,0
541968,1
541969,1
541970,0
541971,0
541972,0
541973,0
541974,1
541975,1
541976,0
541977,0
541978,1
541979,1
541980,0
541981,0
541982,0
541983,1
541984,0
541985,0
541986,1
541987,0
541988,1
541989,1
541990,0
541991,1
541992,1
541993,0
541994,0
541995,1
541996,1
541997,0
541998,0
541999,0
542000,1
542001,1
542002,1
542003,0
542004,0
542005,0
542006,0
542007,1
542008,1
542009,0
542010,1
542011,1
542012,1
542013,0
542014,1
542015,1
542016,0
542017,0
542018,0
542019,0
542020,1
542021,0
542022,0
542023,1
542024,0
542025,1
542026,1
542027,1
542028,0
542029,1
542030,1
542031,0
542032,1
542033,0
542034,1
542035,0
542036,0
542037,0
542038,1
542039,1
542040,1
542041,1
542042,0
542043,0
542044,0
542045,1
542046,0
542047,1
542048,1
542049,0
542050,1
542051,0
542052,1
542053,0
542054,0
542055,0
542056,1
542057,0
542058,1
542059,1
542060,0
542061,0
542062,0
542063,0
542064,1
542065,1
542066,1
542067,0
542068,0
542069,0
542070,1
542071,1
542072,0
542073,1
542074,1
542075,1
542076,0
542077,0
542078,1
542079,1
542080,1
542081,0
542082,1
542083,1
542084,0
542085,0
542086,1
542087,1
542088,1
542089,1
542090,1
542091,0
542092,1
542093,0
542094,1
542095,0
542096,1
542097,1
542098,1
542099,1
542100,0
542101,1
542102,1
542103,1
542104,0
542105,0
542106,1
542107,1
542108,1
542109,1
542110,0
542111,1
542112,1
542113,1
542114,1
542115,1
542116,1
542117,1
542118,0
542119,1
542120,1
542121,1
542122,0
542123,1
542124,0
542125,1
542126,0
542127,1
542128,0
542129,1
542130,0
542131,1
542132,0
542133,1
542134,0
542135,1
542136,1
542137,1
542138,0
542139,1
542140,0
542141,1
542142,1
542143,1
542144,1
542145,1
542146,1
542147,1
542148,1
542149,1
542150,1
542151,1
542152,1
542153,1
542154,1
542155,0
542156,1
542157,1
542158,1
542159,1
542160,0
542161,1
542162,1
542163,1
542164,0
542165,0
542166,0
542167,0
542168,1
542169,0
542170,0
542171,1
542172,0
542173,1
542174,1
542175,1
542176,1
542177,1
542178,1
542179,1
542180,0
542181,1
542182,1
542183,0
542184,1
542185,1
542186,0
542187,0
542188,1
542189,1
542190,1
542191,1
542192,1
542193,1
542194,1
542195,1
542196,0
542197,1
542198,1
542199,1
542200,1
542201,1
542202,1
542203,1
542204,1
542205,1
542206,1
542207,1
542208,1
542209,1
542210,1
542211,1
542212,1
542213,1
542214,1
542215,1
542216,0
542217,1
542218,0
542219,1
542220,0
542221,1
542222,1
542223,0
542224,1
542225,0
542226,1
542227,1
542228,0
542229,0
542230,0
542231,1
542232,0
542233,1
542234,1
542235,1
542236,0
542237,1
542238,0
542239,1
542240,1
542241,0
542242,1
542243,1
542244,0
542245,1
542246,1
542247,1
542248,1
542249,1
542250,0
542251,0
542252,1
542253,1
542254,1
542255,0
542256,1
542257,1
542258,1
542259,1
542260,1
542261,1
542262,1
542263,1
542264,1
542265,1
542266,1
542267,0
542268,1
542269,1
542270,0
542271,1
542272,1
542273,1
542274,1
542275,0
542276,1
542277,1
542278,1
542279,1
542280,1
542281,1
542282,0
542283,0
542284,1
542285,1
542286,0
542287,1
542288,1
542289,0
542290,1
542291,1
542292,1
542293,0
542294,1
542295,0
542296,1
542297,1
542298,1
542299,0
542300,0
542301,1
542302,0
542303,1
542304,1
542305,1
542306,0
542307,1
542308,1
542309,0
542310,1
542311,1
542312,1
542313,1
542314,0
542315,0
542316,1
542317,1
542318,1
542319,1
542320,1
542321,1
542322,1
542323,1
542324,0
542325,0
542326,1
542327,0
542328,1
542329,1
542330,1
542331,0
542332,0
542333,0
542334,1
542335,0
542336,1
542337,1
542338,1
542339,1
542340,1
542341,1
542342,1
542343,0
542344,1
542345,0
542346,1
542347,0
542348,1
542349,0
542350,1
542351,1
542352,1
542353,1
542354,1
542355,0
542356,0
542357,0
542358,1
542359,1
542360,1
542361,1
542362,1
542363,1
542364,0
542365,0
542366,0
542367,0
542368,1
542369,0
542370,1
542371,1
542372,0
542373,0
542374,1
542375,1
542376,1
542377,0
542378,1
542379,0
542380,1
542381,0
542382,0
542383,0
542384,1
542385,0
542386,1
542387,1
542388,0
542389,0
542390,0
542391,0
542392,0
542393,1
542394,0
542395,0
542396,0
542397,0
542398,0
542399,0
542400,0
542401,0
542402,0
542403,1
542404,0
542405,1
542406,0
542407,1
542408,0
542409,1
542410,0
542411,0
542412,0
542413,0
542414,1
542415,0
542416,1
542417,0
542418,1
542419,1
542420,1
542421,1
542422,1
542423,0
542424,0
542425,0
542426,0
542427,1
542428,1
542429,0
542430,0
542431,1
542432,1
542433,0
542434,1
542435,1
542436,1
542437,0
542438,0
542439,1
542440,0
542441,0
542442,1
542443,1
542444,0
542445,1
542446,1
542447,0
542448,0
542449,1
542450,0
542451,0
542452,1
542453,0
542454,0
542455,1
542456,1
542457,1
542458,0
542459,1
542460,1
542461,0
542462,1
542463,1
542464,1
542465,1
542466,1
542467,0
542468,0
542469,1
542470,1
542471,1
542472,0
542473,1
542474,0
542475,1
542476,0
542477,1
542478,0
542479,0
542480,0
542481,1
542482,0
542483,1
542484,0
542485,0
542486,1
542487,1
542488,1
542489,1
542490,1
542491,0
542492,0
542493,1
542494,0
542495,0
542496,1
542497,0
542498,1
542499,0
542500,0
542501,0
542502,0
542503,0
542504,0
542505,0
542506,0
542507,0
542508,1
542509,1
542510,1
542511,0
542512,0
542513,1
542514,0
542515,0
542516,1
542517,1
542518,1
542519,0
542520,1
542521,1
542522,0
542523,0
542524,0
542525,1
542526,1
542527,1
542528,1
542529,1
542530,1
542531,1
542532,0
542533,0
542534,1
542535,0
542536,0
542537,0
542538,1
542539,1
542540,0
542541,0
542542,0
542543,0
542544,1
542545,1
542546,0
542547,1
542548,0
542549,0
542550,1
542551,0
542552,1
542553,0
542554,0
542555,0
542556,1
542557,1
542558,1
542559,0
542560,1
542561,0
542562,0
542563,0
542564,1
542565,0
542566,0
542567,0
542568,1
542569,0
542570,0
542571,0
542572,0
542573,0
542574,0
542575,0
542576,1
542577,0
542578,0
542579,1
542580,1
542581,1
542582,1
542583,1
542584,1
542585,1
542586,1
542587,1
542588,1
542589,1
542590,0
542591,0
542592,0
542593,0
542594,0
542595,1
542596,1
542597,1
542598,1
542599,0
542600,0
542601,1
542602,0
542603,0
542604,1
542605,0
542606,0
542607,1
542608,1
542609,1
542610,0
542611,0
542612,1
542613,0
542614,1
542615,0
542616,0
542617,0
542618,1
542619,0
542620,0
542621,0
542622,1
542623,1
542624,0
542625,0
542626,1
542627,0
542628,0
542629,1
542630,1
542631,1
542632,0
542633,0
542634,1
542635,1
542636,0
542637,0
542638,1
542639,0
542640,0
542641,1
542642,1
542643,1
542644,0
542645,1
542646,1
542647,0
542648,1
542649,1
542650,0
542651,0
542652,1
542653,1
542654,1
542655,1
542656,1
542657,0
542658,1
542659,1
542660,0
542661,0
542662,1
542663,1
542664,1
542665,1
542666,0
542667,0
542668,0
542669,0
542670,0
542671,1
542672,0
542673,1
542674,0
542675,0
542676,1
542677,1
542678,0
542679,1
542680,0
542681,1
542682,0
542683,0
542684,0
542685,0
542686,0
542687,1
542688,0
542689,1
542690,0
542691,1
542692,1
542693,1
542694,0
542695,1
542696,1
542697,1
542698,0
542699,1
542700,0
542701,0
542702,0
542703,0
542704,0
542705,0
542706,1
542707,0
542708,1
542709,1
542710,0
542711,1
542712,1
542713,1
542714,1
542715,0
542716,0
542717,1
542718,1
542719,1
542720,0
542721,1
542722,1
542723,0
542724,1
542725,1
542726,1
542727,1
542728,0
542729,1
542730,1
542731,1
542732,0
542733,1
542734,1
542735,1
542736,0
542737,1
542738,1
542739,0
542740,1
542741,0
542742,1
542743,0
542744,1
542745,0
542746,0
542747,1
542748,1
542749,1
542750,1
542751,1
542752,0
542753,0
542754,1
542755,1
542756,1
542757,0
542758,1
542759,0
542760,1
542761,1
542762,0
542763,1
542764,1
542765,1
542766,1
542767,1
542768,1
542769,0
542770,1
542771,1
542772,0
542773,0
542774,0
542775,0
542776,1
542777,0
542778,1
542779,0
542780,1
542781,0
542782,1
542783,0
542784,0
542785,0
542786,0
542787,1
542788,1
542789,1
542790,0
542791,1
542792,0
542793,0
542794,0
542795,1
542796,1
542797,0
542798,1
542799,1
542800,1
542801,1
542802,0
542803,1
542804,1
542805,1
542806,1
542807,0
542808,1
542809,1
542810,1
542811,1
542812,1
542813,1
542814,0
542815,1
542816,1
542817,1
542818,1
542819,0
542820,1
542821,0
542822,1
542823,0
542824,0
542825,1
542826,0
542827,1
542828,0
542829,0
542830,0
542831,0
542832,1
542833,0
542834,1
542835,1
542836,1
542837,1
542838,0
542839,0
542840,0
542841,0
542842,1
542843,0
542844,1
542845,1
542846,1
542847,1
542848,1
542849,0
542850,1
542851,0
542852,0
542853,1
542854,0
542855,0
542856,0
542857,1
542858,0
542859,1
542860,1
542861,1
542862,1
542863,1
542864,0
542865,0
542866,1
542867,0
542868,1
542869,0
542870,1
542871,0
542872,1
542873,0
542874,0
542875,1
542876,1
542877,0
542878,0
542879,0
542880,0
542881,1
542882,1
542883,0
542884,1
542885,1
542886,1
542887,1
542888,0
542889,0
542890,1
542891,0
542892,1
542893,1
542894,1
542895,0
542896,0
542897,0
542898,0
542899,0
542900,1
542901,1
542902,0
542903,0
542904,1
542905,1
542906,0
542907,0
542908,1
542909,1
542910,1
542911,0
542912,0
542913,0
542914,1
542915,0
542916,1
542917,1
542918,1
542919,0
542920,0
542921,0
542922,1
542923,1
542924,0
542925,0
542926,1
542927,0
542928,1
542929,1
542930,0
542931,1
542932,1
542933,0
542934,1
542935,1
542936,0
542937,1
542938,1
542939,1
542940,0
542941,1
542942,1
542943,0
542944,0
542945,1
542946,1
542947,1
542948,1
542949,1
542950,0
542951,0
542952,0
542953,0
542954,1
542955,1
542956,0
542957,1
542958,0
542959,0
542960,1
542961,1
542962,1
542963,1
542964,0
542965,1
542966,0
542967,1
542968,0
542969,1
542970,1
542971,1
542972,0
542973,1
542974,0
542975,0
542976,0
542977,1
542978,1
542979,0
542980,0
542981,1
542982,1
542983,0
542984,1
542985,0
542986,1
542987,1
542988,1
542989,0
542990,1
542991,0
542992,1
542993,1
542994,1
542995,1
542996,0
542997,1
542998,0
542999,1
543000,1
543001,0
543002,0
543003,0
543004,0
543005,1
543006,0
543007,0
543008,1
543009,1
543010,1
543011,1
543012,0
543013,0
543014,0
543015,1
543016,1
543017,0
543018,1
543019,0
543020,1
543021,1
543022,1
543023,0
543024,1
543025,1
543026,1
543027,1
543028,1
543029,1
543030,1
543031,1
543032,0
543033,1
543034,1
543035,1
543036,1
543037,1
543038,1
543039,1
543040,1
543041,1
543042,0
543043,0
543044,1
543045,1
543046,0
543047,1
543048,0
543049,0
543050,1
543051,1
543052,1
543053,0
543054,1
543055,0
543056,1
543057,0
543058,1
543059,0
543060,1
543061,1
543062,1
543063,0
543064,1
543065,0
543066,0
543067,0
543068,1
543069,1
543070,0
543071,0
543072,1
543073,1
543074,1
543075,1
543076,0
543077,1
543078,0
543079,1
543080,1
543081,1
543082,1
543083,1
543084,1
543085,0
543086,1
543087,1
543088,0
543089,0
543090,1
543091,1
543092,1
543093,1
543094,1
543095,1
543096,0
543097,0
543098,1
543099,1
543100,1
543101,1
543102,1
543103,1
543104,1
543105,0
543106,1
543107,1
543108,1
543109,0
543110,0
543111,0
543112,1
543113,1
543114,0
543115,0
543116,1
543117,1
543118,1
543119,1
543120,0
543121,0
543122,1
543123,0
543124,0
543125,1
543126,1
543127,0
543128,1
543129,0
543130,0
543131,0
543132,0
543133,0
543134,0
543135,1
543136,0
543137,1
543138,1
543139,0
543140,1
543141,1
543142,1
543143,1
543144,1
543145,0
543146,0
543147,0
543148,1
543149,0
543150,0
543151,1
543152,1
543153,1
543154,0
543155,1
543156,0
543157,1
543158,0
543159,1
543160,1
543161,0
543162,1
543163,1
543164,1
543165,1
543166,0
543167,0
543168,0
543169,1
543170,0
543171,0
543172,1
543173,1
543174,1
543175,1
543176,1
543177,1
543178,1
543179,0
543180,0
543181,0
543182,1
543183,1
543184,1
543185,0
543186,1
543187,1
543188,1
543189,1
543190,1
543191,1
543192,0
543193,0
543194,1
543195,0
543196,0
543197,0
543198,0
543199,0
543200,1
543201,1
543202,1
543203,0
543204,1
543205,1
543206,0
543207,0
543208,0
543209,1
543210,1
543211,1
543212,0
543213,0
543214,0
543215,1
543216,0
543217,0
543218,1
543219,0
543220,1
543221,0
543222,1
543223,1
543224,1
543225,0
543226,0
543227,1
543228,1
543229,0
543230,0
543231,0
543232,0
543233,0
543234,0
543235,1
543236,0
543237,0
543238,0
543239,1
543240,1
543241,0
543242,0
543243,1
543244,1
543245,0
543246,0
543247,1
543248,1
543249,0
543250,0
543251,1
543252,1
543253,0
543254,1
543255,0
543256,0
543257,0
543258,1
543259,0
543260,1
543261,0
543262,1
543263,0
543264,1
543265,1
543266,1
543267,0
543268,1
543269,1
543270,1
543271,1
543272,1
543273,1
543274,0
543275,1
543276,0
543277,0
543278,0
543279,1
543280,0
543281,0
543282,1
543283,0
543284,0
543285,0
543286,1
543287,1
543288,1
543289,1
543290,1
543291,1
543292,1
543293,0
543294,1
543295,0
543296,1
543297,0
543298,1
543299,0
543300,1
543301,0
543302,0
543303,1
543304,0
543305,1
543306,1
543307,1
543308,1
543309,1
543310,1
543311,0
543312,1
543313,0
543314,0
543315,0
543316,1
543317,1
543318,1
543319,0
543320,1
543321,1
543322,1
543323,1
543324,0
543325,0
543326,0
543327,0
543328,0
543329,0
543330,1
543331,0
543332,0
543333,0
543334,1
543335,0
543336,1
543337,0
543338,1
543339,0
543340,1
543341,0
543342,0
543343,0
543344,0
543345,0
543346,0
543347,1
543348,0
543349,1
543350,1
543351,1
543352,1
543353,0
543354,0
543355,1
543356,1
543357,1
543358,1
543359,1
543360,0
543361,1
543362,0
543363,0
543364,1
543365,1
543366,0
543367,0
543368,0
543369,1
543370,1
543371,1
543372,1
543373,1
543374,0
543375,1
543376,0
543377,1
543378,1
543379,1
543380,0
543381,1
543382,0
543383,1
543384,1
543385,1
543386,1
543387,0
543388,1
543389,0
543390,1
543391,1
543392,0
543393,0
543394,0
543395,0
543396,0
543397,0
543398,0
543399,0
543400,1
543401,0
543402,0
543403,1
543404,1
543405,0
543406,0
543407,1
543408,0
543409,0
543410,0
543411,0
543412,0
543413,0
543414,0
543415,0
543416,1
543417,0
543418,1
543419,1
543420,1
543421,0
543422,1
543423,0
543424,0
543425,1
543426,0
543427,0
543428,0
543429,0
543430,1
543431,1
543432,0
543433,1
543434,0
543435,1
543436,0
543437,0
543438,1
543439,0
543440,0
543441,1
543442,1
543443,1
543444,0
543445,0
543446,1
543447,1
543448,1
543449,0
543450,1
543451,1
543452,0
543453,1
543454,0
543455,0
543456,0
543457,0
543458,0
543459,0
543460,1
543461,0
543462,0
543463,0
543464,1
543465,1
543466,0
543467,1
543468,0
543469,1
543470,0
543471,0
543472,1
543473,1
543474,1
543475,0
543476,1
543477,0
543478,0
543479,1
543480,1
543481,0
543482,1
543483,1
543484,0
543485,0
543486,1
543487,1
543488,1
543489,0
543490,0
543491,1
543492,0
543493,1
543494,1
543495,0
543496,1
543497,0
543498,1
543499,0
543500,0
543501,0
543502,1
543503,1
543504,0
543505,1
543506,1
543507,0
543508,1
543509,1
543510,1
543511,0
543512,0
543513,0
543514,0
543515,0
543516,1
543517,1
543518,0
543519,0
543520,1
543521,1
543522,1
543523,1
543524,0
543525,0
543526,1
543527,0
543528,0
543529,0
543530,1
543531,1
543532,1
543533,1
543534,1
543535,1
543536,0
543537,0
543538,0
543539,1
543540,1
543541,0
543542,0
543543,1
543544,1
543545,1
543546,0
543547,1
543548,1
543549,1
543550,1
543551,1
543552,0
543553,0
543554,1
543555,0
543556,0
543557,0
543558,0
543559,0
543560,1
543561,1
543562,1
543563,0
543564,1
543565,1
543566,0
543567,1
543568,1
543569,1
543570,0
543571,1
543572,1
543573,0
543574,0
543575,0
543576,1
543577,0
543578,1
543579,1
543580,0
543581,1
543582,1
543583,1
543584,1
543585,1
543586,1
543587,1
543588,1
543589,1
543590,1
543591,0
543592,0
543593,0
543594,1
543595,1
543596,0
543597,1
543598,1
543599,0
543600,1
543601,1
543602,1
543603,0
543604,1
543605,1
543606,0
543607,1
543608,0
543609,0
543610,0
543611,0
543612,1
543613,0
543614,1
543615,1
543616,0
543617,0
543618,0
543619,1
543620,1
543621,1
543622,0
543623,1
543624,0
543625,0
543626,1
543627,0
543628,1
543629,1
543630,0
543631,0
543632,1
543633,1
543634,1
543635,0
543636,0
543637,1
543638,1
543639,1
543640,1
543641,1
543642,1
543643,1
543644,0
543645,1
543646,0
543647,0
543648,0
543649,0
543650,1
543651,1
543652,1
543653,0
543654,1
543655,0
543656,1
543657,0
543658,1
543659,1
543660,1
543661,0
543662,1
543663,1
543664,0
543665,1
543666,0
543667,1
543668,1
543669,1
543670,1
543671,1
543672,1
543673,1
543674,0
543675,1
543676,1
543677,0
543678,1
543679,1
543680,0
543681,0
543682,0
543683,0
543684,1
543685,0
543686,0
543687,1
543688,0
543689,0
543690,1
543691,1
543692,0
543693,0
543694,1
543695,1
543696,1
543697,0
543698,1
543699,1
543700,1
543701,1
543702,1
543703,0
543704,0
543705,1
543706,1
543707,1
543708,1
543709,1
543710,1
543711,0
543712,0
543713,0
543714,1
543715,1
543716,0
543717,0
543718,0
543719,1
543720,1
543721,1
543722,0
543723,0
543724,1
543725,0
543726,0
543727,1
543728,0
543729,0
543730,1
543731,1
543732,0
543733,1
543734,1
543735,1
543736,0
543737,1
543738,1
543739,1
543740,1
543741,1
543742,1
543743,1
543744,0
543745,0
543746,1
543747,1
543748,0
543749,0
543750,0
543751,1
543752,0
543753,1
543754,0
543755,1
543756,1
543757,1
543758,1
543759,0
543760,1
543761,1
543762,1
543763,0
543764,1
543765,1
543766,1
543767,0
543768,1
543769,1
543770,0
543771,1
543772,1
543773,0
543774,1
543775,1
543776,1
543777,1
543778,0
543779,1
543780,1
543781,1
543782,1
543783,1
543784,1
543785,0
543786,0
543787,0
543788,1
543789,1
543790,0
543791,1
543792,0
543793,1
543794,0
543795,0
543796,1
543797,1
543798,0
543799,0
543800,0
543801,0
543802,1
543803,1
543804,1
543805,1
543806,0
543807,1
543808,0
543809,1
543810,1
543811,1
543812,1
543813,1
543814,1
543815,1
543816,1
543817,0
543818,1
543819,1
543820,1
543821,1
543822,1
543823,0
543824,1
543825,1
543826,1
543827,1
543828,0
543829,1
543830,0
543831,1
543832,0
543833,1
543834,1
543835,0
543836,0
543837,0
543838,0
543839,1
543840,0
543841,1
543842,1
543843,1
543844,1
543845,1
543846,0
543847,1
543848,1
543849,1
543850,0
543851,1
543852,0
543853,1
543854,0
543855,0
543856,1
543857,1
543858,1
543859,1
543860,0
543861,1
543862,1
543863,1
543864,1
543865,1
543866,1
543867,0
543868,1
543869,1
543870,0
543871,1
543872,1
543873,1
543874,1
543875,1
543876,1
543877,0
543878,1
543879,1
543880,1
543881,1
543882,1
543883,1
543884,1
543885,0
543886,1
543887,1
543888,1
543889,0
543890,1
543891,1
543892,1
543893,1
543894,1
543895,1
543896,1
543897,0
543898,1
543899,1
543900,1
543901,0
543902,1
543903,1
543904,1
543905,1
543906,1
543907,0
543908,1
543909,1
543910,0
543911,0
543912,0
543913,1
543914,1
543915,0
543916,1
543917,1
543918,1
543919,1
543920,0
543921,1
543922,1
543923,1
543924,0
543925,1
543926,1
543927,1
543928,1
543929,1
543930,0
543931,1
543932,1
543933,1
543934,1
543935,1
543936,1
543937,1
543938,1
543939,0
543940,1
543941,1
543942,1
543943,1
543944,1
543945,1
543946,1
543947,1
543948,1
543949,1
543950,1
543951,0
543952,1
543953,1
543954,1
543955,1
543956,1
543957,1
543958,0
543959,1
543960,1
543961,0
543962,1
543963,0
543964,1
543965,1
543966,1
543967,0
543968,1
543969,1
543970,0
543971,1
543972,1
543973,0
543974,1
543975,1
543976,1
543977,1
543978,1
543979,1
543980,1
543981,0
543982,1
543983,1
543984,1
543985,0
543986,1
543987,1
543988,1
543989,1
543990,1
543991,0
543992,0
543993,0
543994,1
543995,0
543996,1
543997,1
543998,1
543999,1
544000,0
544001,0
544002,1
544003,0
544004,1
544005,0
544006,0
544007,1
544008,1
544009,1
544010,1
544011,1
544012,1
544013,1
544014,1
544015,0
544016,1
544017,0
544018,0
544019,1
544020,1
544021,1
544022,1
544023,0
544024,0
544025,1
544026,1
544027,0
544028,1
544029,1
544030,0
544031,1
544032,1
544033,0
544034,0
544035,1
544036,0
544037,0
544038,1
544039,1
544040,1
544041,0
544042,1
544043,1
544044,1
544045,1
544046,0
544047,0
544048,1
544049,1
544050,1
544051,1
544052,1
544053,0
544054,1
544055,1
544056,0
544057,0
544058,0
544059,1
544060,1
544061,1
544062,1
544063,1
544064,0
544065,0
544066,0
544067,1
544068,0
544069,0
544070,0
544071,0
544072,1
544073,1
544074,0
544075,1
544076,1
544077,1
544078,0
544079,1
544080,0
544081,1
544082,1
544083,1
544084,0
544085,1
544086,0
544087,0
544088,0
544089,1
544090,1
544091,0
544092,0
544093,1
544094,0
544095,1
544096,0
544097,0
544098,1
544099,1
544100,1
544101,0
544102,1
544103,0
544104,1
544105,0
544106,0
544107,1
544108,0
544109,0
544110,0
544111,1
544112,0
544113,1
544114,1
544115,0
544116,0
544117,1
544118,0
544119,1
544120,1
544121,0
544122,0
544123,1
544124,1
544125,0
544126,0
544127,1
544128,1
544129,0
544130,1
544131,0
544132,1
544133,1
544134,1
544135,0
544136,1
544137,1
544138,1
544139,1
544140,1
544141,1
544142,0
544143,1
544144,0
544145,1
544146,0
544147,1
544148,1
544149,0
544150,0
544151,1
544152,0
544153,0
544154,0
544155,0
544156,1
544157,1
544158,1
544159,0
544160,1
544161,0
544162,0
544163,0
544164,1
544165,0
544166,1
544167,0
544168,1
544169,0
544170,0
544171,0
544172,1
544173,1
544174,0
544175,1
544176,1
544177,1
544178,0
544179,0
544180,1
544181,1
544182,0
544183,0
544184,1
544185,1
544186,1
544187,1
544188,1
544189,1
544190,0
544191,1
544192,0
544193,1
544194,1
544195,1
544196,0
544197,0
544198,1
544199,1
544200,1
544201,0
544202,1
544203,1
544204,0
544205,1
544206,0
544207,1
544208,1
544209,0
544210,1
544211,0
544212,1
544213,0
544214,1
544215,1
544216,1
544217,0
544218,0
544219,0
544220,1
544221,0
544222,0
544223,1
544224,1
544225,1
544226,1
544227,1
544228,1
544229,1
544230,1
544231,1
544232,1
544233,0
544234,1
544235,0
544236,1
544237,1
544238,0
544239,0
544240,1
544241,1
544242,0
544243,1
544244,0
544245,0
544246,0
544247,0
544248,0
544249,1
544250,1
544251,1
544252,1
544253,1
544254,1
544255,1
544256,1
544257,0
544258,1
544259,0
544260,0
544261,0
544262,0
544263,1
544264,0
544265,1
544266,0
544267,1
544268,0
544269,1
544270,1
544271,1
544272,1
544273,0
544274,1
544275,1
544276,1
544277,1
544278,0
544279,0
544280,0
544281,1
544282,1
544283,1
544284,0
544285,0
544286,1
544287,1
544288,1
544289,1
544290,0
544291,1
544292,1
544293,1
544294,0
544295,0
544296,1
544297,0
544298,1
544299,1
544300,0
544301,1
544302,0
544303,1
544304,1
544305,0
544306,1
544307,1
544308,1
544309,0
544310,1
544311,0
544312,1
544313,1
544314,1
544315,1
544316,0
544317,1
544318,1
544319,1
544320,0
544321,1
544322,0
544323,0
544324,0
544325,0
544326,1
544327,0
544328,0
544329,1
544330,1
544331,1
544332,1
544333,0
544334,1
544335,1
544336,1
544337,0
544338,1
544339,1
544340,1
544341,0
544342,0
544343,0
544344,1
544345,0
544346,0
544347,1
544348,1
544349,1
544350,0
544351,1
544352,1
544353,0
544354,1
544355,1
544356,0
544357,0
544358,1
544359,0
544360,1
544361,0
544362,1
544363,1
544364,0
544365,0
544366,1
544367,0
544368,1
544369,0
544370,1
544371,1
544372,0
544373,1
544374,1
544375,1
544376,0
544377,0
544378,1
544379,1
544380,0
544381,0
544382,0
544383,0
544384,0
544385,0
544386,1
544387,1
544388,0
544389,0
544390,0
544391,1
544392,1
544393,0
544394,0
544395,1
544396,1
544397,1
544398,1
544399,0
544400,1
544401,0
544402,1
544403,1
544404,1
544405,0
544406,1
544407,1
544408,1
544409,0
544410,0
544411,0
544412,1
544413,0
544414,0
544415,1
544416,0
544417,0
544418,0
544419,0
544420,0
544421,1
544422,0
544423,0
544424,0
544425,0
544426,1
544427,1
544428,1
544429,0
544430,1
544431,1
544432,0
544433,0
544434,1
544435,1
544436,0
544437,0
544438,1
544439,1
544440,0
544441,1
544442,1
544443,1
544444,0
544445,1
544446,0
544447,0
544448,1
544449,1
544450,0
544451,1
544452,0
544453,1
544454,1
544455,1
544456,0
544457,0
544458,1
544459,0
544460,0
544461,1
544462,0
544463,1
544464,0
544465,0
544466,1
544467,0
544468,1
544469,0
544470,1
544471,0
544472,0
544473,0
544474,1
544475,0
544476,0
544477,0
544478,0
544479,0
544480,0
544481,0
544482,0
544483,1
544484,1
544485,1
544486,1
544487,1
544488,1
544489,1
544490,0
544491,0
544492,0
544493,1
544494,1
544495,1
544496,1
544497,1
544498,1
544499,1
544500,1
544501,0
544502,1
544503,0
544504,0
544505,1
544506,1
544507,1
544508,1
544509,0
544510,1
544511,1
544512,1
544513,1
544514,1
544515,1
544516,1
544517,1
544518,0
544519,1
544520,1
544521,0
544522,1
544523,0
544524,1
544525,0
544526,1
544527,0
544528,1
544529,0
544530,1
544531,1
544532,1
544533,0
544534,1
544535,1
544536,0
544537,1
544538,1
544539,1
544540,1
544541,1
544542,1
544543,1
544544,0
544545,1
544546,0
544547,1
544548,1
544549,1
544550,0
544551,0
544552,0
544553,1
544554,0
544555,0
544556,0
544557,1
544558,0
544559,1
544560,0
544561,1
544562,1
544563,1
544564,0
544565,1
544566,0
544567,1
544568,1
544569,1
544570,1
544571,1
544572,0
544573,1
544574,1
544575,1
544576,1
544577,0
544578,0
544579,1
544580,0
544581,1
544582,1
544583,0
544584,1
544585,1
544586,1
544587,1
544588,0
544589,1
544590,1
544591,1
544592,0
544593,1
544594,0
544595,1
544596,0
544597,1
544598,0
544599,1
544600,1
544601,0
544602,1
544603,0
544604,0
544605,1
544606,1
544607,0
544608,1
544609,1
544610,1
544611,0
544612,0
544613,1
544614,1
544615,0
544616,1
544617,1
544618,0
544619,1
544620,1
544621,0
544622,1
544623,1
544624,1
544625,1
544626,0
544627,1
544628,1
544629,1
544630,1
544631,1
544632,1
544633,1
544634,1
544635,1
544636,0
544637,1
544638,0
544639,0
544640,1
544641,1
544642,1
544643,0
544644,1
544645,0
544646,0
544647,1
544648,0
544649,1
544650,1
544651,1
544652,1
544653,0
544654,1
544655,1
544656,1
544657,1
544658,1
544659,1
544660,0
544661,0
544662,0
544663,1
544664,1
544665,1
544666,1
544667,1
544668,1
544669,0
544670,1
544671,1
544672,1
544673,0
544674,1
544675,1
544676,0
544677,0
544678,1
544679,1
544680,1
544681,1
544682,0
544683,0
544684,1
544685,1
544686,0
544687,0
544688,1
544689,1
544690,0
544691,1
544692,1
544693,1
544694,1
544695,0
544696,1
544697,0
544698,1
544699,1
544700,1
544701,1
544702,0
544703,0
544704,1
544705,0
544706,0
544707,0
544708,1
544709,1
544710,1
544711,1
544712,1
544713,1
544714,1
544715,0
544716,0
544717,1
544718,1
544719,1
544720,0
544721,0
544722,1
544723,0
544724,1
544725,0
544726,1
544727,0
544728,1
544729,1
544730,0
544731,0
544732,1
544733,1
544734,1
544735,1
544736,1
544737,1
544738,1
544739,1
544740,1
544741,0
544742,1
544743,0
544744,1
544745,1
544746,0
544747,0
544748,1
544749,1
544750,1
544751,1
544752,1
544753,1
544754,1
544755,1
544756,1
544757,0
544758,1
544759,0
544760,1
544761,1
544762,1
544763,1
544764,0
544765,0
544766,1
544767,0
544768,1
544769,1
544770,0
544771,0
544772,1
544773,1
544774,1
544775,1
544776,1
544777,1
544778,0
544779,0
544780,0
544781,0
544782,0
544783,0
544784,1
544785,1
544786,0
544787,0
544788,0
544789,0
544790,0
544791,1
544792,1
544793,1
544794,1
544795,1
544796,1
544797,0
544798,0
544799,0
544800,1
544801,0
544802,1
544803,1
544804,0
544805,1
544806,0
544807,1
544808,1
544809,0
544810,0
544811,1
544812,1
544813,1
544814,0
544815,0
544816,1
544817,0
544818,1
544819,1
544820,1
544821,0
544822,0
544823,0
544824,0
544825,1
544826,1
544827,0
544828,0
544829,1
544830,1
544831,1
544832,0
544833,0
544834,0
544835,0
544836,1
544837,1
544838,0
544839,0
544840,0
544841,1
544842,0
544843,0
544844,0
544845,0
544846,1
544847,0
544848,0
544849,0
544850,0
544851,0
544852,1
544853,0
544854,0
544855,1
544856,0
544857,0
544858,0
544859,1
544860,0
544861,0
544862,0
544863,1
544864,0
544865,1
544866,0
544867,1
544868,1
544869,0
544870,1
544871,1
544872,0
544873,0
544874,0
544875,1
544876,0
544877,1
544878,0
544879,1
544880,1
544881,0
544882,0
544883,0
544884,1
544885,0
544886,0
544887,1
544888,0
544889,1
544890,0
544891,0
544892,1
544893,1
544894,1
544895,0
544896,1
544897,1
544898,1
544899,1
544900,0
544901,0
544902,0
544903,1
544904,0
544905,1
544906,0
544907,0
544908,0
544909,0
544910,1
544911,1
544912,0
544913,0
544914,0
544915,1
544916,0
544917,0
544918,0
544919,0
544920,1
544921,0
544922,1
544923,1
544924,0
544925,1
544926,1
544927,1
544928,0
544929,0
544930,0
544931,0
544932,0
544933,0
544934,1
544935,0
544936,0
544937,0
544938,0
544939,1
544940,0
544941,1
544942,0
544943,0
544944,0
544945,0
544946,0
544947,0
544948,1
544949,1
544950,1
544951,0
544952,0
544953,0
544954,0
544955,0
544956,0
544957,0
544958,0
544959,1
544960,1
544961,0
544962,0
544963,1
544964,1
544965,1
544966,0
544967,1
544968,0
544969,0
544970,0
544971,1
544972,0
544973,0
544974,0
544975,0
544976,1
544977,0
544978,1
544979,1
544980,0
544981,1
544982,0
544983,0
544984,0
544985,1
544986,0
544987,0
544988,1
544989,1
544990,0
544991,0
544992,1
544993,0
544994,0
544995,0
544996,1
544997,0
544998,0
544999,1
545000,0
545001,0
545002,0
545003,0
545004,0
545005,0
545006,0
545007,0
545008,1
545009,1
545010,0
545011,0
545012,0
545013,1
545014,1
545015,0
545016,1
545017,1
545018,1
545019,0
545020,1
545021,1
545022,0
545023,0
545024,0
545025,0
545026,0
545027,1
545028,1
545029,1
545030,0
545031,0
545032,0
545033,0
545034,0
545035,1
545036,0
545037,1
545038,0
545039,0
545040,1
545041,1
545042,0
545043,0
545044,0
545045,1
545046,0
545047,0
545048,0
545049,0
545050,1
545051,1
545052,0
545053,1
545054,1
545055,0
545056,0
545057,0
545058,1
545059,0
545060,1
545061,0
545062,1
545063,1
545064,1
545065,1
545066,1
545067,1
545068,1
545069,0
545070,1
545071,1
545072,0
545073,1
545074,0
545075,0
545076,1
545077,0
545078,1
545079,0
545080,1
545081,1
545082,1
545083,0
545084,0
545085,1
545086,1
545087,0
545088,0
545089,0
545090,1
545091,1
545092,1
545093,1
545094,1
545095,1
545096,1
545097,1
545098,1
545099,1
545100,0
545101,1
545102,1
545103,1
545104,1
545105,1
545106,1
545107,1
545108,1
545109,1
545110,1
545111,1
545112,1
545113,1
545114,0
545115,1
545116,1
545117,1
545118,0
545119,0
545120,0
545121,0
545122,0
545123,1
545124,1
545125,1
545126,0
545127,1
545128,0
545129,0
545130,1
545131,1
545132,1
545133,0
545134,1
545135,1
545136,0
545137,1
545138,1
545139,0
545140,1
545141,1
545142,1
545143,0
545144,1
545145,1
545146,1
545147,1
545148,0
545149,1
545150,1
545151,1
545152,1
545153,1
545154,0
545155,1
545156,1
545157,0
545158,0
545159,1
545160,1
545161,0
545162,1
545163,0
545164,1
545165,1
545166,1
545167,0
545168,0
545169,1
545170,1
545171,1
545172,0
545173,0
545174,1
545175,0
545176,1
545177,0
545178,1
545179,1
545180,1
545181,1
545182,1
545183,1
545184,1
545185,1
545186,1
545187,0
545188,1
545189,0
545190,1
545191,0
545192,1
545193,1
545194,1
545195,1
545196,1
545197,1
545198,1
545199,1
545200,1
545201,1
545202,1
545203,1
545204,0
545205,0
545206,0
545207,1
545208,0
545209,0
545210,1
545211,0
545212,1
545213,0
545214,1
545215,1
545216,0
545217,0
545218,1
545219,0
545220,0
545221,1
545222,1
545223,1
545224,0
545225,1
545226,0
545227,0
545228,1
545229,1
545230,0
545231,0
545232,0
545233,0
545234,0
545235,0
545236,1
545237,1
545238,1
545239,1
545240,0
545241,1
545242,1
545243,1
545244,1
545245,1
545246,1
545247,1
545248,1
545249,1
545250,0
545251,0
545252,1
545253,0
545254,1
545255,0
545256,0
545257,1
545258,1
545259,1
545260,1
545261,1
545262,1
545263,1
545264,1
545265,1
545266,1
545267,0
545268,1
545269,0
545270,1
545271,1
545272,0
545273,1
545274,0
545275,0
545276,1
545277,1
545278,0
545279,1
545280,0
545281,1
545282,0
545283,0
545284,0
545285,0
545286,0
545287,1
545288,0
545289,1
545290,0
545291,1
545292,1
545293,1
545294,1
545295,1
545296,1
545297,1
545298,1
545299,0
545300,0
545301,1
545302,0
545303,1
545304,0
545305,1
545306,1
545307,1
545308,0
545309,1
545310,0
545311,1
545312,0
545313,1
545314,1
545315,1
545316,1
545317,1
545318,0
545319,1
545320,0
545321,0
545322,1
545323,0
545324,1
545325,1
545326,0
545327,0
545328,1
545329,0
545330,0
545331,1
545332,1
545333,0
545334,0
545335,1
545336,1
545337,0
545338,0
545339,1
545340,1
545341,1
545342,0
545343,1
545344,1
545345,1
545346,1
545347,0
545348,1
545349,1
545350,0
545351,1
545352,1
545353,0
545354,1
545355,1
545356,1
545357,0
545358,1
545359,0
545360,1
545361,0
545362,1
545363,1
545364,1
545365,1
545366,0
545367,1
545368,1
545369,0
545370,1
545371,0
545372,1
545373,1
545374,1
545375,1
545376,0
545377,1
545378,1
545379,1
545380,1
545381,1
545382,0
545383,1
545384,0
545385,1
545386,1
545387,1
545388,0
545389,0
545390,1
545391,0
545392,1
545393,0
545394,1
545395,1
545396,0
545397,1
545398,1
545399,0
545400,1
545401,1
545402,1
545403,0
545404,1
545405,0
545406,0
545407,1
545408,1
545409,1
545410,1
545411,0
545412,1
545413,0
545414,1
545415,1
545416,1
545417,1
545418,1
545419,1
545420,0
545421,1
545422,1
545423,1
545424,1
545425,0
545426,1
545427,1
545428,1
545429,0
545430,1
545431,0
545432,1
545433,0
545434,0
545435,1
545436,0
545437,0
545438,0
545439,1
545440,1
545441,1
545442,1
545443,0
545444,1
545445,0
545446,0
545447,1
545448,0
545449,1
545450,0
545451,1
545452,1
545453,1
545454,1
545455,1
545456,1
545457,1
545458,1
545459,0
545460,1
545461,0
545462,1
545463,1
545464,1
545465,1
545466,0
545467,1
545468,0
545469,1
545470,1
545471,1
545472,0
545473,0
545474,1
545475,1
545476,0
545477,1
545478,0
545479,1
545480,1
545481,0
545482,1
545483,1
545484,1
545485,1
545486,0
545487,1
545488,0
545489,0
545490,0
545491,1
545492,1
545493,1
545494,1
545495,0
545496,1
545497,1
545498,1
545499,1
545500,1
545501,0
545502,0
545503,1
545504,1
545505,1
545506,0
545507,1
545508,0
545509,1
545510,1
545511,1
545512,1
545513,1
545514,1
545515,0
545516,0
545517,1
545518,1
545519,1
545520,0
545521,1
545522,1
545523,1
545524,1
545525,1
545526,1
545527,1
545528,0
545529,1
545530,1
545531,1
545532,1
545533,1
545534,1
545535,1
545536,1
545537,0
545538,1
545539,1
545540,0
545541,1
545542,1
545543,1
545544,1
545545,1
545546,1
545547,1
545548,1
545549,1
545550,1
545551,1
545552,1
545553,1
545554,1
545555,1
545556,1
545557,1
545558,0
545559,0
545560,0
545561,1
545562,1
545563,1
545564,0
545565,0
545566,0
545567,1
545568,1
545569,0
545570,1
545571,1
545572,0
545573,0
545574,1
545575,0
545576,0
545577,1
545578,1
545579,0
545580,1
545581,1
545582,1
545583,1
545584,0
545585,0
545586,0
545587,1
545588,1
545589,1
545590,1
545591,0
545592,0
545593,1
545594,1
545595,1
545596,0
545597,0
545598,1
545599,0
545600,1
545601,1
545602,1
545603,1
545604,1
545605,0
545606,1
545607,1
545608,1
545609,0
545610,1
545611,0
545612,1
545613,1
545614,0
545615,1
545616,1
545617,1
545618,1
545619,0
545620,1
545621,1
545622,0
545623,0
545624,1
545625,1
545626,0
545627,1
545628,0
545629,1
545630,1
545631,1
545632,1
545633,1
545634,1
545635,0
545636,1
545637,0
545638,1
545639,1
545640,1
545641,1
545642,0
545643,1
545644,1
545645,1
545646,0
545647,1
545648,1
545649,1
545650,1
545651,1
545652,0
545653,1
545654,0
545655,1
545656,1
545657,1
545658,1
545659,0
545660,0
545661,1
545662,1
545663,1
545664,0
545665,1
545666,0
545667,0
545668,1
545669,0
545670,1
545671,1
545672,0
545673,1
545674,0
545675,0
545676,0
545677,1
545678,1
545679,1
545680,0
545681,1
545682,1
545683,0
545684,1
545685,1
545686,1
545687,1
545688,1
545689,1
545690,1
545691,1
545692,1
545693,0
545694,1
545695,1
545696,1
545697,0
545698,1
545699,1
545700,1
545701,1
545702,1
545703,1
545704,0
545705,0
545706,0
545707,1
545708,1
545709,0
545710,1
545711,1
545712,0
545713,0
545714,0
545715,0
545716,1
545717,0
545718,1
545719,1
545720,1
545721,1
545722,1
545723,1
545724,0
545725,0
545726,1
545727,1
545728,1
545729,0
545730,1
545731,1
545732,1
545733,1
545734,1
545735,1
545736,1
545737,1
545738,1
545739,0
545740,0
545741,1
545742,0
545743,1
545744,0
545745,1
545746,0
545747,1
545748,0
545749,1
545750,0
545751,1
545752,1
545753,1
545754,1
545755,0
545756,0
545757,1
545758,1
545759,1
545760,1
545761,0
545762,1
545763,1
545764,1
545765,0
545766,1
545767,0
545768,1
545769,1
545770,0
545771,1
545772,1
545773,1
545774,1
545775,1
545776,1
545777,0
545778,0
545779,0
545780,1
545781,1
545782,1
545783,1
545784,1
545785,1
545786,0
545787,0
545788,1
545789,1
545790,0
545791,1
545792,1
545793,1
545794,1
545795,1
545796,1
545797,1
545798,0
545799,1
545800,1
545801,1
545802,1
545803,1
545804,1
545805,0
545806,1
545807,1
545808,1
545809,1
545810,1
545811,1
545812,0
545813,1
545814,1
545815,1
545816,1
545817,1
545818,1
545819,1
545820,1
545821,1
545822,1
545823,1
545824,1
545825,1
545826,0
545827,1
545828,1
545829,1
545830,0
545831,0
545832,1
545833,1
545834,1
545835,0
545836,1
545837,0
545838,0
545839,1
545840,1
545841,0
545842,0
545843,1
545844,0
545845,1
545846,1
545847,1
545848,1
545849,1
545850,1
545851,1
545852,1
545853,0
545854,0
545855,1
545856,0
545857,1
545858,1
545859,1
545860,0
545861,1
545862,1
545863,1
545864,0
545865,0
545866,0
545867,1
545868,1
545869,0
545870,1
545871,1
545872,1
545873,1
545874,0
545875,0
545876,1
545877,1
545878,1
545879,0
545880,0
545881,1
545882,1
545883,0
545884,1
545885,1
545886,1
545887,1
545888,0
545889,0
545890,1
545891,0
545892,1
545893,1
545894,1
545895,1
545896,1
545897,1
545898,0
545899,0
545900,1
545901,1
545902,1
545903,1
545904,0
545905,1
545906,1
545907,1
545908,0
545909,0
545910,1
545911,0
545912,1
545913,0
545914,1
545915,0
545916,1
545917,1
545918,1
545919,1
545920,1
545921,1
545922,1
545923,1
545924,0
545925,1
545926,1
545927,1
545928,1
545929,1
545930,1
545931,0
545932,1
545933,1
545934,1
545935,1
545936,1
545937,0
545938,0
545939,1
545940,1
545941,1
545942,0
545943,0
545944,0
545945,1
545946,0
545947,1
545948,1
545949,1
545950,1
545951,1
545952,1
545953,1
545954,0
545955,1
545956,1
545957,1
545958,1
545959,1
545960,0
545961,1
545962,1
545963,1
545964,1
545965,1
545966,0
545967,1
545968,0
545969,1
545970,1
545971,0
545972,1
545973,1
545974,1
545975,1
545976,1
545977,1
545978,1
545979,0
545980,1
545981,1
545982,0
545983,1
545984,0
545985,1
545986,0
545987,0
545988,1
545989,1
545990,1
545991,1
545992,1
545993,0
545994,1
545995,0
545996,1
545997,1
545998,1
545999,1
546000,0
546001,1
546002,1
546003,0
546004,1
546005,1
546006,1
546007,0
546008,1
546009,1
546010,1
546011,0
546012,1
546013,1
546014,0
546015,1
546016,1
546017,1
546018,1
546019,1
546020,1
546021,1
546022,0
546023,1
546024,0
546025,1
546026,0
546027,0
546028,1
546029,1
546030,1
546031,1
546032,1
546033,0
546034,1
546035,1
546036,0
546037,1
546038,1
546039,0
546040,1
546041,0
546042,1
546043,0
546044,1
546045,1
546046,0
546047,1
546048,0
546049,1
546050,1
546051,1
546052,0
546053,1
546054,1
546055,0
546056,1
546057,0
546058,0
546059,1
546060,1
546061,1
546062,1
546063,1
546064,1
546065,1
546066,0
546067,1
546068,0
546069,1
546070,1
546071,0
546072,1
546073,1
546074,1
546075,0
546076,1
546077,1
546078,0
546079,0
546080,1
546081,1
546082,0
546083,0
546084,1
546085,0
546086,1
546087,1
546088,1
546089,1
546090,0
546091,0
546092,1
546093,0
546094,1
546095,0
546096,0
546097,0
546098,1
546099,1
546100,1
546101,1
546102,1
546103,1
546104,0
546105,1
546106,1
546107,1
546108,0
546109,1
546110,1
546111,1
546112,0
546113,0
546114,1
546115,0
546116,0
546117,0
546118,1
546119,1
546120,1
546121,1
546122,1
546123,0
546124,1
546125,1
546126,1
546127,1
546128,1
546129,1
546130,1
546131,0
546132,0
546133,0
546134,0
546135,0
546136,1
546137,1
546138,1
546139,1
546140,1
546141,1
546142,1
546143,1
546144,1
546145,1
546146,1
546147,1
546148,1
546149,1
546150,1
546151,1
546152,0
546153,0
546154,1
546155,1
546156,1
546157,0
546158,0
546159,0
546160,1
546161,1
546162,1
546163,1
546164,1
546165,1
546166,1
546167,0
546168,1
546169,0
546170,0
546171,1
546172,1
546173,1
546174,0
546175,0
546176,0
546177,0
546178,1
546179,0
546180,1
546181,1
546182,1
546183,0
546184,1
546185,0
546186,0
546187,0
546188,1
546189,0
546190,1
546191,1
546192,1
546193,0
546194,1
546195,1
546196,1
546197,0
546198,1
546199,1
546200,1
546201,1
546202,0
546203,1
546204,1
546205,1
546206,1
546207,1
546208,1
546209,0
546210,0
546211,1
546212,1
546213,1
546214,0
546215,1
546216,0
546217,0
546218,1
546219,1
546220,0
546221,0
546222,0
546223,0
546224,0
546225,1
546226,0
546227,0
546228,1
546229,1
546230,0
546231,0
546232,0
546233,1
546234,1
546235,1
546236,0
546237,1
546238,1
546239,0
546240,1
546241,1
546242,1
546243,1
546244,0
546245,1
546246,0
546247,1
546248,0
546249,0
546250,0
546251,1
546252,0
546253,0
546254,0
546255,0
546256,1
546257,0
546258,0
546259,1
546260,1
546261,0
546262,0
546263,1
546264,0
546265,1
546266,1
546267,1
546268,0
546269,1
546270,1
546271,0
546272,1
546273,0
546274,1
546275,1
546276,1
546277,0
546278,0
546279,1
546280,1
546281,0
546282,0
546283,1
546284,0
546285,0
546286,1
546287,1
546288,1
546289,0
546290,1
546291,1
546292,0
546293,1
546294,1
546295,0
546296,1
546297,1
546298,0
546299,1
546300,1
546301,0
546302,0
546303,1
546304,0
546305,0
546306,1
546307,0
546308,1
546309,1
546310,1
546311,0
546312,0
546313,1
546314,1
546315,0
546316,0
546317,0
546318,0
546319,0
546320,0
546321,1
546322,1
546323,0
546324,0
546325,1
546326,0
546327,0
546328,1
546329,1
546330,1
546331,1
546332,0
546333,1
546334,0
546335,0
546336,1
546337,1
546338,1
546339,0
546340,0
546341,1
546342,0
546343,0
546344,0
546345,1
546346,1
546347,1
546348,1
546349,0
546350,0
546351,0
546352,1
546353,1
546354,1
546355,0
546356,0
546357,0
546358,1
546359,1
546360,1
546361,0
546362,1
546363,0
546364,1
546365,0
546366,1
546367,1
546368,0
546369,1
546370,1
546371,0
546372,0
546373,1
546374,0
546375,1
546376,1
546377,1
546378,0
546379,1
546380,0
546381,0
546382,0
546383,1
546384,1
546385,1
546386,0
546387,1
546388,1
546389,0
546390,0
546391,0
546392,1
546393,0
546394,0
546395,0
546396,1
546397,1
546398,0
546399,1
546400,0
546401,0
546402,1
546403,1
546404,1
546405,1
546406,1
546407,1
546408,1
546409,0
546410,1
546411,0
546412,1
546413,1
546414,1
546415,1
546416,1
546417,1
546418,1
546419,0
546420,0
546421,0
546422,1
546423,1
546424,1
546425,0
546426,1
546427,1
546428,1
546429,1
546430,0
546431,0
546432,0
546433,0
546434,1
546435,1
546436,0
546437,0
546438,0
546439,1
546440,1
546441,0
546442,1
546443,0
546444,0
546445,1
546446,0
546447,0
546448,1
546449,0
546450,1
546451,1
546452,0
546453,1
546454,0
546455,0
546456,1
546457,1
546458,0
546459,0
546460,0
546461,1
546462,0
546463,1
546464,0
546465,0
546466,0
546467,0
546468,1
546469,0
546470,0
546471,0
546472,0
546473,1
546474,1
546475,0
546476,0
546477,1
546478,1
546479,0
546480,0
546481,1
546482,1
546483,0
546484,1
546485,0
546486,0
546487,0
546488,1
546489,0
546490,0
546491,1
546492,1
546493,1
546494,1
546495,0
546496,0
546497,1
546498,0
546499,0
546500,1
546501,1
546502,1
546503,0
546504,1
546505,0
546506,1
546507,1
546508,1
546509,0
546510,0
546511,1
546512,1
546513,1
546514,1
546515,1
546516,1
546517,1
546518,0
546519,0
546520,1
546521,0
546522,0
546523,0
546524,0
546525,0
546526,0
546527,0
546528,0
546529,1
546530,0
546531,1
546532,0
546533,0
546534,1
546535,0
546536,1
546537,1
546538,1
546539,0
546540,1
546541,0
546542,1
546543,0
546544,1
546545,1
546546,0
546547,0
546548,0
546549,0
546550,1
546551,0
546552,1
546553,0
546554,1
546555,1
546556,1
546557,0
546558,0
546559,0
546560,1
546561,1
546562,1
546563,0
546564,0
546565,1
546566,0
546567,0
546568,1
546569,1
546570,0
546571,1
546572,1
546573,0
546574,0
546575,1
546576,0
546577,1
546578,1
546579,0
546580,0
546581,1
546582,0
546583,0
546584,1
546585,1
546586,1
546587,0
546588,0
546589,0
546590,0
546591,0
546592,0
546593,0
546594,1
546595,0
546596,1
546597,0
546598,0
546599,0
546600,0
546601,1
546602,0
546603,0
546604,1
546605,0
546606,0
546607,0
546608,0
546609,1
546610,0
546611,1
546612,1
546613,0
546614,0
546615,1
546616,1
546617,1
546618,1
546619,1
546620,0
546621,0
546622,0
546623,0
546624,0
546625,0
546626,0
546627,0
546628,0
546629,0
546630,0
546631,0
546632,1
546633,0
546634,0
546635,0
546636,0
546637,1
546638,0
546639,0
546640,1
546641,0
546642,1
546643,1
546644,0
546645,1
546646,0
546647,0
546648,0
546649,0
546650,1
546651,0
546652,0
546653,1
546654,1
546655,0
546656,0
546657,0
546658,0
546659,0
546660,1
546661,0
546662,0
546663,1
546664,0
546665,0
546666,0
546667,0
546668,0
546669,0
546670,0
546671,1
546672,0
546673,0
546674,0
546675,0
546676,1
546677,0
546678,1
546679,0
546680,1
546681,1
546682,0
546683,0
546684,0
546685,0
546686,1
546687,1
546688,0
546689,0
546690,0
546691,0
546692,0
546693,1
546694,0
546695,1
546696,0
546697,1
546698,0
546699,1
546700,0
546701,0
546702,1
546703,0
546704,0
546705,0
546706,1
546707,0
546708,0
546709,0
546710,1
546711,1
546712,1
546713,0
546714,0
546715,0
546716,0
546717,0
546718,0
546719,0
546720,0
546721,1
546722,0
546723,0
546724,1
546725,0
546726,0
546727,0
546728,1
546729,1
546730,1
546731,1
546732,1
546733,1
546734,1
546735,1
546736,0
546737,0
546738,1
546739,0
546740,0
546741,1
546742,0
546743,0
546744,0
546745,0
546746,1
546747,1
546748,0
546749,0
546750,0
546751,1
546752,1
546753,0
546754,1
546755,1
546756,1
546757,1
546758,1
546759,1
546760,1
546761,1
546762,1
546763,1
546764,0
546765,0
546766,1
546767,0
546768,1
546769,1
546770,1
546771,0
546772,0
546773,0
546774,1
546775,1
546776,0
546777,0
546778,1
546779,1
546780,1
546781,1
546782,0
546783,1
546784,0
546785,1
546786,1
546787,1
546788,0
546789,1
546790,1
546791,0
546792,1
546793,0
546794,0
546795,0
546796,1
546797,0
546798,0
546799,0
546800,0
546801,0
546802,0
546803,0
546804,0
546805,0
546806,0
546807,1
546808,1
546809,0
546810,0
546811,0
546812,1
546813,0
546814,1
546815,0
546816,1
546817,0
546818,1
546819,0
546820,0
546821,1
546822,0
546823,1
546824,0
546825,1
546826,0
546827,1
546828,1
546829,0
546830,1
546831,1
546832,1
546833,1
546834,1
546835,0
546836,0
546837,1
546838,1
546839,1
546840,1
546841,0
546842,1
546843,1
546844,1
546845,1
546846,1
546847,1
546848,0
546849,1
546850,0
546851,1
546852,1
546853,0
546854,1
546855,0
546856,0
546857,1
546858,0
546859,1
546860,0
546861,0
546862,0
546863,1
546864,1
546865,1
546866,0
546867,0
546868,1
546869,0
546870,1
546871,1
546872,0
546873,0
546874,0
546875,0
546876,1
546877,0
546878,1
546879,0
546880,0
546881,1
546882,0
546883,0
546884,1
546885,0
546886,1
546887,1
546888,0
546889,0
546890,0
546891,0
546892,1
546893,1
546894,0
546895,1
546896,0
546897,0
546898,0
546899,0
546900,0
546901,1
546902,1
546903,0
546904,1
546905,1
546906,1
546907,1
546908,1
546909,1
546910,1
546911,0
546912,0
546913,1
546914,0
546915,1
546916,1
546917,0
546918,1
546919,0
546920,1
546921,0
546922,1
546923,1
546924,1
546925,1
546926,1
546927,0
546928,1
546929,1
546930,1
546931,1
546932,1
546933,1
546934,1
546935,1
546936,1
546937,1
546938,0
546939,1
546940,0
546941,1
546942,0
546943,1
546944,1
546945,0
546946,0
546947,0
546948,0
546949,0
546950,0
546951,1
546952,0
546953,0
546954,0
546955,1
546956,1
546957,0
546958,1
546959,0
546960,0
546961,0
546962,0
546963,1
546964,1
546965,0
546966,0
546967,0
546968,0
546969,1
546970,1
546971,1
546972,0
546973,1
546974,0
546975,0
546976,0
546977,1
546978,0
546979,1
546980,1
546981,1
546982,0
546983,0
546984,1
546985,1
546986,0
546987,0
546988,1
546989,1
546990,1
546991,0
546992,0
546993,0
546994,0
546995,0
546996,1
546997,1
546998,1
546999,0
547000,0
547001,1
547002,1
547003,0
547004,1
547005,0
547006,1
547007,1
547008,0
547009,0
547010,0
547011,0
547012,1
547013,0
547014,1
547015,0
547016,0
547017,1
547018,0
547019,0
547020,0
547021,0
547022,1
547023,0
547024,1
547025,0
547026,1
547027,0
547028,1
547029,1
547030,1
547031,0
547032,1
547033,1
547034,0
547035,0
547036,1
547037,0
547038,0
547039,1
547040,1
547041,1
547042,0
547043,1
547044,0
547045,1
547046,0
547047,1
547048,0
547049,1
547050,1
547051,0
547052,0
547053,1
547054,0
547055,0
547056,0
547057,0
547058,1
547059,0
547060,1
547061,1
547062,1
547063,0
547064,0
547065,0
547066,1
547067,1
547068,0
547069,1
547070,1
547071,1
547072,1
547073,1
547074,0
547075,0
547076,0
547077,0
547078,0
547079,0
547080,1
547081,1
547082,0
547083,1
547084,1
547085,0
547086,0
547087,0
547088,1
547089,1
547090,0
547091,0
547092,1
547093,0
547094,1
547095,0
547096,1
547097,0
547098,0
547099,1
547100,0
547101,1
547102,1
547103,0
547104,1
547105,1
547106,0
547107,0
547108,1
547109,0
547110,1
547111,0
547112,1
547113,1
547114,0
547115,1
547116,0
547117,1
547118,0
547119,1
547120,0
547121,0
547122,0
547123,1
547124,1
547125,0
547126,1
547127,1
547128,1
547129,1
547130,1
547131,1
547132,1
547133,1
547134,0
547135,0
547136,1
547137,1
547138,0
547139,1
547140,1
547141,1
547142,1
547143,1
547144,0
547145,0
547146,0
547147,0
547148,0
547149,0
547150,0
547151,0
547152,0
547153,1
547154,0
547155,0
547156,0
547157,0
547158,0
547159,0
547160,1
547161,1
547162,0
547163,0
547164,0
547165,0
547166,1
547167,0
547168,1
547169,1
547170,1
547171,1
547172,0
547173,1
547174,1
547175,1
547176,1
547177,1
547178,1
547179,1
547180,1
547181,0
547182,0
547183,1
547184,1
547185,1
547186,0
547187,1
547188,1
547189,0
547190,0
547191,1
547192,1
547193,0
547194,1
547195,0
547196,0
547197,1
547198,0
547199,0
547200,1
547201,1
547202,1
547203,1
547204,0
547205,1
547206,0
547207,0
547208,1
547209,1
547210,1
547211,0
547212,0
547213,1
547214,0
547215,1
547216,0
547217,1
547218,0
547219,1
547220,0
547221,0
547222,0
547223,0
547224,0
547225,0
547226,1
547227,0
547228,0
547229,0
547230,0
547231,1
547232,0
547233,1
547234,1
547235,0
547236,0
547237,1
547238,1
547239,1
547240,1
547241,1
547242,0
547243,1
547244,0
547245,0
547246,0
547247,1
547248,1
547249,1
547250,0
547251,1
547252,0
547253,1
547254,0
547255,0
547256,1
547257,1
547258,0
547259,1
547260,1
547261,1
547262,0
547263,0
547264,0
547265,0
547266,1
547267,1
547268,0
547269,0
547270,1
547271,1
547272,0
547273,1
547274,1
547275,0
547276,0
547277,0
547278,1
547279,0
547280,0
547281,1
547282,1
547283,1
547284,1
547285,0
547286,1
547287,1
547288,0
547289,0
547290,0
547291,1
547292,0
547293,0
547294,1
547295,0
547296,0
547297,0
547298,1
547299,0
547300,1
547301,0
547302,1
547303,0
547304,1
547305,1
547306,1
547307,0
547308,1
547309,1
547310,1
547311,0
547312,1
547313,1
547314,1
547315,1
547316,1
547317,1
547318,0
547319,0
547320,1
547321,1
547322,1
547323,1
547324,1
547325,1
547326,0
547327,1
547328,1
547329,0
547330,0
547331,0
547332,0
547333,0
547334,1
547335,1
547336,1
547337,1
547338,1
547339,1
547340,0
547341,1
547342,0
547343,1
547344,1
547345,0
547346,0
547347,0
547348,1
547349,0
547350,1
547351,1
547352,1
547353,1
547354,1
547355,1
547356,0
547357,1
547358,1
547359,0
547360,1
547361,1
547362,1
547363,0
547364,1
547365,1
547366,1
547367,0
547368,0
547369,1
547370,0
547371,0
547372,0
547373,1
547374,0
547375,0
547376,1
547377,0
547378,0
547379,1
547380,1
547381,0
547382,1
547383,0
547384,0
547385,1
547386,1
547387,1
547388,0
547389,1
547390,1
547391,0
547392,1
547393,0
547394,1
547395,0
547396,1
547397,1
547398,1
547399,1
547400,1
547401,1
547402,0
547403,1
547404,0
547405,1
547406,1
547407,0
547408,0
547409,0
547410,0
547411,1
547412,0
547413,1
547414,0
547415,0
547416,0
547417,1
547418,1
547419,1
547420,1
547421,0
547422,1
547423,1
547424,0
547425,0
547426,1
547427,1
547428,0
547429,0
547430,1
547431,0
547432,0
547433,0
547434,1
547435,1
547436,0
547437,1
547438,1
547439,1
547440,1
547441,1
547442,1
547443,0
547444,0
547445,1
547446,1
547447,1
547448,0
547449,1
547450,0
547451,0
547452,0
547453,0
547454,0
547455,1
547456,1
547457,1
547458,0
547459,0
547460,1
547461,1
547462,1
547463,0
547464,1
547465,0
547466,0
547467,1
547468,1
547469,1
547470,0
547471,0
547472,1
547473,0
547474,1
547475,1
547476,1
547477,1
547478,1
547479,1
547480,1
547481,0
547482,1
547483,0
547484,1
547485,1
547486,1
547487,1
547488,1
547489,0
547490,1
547491,1
547492,0
547493,1
547494,1
547495,1
547496,0
547497,0
547498,1
547499,0
547500,0
547501,0
547502,0
547503,0
547504,0
547505,1
547506,0
547507,1
547508,0
547509,1
547510,0
547511,0
547512,1
547513,0
547514,1
547515,1
547516,1
547517,1
547518,1
547519,0
547520,0
547521,1
547522,0
547523,0
547524,1
547525,0
547526,1
547527,1
547528,1
547529,0
547530,0
547531,1
547532,1
547533,1
547534,0
547535,0
547536,1
547537,1
547538,1
547539,1
547540,0
547541,0
547542,1
547543,0
547544,1
547545,1
547546,0
547547,0
547548,1
547549,1
547550,1
547551,1
547552,1
547553,0
547554,0
547555,0
547556,1
547557,0
547558,0
547559,1
547560,1
547561,1
547562,0
547563,1
547564,0
547565,1
547566,0
547567,0
547568,0
547569,1
547570,0
547571,0
547572,0
547573,0
547574,0
547575,1
547576,1
547577,0
547578,1
547579,1
547580,0
547581,1
547582,1
547583,0
547584,1
547585,1
547586,1
547587,0
547588,1
547589,0
547590,0
547591,1
547592,1
547593,1
547594,1
547595,1
547596,0
547597,0
547598,1
547599,1
547600,1
547601,1
547602,0
547603,0
547604,0
547605,1
547606,1
547607,1
547608,0
547609,1
547610,1
547611,1
547612,1
547613,1
547614,0
547615,0
547616,0
547617,1
547618,1
547619,0
547620,0
547621,1
547622,1
547623,0
547624,0
547625,0
547626,0
547627,0
547628,1
547629,1
547630,0
547631,1
547632,0
547633,1
547634,0
547635,1
547636,1
547637,0
547638,1
547639,1
547640,1
547641,0
547642,1
547643,0
547644,1
547645,0
547646,0
547647,1
547648,1
547649,1
547650,0
547651,1
547652,0
547653,0
547654,0
547655,0
547656,0
547657,1
547658,1
547659,1
547660,1
547661,0
547662,0
547663,1
547664,0
547665,1
547666,0
547667,1
547668,0
547669,0
547670,1
547671,0
547672,1
547673,0
547674,1
547675,1
547676,1
547677,1
547678,1
547679,0
547680,1
547681,1
547682,0
547683,1
547684,0
547685,0
547686,1
547687,1
547688,0
547689,0
547690,0
547691,1
547692,1
547693,0
547694,0
547695,1
547696,1
547697,1
547698,1
547699,1
547700,1
547701,1
547702,0
547703,1
547704,1
547705,0
547706,0
547707,0
547708,1
547709,1
547710,1
547711,0
547712,1
547713,1
547714,0
547715,0
547716,1
547717,1
547718,1
547719,1
547720,1
547721,1
547722,0
547723,0
547724,1
547725,1
547726,1
547727,1
547728,0
547729,1
547730,1
547731,1
547732,1
547733,1
547734,0
547735,1
547736,0
547737,0
547738,1
547739,1
547740,1
547741,0
547742,0
547743,1
547744,0
547745,1
547746,1
547747,1
547748,1
547749,0
547750,0
547751,0
547752,1
547753,1
547754,0
547755,1
547756,0
547757,0
547758,1
547759,0
547760,1
547761,0
547762,1
547763,1
547764,1
547765,1
547766,1
547767,1
547768,1
547769,0
547770,0
547771,1
547772,1
547773,1
547774,1
547775,1
547776,1
547777,1
547778,0
547779,0
547780,0
547781,0
547782,0
547783,0
547784,1
547785,0
547786,1
547787,1
547788,0
547789,0
547790,1
547791,0
547792,1
547793,0
547794,1
547795,1
547796,1
547797,0
547798,1
547799,0
547800,0
547801,0
547802,1
547803,1
547804,1
547805,1
547806,0
547807,1
547808,0
547809,1
547810,0
547811,1
547812,1
547813,0
547814,1
547815,1
547816,1
547817,1
547818,0
547819,0
547820,0
547821,0
547822,1
547823,0
547824,0
547825,0
547826,1
547827,1
547828,1
547829,1
547830,1
547831,1
547832,0
547833,1
547834,1
547835,0
547836,0
547837,0
547838,1
547839,1
547840,1
547841,1
547842,0
547843,0
547844,0
547845,0
547846,0
547847,0
547848,0
547849,0
547850,1
547851,1
547852,0
547853,1
547854,0
547855,0
547856,1
547857,1
547858,1
547859,1
547860,1
547861,0
547862,0
547863,1
547864,1
547865,1
547866,1
547867,1
547868,0
547869,0
547870,0
547871,0
547872,1
547873,0
547874,1
547875,0
547876,1
547877,0
547878,0
547879,1
547880,1
547881,0
547882,1
547883,1
547884,1
547885,0
547886,1
547887,0
547888,1
547889,0
547890,1
547891,1
547892,1
547893,1
547894,1
547895,1
547896,0
547897,1
547898,0
547899,1
547900,0
547901,0
547902,0
547903,0
547904,1
547905,0
547906,1
547907,1
547908,0
547909,1
547910,1
547911,1
547912,0
547913,1
547914,0
547915,1
547916,0
547917,0
547918,1
547919,1
547920,1
547921,1
547922,0
547923,1
547924,1
547925,1
547926,1
547927,1
547928,1
547929,1
547930,0
547931,1
547932,0
547933,0
547934,1
547935,1
547936,1
547937,1
547938,0
547939,1
547940,1
547941,0
547942,1
547943,0
547944,1
547945,1
547946,1
547947,0
547948,1
547949,1
547950,0
547951,0
547952,1
547953,1
547954,0
547955,0
547956,0
547957,0
547958,1
547959,1
547960,0
547961,1
547962,1
547963,0
547964,0
547965,1
547966,1
547967,1
547968,0
547969,1
547970,0
547971,1
547972,1
547973,0
547974,1
547975,1
547976,1
547977,1
547978,0
547979,1
547980,0
547981,1
547982,0
547983,0
547984,1
547985,1
547986,0
547987,0
547988,1
547989,1
547990,1
547991,1
547992,1
547993,1
547994,1
547995,0
547996,1
547997,1
547998,0
547999,1
548000,0
548001,0
548002,0
548003,1
548004,0
548005,1
548006,1
548007,1
548008,0
548009,1
548010,1
548011,0
548012,1
548013,1
548014,0
548015,1
548016,1
548017,0
548018,0
548019,1
548020,1
548021,1
548022,1
548023,1
548024,0
548025,1
548026,1
548027,1
548028,1
548029,1
548030,1
548031,1
548032,0
548033,1
548034,1
548035,0
548036,0
548037,1
548038,1
548039,1
548040,1
548041,1
548042,1
548043,1
548044,1
548045,1
548046,1
548047,0
548048,1
548049,1
548050,1
548051,1
548052,1
548053,1
548054,1
548055,1
548056,1
548057,1
548058,1
548059,0
548060,0
548061,1
548062,1
548063,1
548064,1
548065,0
548066,0
548067,1
548068,1
548069,1
548070,0
548071,0
548072,1
548073,1
548074,1
548075,1
548076,1
548077,1
548078,0
548079,1
548080,1
548081,1
548082,1
548083,1
548084,1
548085,1
548086,1
548087,0
548088,1
548089,1
548090,1
548091,0
548092,1
548093,1
548094,1
548095,1
548096,1
548097,1
548098,1
548099,1
548100,0
548101,0
548102,1
548103,1
548104,1
548105,1
548106,1
548107,1
548108,0
548109,1
548110,1
548111,0
548112,1
548113,0
548114,0
548115,1
548116,1
548117,1
548118,0
548119,1
548120,0
548121,0
548122,0
548123,0
548124,1
548125,1
548126,0
548127,1
548128,1
548129,1
548130,0
548131,0
548132,1
548133,0
548134,1
548135,0
548136,1
548137,0
548138,0
548139,1
548140,1
548141,0
548142,1
548143,1
548144,1
548145,0
548146,0
548147,1
548148,1
548149,0
548150,1
548151,1
548152,0
548153,0
548154,1
548155,0
548156,1
548157,1
548158,1
548159,0
548160,0
548161,1
548162,1
548163,1
548164,0
548165,0
548166,1
548167,0
548168,0
548169,1
548170,0
548171,1
548172,1
548173,1
548174,0
548175,0
548176,0
548177,1
548178,1
548179,1
548180,0
548181,1
548182,1
548183,0
548184,1
548185,1
548186,1
548187,0
548188,0
548189,1
548190,0
548191,1
548192,0
548193,0
548194,0
548195,1
548196,0
548197,0
548198,0
548199,1
548200,1
548201,0
548202,0
548203,1
548204,1
548205,0
548206,1
548207,1
548208,0
548209,0
548210,0
548211,0
548212,0
548213,1
548214,1
548215,0
548216,1
548217,0
548218,1
548219,1
548220,1
548221,0
548222,0
548223,1
548224,1
548225,0
548226,1
548227,1
548228,1
548229,1
548230,1
548231,0
548232,1
548233,0
548234,0
548235,1
548236,0
548237,1
548238,0
548239,1
548240,1
548241,1
548242,0
548243,0
548244,0
548245,1
548246,0
548247,1
548248,0
548249,0
548250,1
548251,1
548252,1
548253,1
548254,1
548255,0
548256,1
548257,1
548258,0
548259,0
548260,1
548261,0
548262,1
548263,0
548264,0
548265,0
548266,1
548267,0
548268,0
548269,1
548270,1
548271,0
548272,0
548273,1
548274,0
548275,0
548276,0
548277,0
548278,0
548279,0
548280,1
548281,1
548282,1
548283,1
548284,1
548285,0
548286,0
548287,0
548288,0
548289,1
548290,0
548291,1
548292,0
548293,0
548294,1
548295,0
548296,0
548297,0
548298,0
548299,0
548300,0
548301,0
548302,0
548303,1
548304,1
548305,0
548306,1
548307,0
548308,1
548309,1
548310,0
548311,1
548312,0
548313,1
548314,1
548315,0
548316,1
548317,0
548318,0
548319,0
548320,1
548321,0
548322,1
548323,1
548324,0
548325,1
548326,1
548327,1
548328,1
548329,1
548330,0
548331,1
548332,1
548333,0
548334,0
548335,0
548336,0
548337,1
548338,0
548339,1
548340,0
548341,0
548342,1
548343,1
548344,0
548345,0
548346,1
548347,0
548348,1
548349,1
548350,0
548351,0
548352,1
548353,0
548354,0
548355,0
548356,0
548357,0
548358,1
548359,1
548360,0
548361,1
548362,1
548363,0
548364,0
548365,1
548366,1
548367,0
548368,0
548369,0
548370,1
548371,1
548372,1
548373,0
548374,0
548375,0
548376,1
548377,0
548378,0
548379,1
548380,0
548381,0
548382,1
548383,0
548384,1
548385,0
548386,0
548387,1
548388,0
548389,1
548390,1
548391,0
548392,1
548393,1
548394,1
548395,1
548396,1
548397,1
548398,0
548399,0
548400,0
548401,0
548402,1
548403,1
548404,0
548405,0
548406,0
548407,0
548408,0
548409,1
548410,0
548411,0
548412,1
548413,0
548414,0
548415,1
548416,0
548417,0
548418,1
548419,0
548420,1
548421,0
548422,1
548423,1
548424,0
548425,0
548426,1
548427,1
548428,1
548429,1
548430,1
548431,0
548432,0
548433,0
548434,0
548435,1
548436,0
548437,1
548438,0
548439,0
548440,0
548441,1
548442,0
548443,1
548444,1
548445,0
548446,1
548447,1
548448,0
548449,0
548450,1
548451,1
548452,1
548453,1
548454,0
548455,0
548456,1
548457,1
548458,0
548459,1
548460,1
548461,1
548462,0
548463,1
548464,1
548465,1
548466,0
548467,0
548468,0
548469,0
548470,1
548471,1
548472,1
548473,1
548474,1
548475,0
548476,1
548477,0
548478,1
548479,0
548480,1
548481,1
548482,0
548483,0
548484,1
548485,0
548486,1
548487,1
548488,1
548489,1
548490,0
548491,1
548492,1
548493,0
548494,1
548495,1
548496,1
548497,1
548498,1
548499,1
548500,1
548501,0
548502,1
548503,0
548504,1
548505,0
548506,1
548507,0
548508,1
548509,0
548510,0
548511,1
548512,1
548513,1
548514,0
548515,1
548516,1
548517,0
548518,1
548519,1
548520,0
548521,1
548522,1
548523,0
548524,1
548525,1
548526,0
548527,1
548528,1
548529,1
548530,1
548531,1
548532,0
548533,0
548534,0
548535,1
548536,0
548537,1
548538,1
548539,0
548540,1
548541,0
548542,1
548543,0
548544,1
548545,0
548546,0
548547,0
548548,1
548549,0
548550,0
548551,0
548552,1
548553,0
548554,0
548555,1
548556,0
548557,0
548558,0
548559,1
548560,1
548561,0
548562,1
548563,1
548564,0
548565,0
548566,0
548567,1
548568,1
548569,1
548570,0
548571,0
548572,1
548573,1
548574,1
548575,0
548576,0
548577,1
548578,0
548579,0
548580,1
548581,1
548582,1
548583,0
548584,1
548585,0
548586,1
548587,1
548588,0
548589,1
548590,0
548591,0
548592,0
548593,0
548594,1
548595,0
548596,0
548597,1
548598,1
548599,0
548600,1
548601,1
548602,1
548603,1
548604,1
548605,0
548606,1
548607,1
548608,0
548609,0
548610,1
548611,1
548612,0
548613,0
548614,0
548615,0
548616,0
548617,0
548618,0
548619,1
548620,0
548621,1
548622,1
548623,1
548624,1
548625,1
548626,1
548627,1
548628,1
548629,0
548630,1
548631,0
548632,0
548633,0
548634,1
548635,0
548636,1
548637,1
548638,0
548639,1
548640,1
548641,1
548642,0
548643,0
548644,0
548645,1
548646,1
548647,0
548648,0
548649,1
548650,1
548651,1
548652,1
548653,0
548654,1
548655,1
548656,1
548657,0
548658,0
548659,0
548660,0
548661,0
548662,1
548663,1
548664,1
548665,1
548666,0
548667,0
548668,0
548669,0
548670,1
548671,1
548672,1
548673,1
548674,1
548675,1
548676,1
548677,1
548678,0
548679,0
548680,0
548681,1
548682,0
548683,0
548684,1
548685,0
548686,0
548687,0
548688,0
548689,0
548690,1
548691,0
548692,1
548693,0
548694,1
548695,1
548696,1
548697,1
548698,0
548699,1
548700,1
548701,1
548702,0
548703,1
548704,1
548705,1
548706,1
548707,0
548708,0
548709,0
548710,0
548711,1
548712,1
548713,1
548714,0
548715,1
548716,0
548717,1
548718,1
548719,0
548720,0
548721,0
548722,1
548723,1
548724,1
548725,0
548726,1
548727,0
548728,0
548729,1
548730,1
548731,0
548732,0
548733,1
548734,1
548735,1
548736,0
548737,1
548738,1
548739,1
548740,1
548741,1
548742,0
548743,1
548744,0
548745,1
548746,0
548747,0
548748,0
548749,0
548750,1
548751,1
548752,0
548753,1
548754,0
548755,1
548756,1
548757,0
548758,1
548759,1
548760,1
548761,1
548762,0
548763,0
548764,1
548765,1
548766,0
548767,0
548768,1
548769,1
548770,1
548771,0
548772,1
548773,0
548774,1
548775,1
548776,1
548777,0
548778,1
548779,1
548780,1
548781,0
548782,1
548783,0
548784,1
548785,0
548786,1
548787,1
548788,1
548789,1
548790,0
548791,1
548792,0
548793,1
548794,1
548795,0
548796,1
548797,1
548798,1
548799,0
548800,1
548801,0
548802,0
548803,1
548804,0
548805,0
548806,1
548807,1
548808,1
548809,1
548810,1
548811,1
548812,1
548813,0
548814,0
548815,0
548816,1
548817,0
548818,1
548819,0
548820,1
548821,0
548822,1
548823,0
548824,1
548825,1
548826,1
548827,0
548828,0
548829,0
548830,1
548831,0
548832,0
548833,0
548834,0
548835,1
548836,0
548837,1
548838,0
548839,0
548840,1
548841,1
548842,0
548843,0
548844,0
548845,1
548846,0
548847,0
548848,0
548849,1
548850,1
548851,0
548852,0
548853,1
548854,0
548855,1
548856,0
548857,1
548858,1
548859,1
548860,0
548861,0
548862,1
548863,0
548864,1
548865,1
548866,0
548867,1
548868,0
548869,1
548870,1
548871,0
548872,1
548873,1
548874,1
548875,1
548876,1
548877,1
548878,1
548879,0
548880,1
548881,1
548882,0
548883,1
548884,1
548885,1
548886,0
548887,1
548888,1
548889,1
548890,0
548891,0
548892,0
548893,0
548894,0
548895,0
548896,0
548897,1
548898,0
548899,0
548900,0
548901,1
548902,1
548903,1
548904,0
548905,0
548906,0
548907,0
548908,1
548909,0
548910,0
548911,1
548912,0
548913,1
548914,0
548915,0
548916,0
548917,1
548918,0
548919,1
548920,0
548921,1
548922,1
548923,0
548924,1
548925,0
548926,0
548927,1
548928,1
548929,0
548930,0
548931,0
548932,1
548933,1
548934,1
548935,1
548936,0
548937,0
548938,0
548939,1
548940,0
548941,0
548942,0
548943,1
548944,0
548945,1
548946,1
548947,1
548948,1
548949,1
548950,1
548951,1
548952,0
548953,1
548954,1
548955,1
548956,1
548957,0
548958,1
548959,1
548960,1
548961,1
548962,0
548963,0
548964,1
548965,1
548966,1
548967,0
548968,1
548969,1
548970,1
548971,1
548972,1
548973,1
548974,1
548975,1
548976,1
548977,1
548978,1
548979,0
548980,1
548981,1
548982,1
548983,1
548984,1
548985,0
548986,0
548987,1
548988,0
548989,1
548990,1
548991,1
548992,1
548993,1
548994,0
548995,1
548996,0
548997,1
548998,0
548999,0
549000,0
549001,1
549002,0
549003,1
549004,1
549005,1
549006,0
549007,1
549008,0
549009,1
549010,0
549011,1
549012,1
549013,1
549014,0
549015,1
549016,1
549017,0
549018,1
549019,1
549020,1
549021,0
549022,1
549023,1
549024,1
549025,0
549026,1
549027,0
549028,1
549029,1
549030,1
549031,0
549032,1
549033,1
549034,1
549035,1
549036,0
549037,1
549038,1
549039,1
549040,0
549041,1
549042,1
549043,0
549044,1
549045,0
549046,1
549047,1
549048,1
549049,0
549050,1
549051,0
549052,1
549053,1
549054,1
549055,1
549056,1
549057,1
549058,1
549059,0
549060,1
549061,0
549062,1
549063,0
549064,1
549065,1
549066,1
549067,1
549068,1
549069,1
549070,1
549071,1
549072,1
549073,1
549074,1
549075,1
549076,1
549077,1
549078,1
549079,1
549080,1
549081,1
549082,0
549083,0
549084,1
549085,1
549086,1
549087,1
549088,0
549089,0
549090,1
549091,0
549092,1
549093,1
549094,1
549095,0
549096,1
549097,0
549098,1
549099,0
549100,1
549101,0
549102,1
549103,1
549104,1
549105,0
549106,1
549107,1
549108,1
549109,1
549110,1
549111,0
549112,0
549113,1
549114,0
549115,1
549116,1
549117,1
549118,1
549119,1
549120,1
549121,0
549122,0
549123,1
549124,1
549125,1
549126,0
549127,1
549128,1
549129,1
549130,0
549131,1
549132,1
549133,1
549134,1
549135,1
549136,1
549137,1
549138,1
549139,1
549140,1
549141,0
549142,1
549143,1
549144,0
549145,1
549146,1
549147,1
549148,1
549149,1
549150,0
549151,1
549152,1
549153,1
549154,1
549155,1
549156,1
549157,1
549158,0
549159,0
549160,0
549161,1
549162,0
549163,1
549164,1
549165,1
549166,1
549167,0
549168,0
549169,0
549170,1
549171,1
549172,0
549173,1
549174,1
549175,0
549176,0
549177,1
549178,0
549179,1
549180,1
549181,1
549182,0
549183,0
549184,1
549185,1
549186,1
549187,0
549188,1
549189,0
549190,0
549191,1
549192,1
549193,1
549194,1
549195,1
549196,1
549197,1
549198,0
549199,1
549200,0
549201,1
549202,1
549203,0
549204,1
549205,1
549206,1
549207,1
549208,0
549209,0
549210,1
549211,0
549212,1
549213,1
549214,1
549215,1
549216,1
549217,1
549218,1
549219,1
549220,1
549221,1
549222,0
549223,1
549224,1
549225,1
549226,1
549227,0
549228,1
549229,1
549230,1
549231,0
549232,1
549233,1
549234,0
549235,0
549236,0
549237,1
549238,0
549239,1
549240,1
549241,0
549242,0
549243,1
549244,1
549245,0
549246,1
549247,0
549248,0
549249,0
549250,0
549251,1
549252,1
549253,1
549254,0
549255,0
549256,0
549257,1
549258,1
549259,0
549260,1
549261,1
549262,1
549263,1
549264,1
549265,0
549266,1
549267,0
549268,0
549269,1
549270,0
549271,1
549272,0
549273,1
549274,1
549275,1
549276,0
549277,1
549278,0
549279,0
549280,1
549281,1
549282,0
549283,1
549284,1
549285,1
549286,1
549287,1
549288,0
549289,0
549290,1
549291,0
549292,0
549293,1
549294,0
549295,1
549296,1
549297,1
549298,1
549299,1
549300,1
549301,0
549302,1
549303,0
549304,1
549305,0
549306,1
549307,1
549308,0
549309,0
549310,1
549311,0
549312,0
549313,1
549314,1
549315,1
549316,1
549317,1
549318,0
549319,1
549320,0
549321,0
549322,1
549323,1
549324,0
549325,0
549326,1
549327,0
549328,1
549329,1
549330,0
549331,1
549332,1
549333,1
549334,0
549335,0
549336,1
549337,0
549338,1
549339,0
549340,1
549341,1
549342,1
549343,0
549344,0
549345,1
549346,0
549347,1
549348,1
549349,1
549350,1
549351,1
549352,1
549353,0
549354,0
549355,0
549356,1
549357,0
549358,1
549359,1
549360,0
549361,1
549362,1
549363,0
549364,1
549365,0
549366,0
549367,0
549368,1
549369,1
549370,0
549371,0
549372,0
549373,0
549374,0
549375,0
549376,1
549377,0
549378,1
549379,1
549380,1
549381,0
549382,0
549383,0
549384,0
549385,1
549386,0
549387,0
549388,0
549389,1
549390,1
549391,0
549392,0
549393,1
549394,1
549395,0
549396,0
549397,1
549398,0
549399,0
549400,0
549401,1
549402,0
549403,1
549404,1
549405,0
549406,1
549407,1
549408,1
549409,0
549410,0
549411,1
549412,0
549413,1
549414,0
549415,1
549416,0
549417,0
549418,1
549419,0
549420,1
549421,1
549422,1
549423,1
549424,0
549425,0
549426,0
549427,1
549428,1
549429,0
549430,1
549431,0
549432,1
549433,1
549434,0
549435,0
549436,1
549437,0
549438,0
549439,0
549440,0
549441,1
549442,1
549443,1
549444,0
549445,1
549446,1
549447,0
549448,1
549449,0
549450,0
549451,0
549452,0
549453,0
549454,1
549455,0
549456,0
549457,0
549458,1
549459,0
549460,1
549461,1
549462,0
549463,0
549464,1
549465,0
549466,0
549467,1
549468,1
549469,0
549470,0
549471,1
549472,0
549473,1
549474,1
549475,0
549476,0
549477,0
549478,0
549479,0
549480,1
549481,0
549482,0
549483,1
549484,1
549485,1
549486,0
549487,0
549488,1
549489,0
549490,1
549491,1
549492,0
549493,0
549494,1
549495,1
549496,1
549497,1
549498,1
549499,0
549500,0
549501,1
549502,1
549503,0
549504,1
549505,1
549506,1
549507,0
549508,0
549509,1
549510,1
549511,1
549512,0
549513,1
549514,1
549515,0
549516,1
549517,0
549518,1
549519,0
549520,1
549521,0
549522,1
549523,0
549524,0
549525,1
549526,0
549527,1
549528,1
549529,1
549530,1
549531,1
549532,1
549533,0
549534,1
549535,1
549536,1
549537,1
549538,0
549539,1
549540,1
549541,0
549542,1
549543,1
549544,0
549545,0
549546,0
549547,1
549548,0
549549,1
549550,1
549551,0
549552,1
549553,0
549554,1
549555,0
549556,1
549557,0
549558,0
549559,1
549560,1
549561,1
549562,0
549563,0
549564,1
549565,1
549566,0
549567,1
549568,0
549569,0
549570,1
549571,0
549572,1
549573,0
549574,0
549575,0
549576,0
549577,0
549578,1
549579,1
549580,0
549581,1
549582,0
549583,1
549584,1
549585,0
549586,1
549587,0
549588,1
549589,1
549590,1
549591,1
549592,1
549593,1
549594,0
549595,1
549596,1
549597,0
549598,1
549599,1
549600,1
549601,1
549602,1
549603,0
549604,1
549605,1
549606,1
549607,1
549608,1
549609,1
549610,0
549611,0
549612,1
549613,0
549614,1
549615,1
549616,1
549617,1
549618,1
549619,0
549620,1
549621,0
549622,0
549623,1
549624,1
549625,1
549626,0
549627,0
549628,1
549629,1
549630,1
549631,1
549632,1
549633,0
549634,1
549635,1
549636,0
549637,1
549638,1
549639,0
549640,1
549641,1
549642,1
549643,1
549644,1
549645,0
549646,1
549647,1
549648,0
549649,1
549650,1
549651,0
549652,0
549653,1
549654,1
549655,0
549656,1
549657,1
549658,1
549659,0
549660,1
549661,0
549662,1
549663,1
549664,1
549665,1
549666,0
549667,1
549668,0
549669,1
549670,1
549671,1
549672,1
549673,0
549674,1
549675,1
549676,1
549677,0
549678,1
549679,1
549680,1
549681,1
549682,1
549683,0
549684,0
549685,1
549686,0
549687,0
549688,1
549689,1
549690,1
549691,1
549692,1
549693,0
549694,0
549695,1
549696,0
549697,0
549698,0
549699,1
549700,1
549701,1
549702,1
549703,0
549704,1
549705,0
549706,0
549707,1
549708,0
549709,1
549710,1
549711,1
549712,1
549713,1
549714,1
549715,1
549716,0
549717,0
549718,1
549719,1
549720,1
549721,0
549722,1
549723,1
549724,0
549725,1
549726,0
549727,0
549728,0
549729,1
549730,1
549731,0
549732,1
549733,1
549734,1
549735,0
549736,1
549737,0
549738,1
549739,1
549740,0
549741,1
549742,1
549743,1
549744,1
549745,0
549746,0
549747,1
549748,1
549749,1
549750,0
549751,0
549752,1
549753,1
549754,1
549755,1
549756,1
549757,1
549758,0
549759,0
549760,0
549761,1
549762,0
549763,0
549764,1
549765,1
549766,0
549767,1
549768,1
549769,1
549770,0
549771,0
549772,0
549773,0
549774,0
549775,1
549776,1
549777,1
549778,0
549779,0
549780,0
549781,0
549782,1
549783,1
549784,1
549785,1
549786,1
549787,1
549788,1
549789,1
549790,1
549791,1
549792,1
549793,1
549794,1
549795,0
549796,1
549797,1
549798,1
549799,1
549800,0
549801,1
549802,1
549803,1
549804,0
549805,1
549806,1
549807,1
549808,1
549809,0
549810,1
549811,1
549812,1
549813,0
549814,1
549815,0
549816,1
549817,1
549818,0
549819,0
549820,1
549821,1
549822,1
549823,0
549824,1
549825,0
549826,0
549827,1
549828,1
549829,0
549830,1
549831,1
549832,1
549833,1
549834,1
549835,0
549836,1
549837,1
549838,0
549839,0
549840,0
549841,0
549842,1
549843,0
549844,0
549845,1
549846,1
549847,0
549848,1
549849,1
549850,1
549851,1
549852,1
549853,1
549854,1
549855,0
549856,0
549857,0
549858,0
549859,0
549860,0
549861,1
549862,1
549863,0
549864,1
549865,0
549866,1
549867,1
549868,0
549869,0
549870,1
549871,1
549872,0
549873,1
549874,1
549875,0
549876,0
549877,0
549878,0
549879,0
549880,1
549881,0
549882,1
549883,1
549884,1
549885,1
549886,1
549887,1
549888,0
549889,1
549890,1
549891,1
549892,1
549893,1
549894,1
549895,1
549896,1
549897,1
549898,0
549899,1
549900,1
549901,1
549902,1
549903,1
549904,1
549905,1
549906,1
549907,0
549908,0
549909,1
549910,1
549911,1
549912,1
549913,1
549914,1
549915,0
549916,1
549917,0
549918,1
549919,0
549920,0
549921,0
549922,1
549923,0
549924,1
549925,1
549926,1
549927,0
549928,1
549929,1
549930,0
549931,0
549932,0
549933,0
549934,0
549935,0
549936,0
549937,1
549938,1
549939,1
549940,0
549941,1
549942,0
549943,0
549944,1
549945,0
549946,1
549947,1
549948,1
549949,1
549950,1
549951,0
549952,0
549953,1
549954,0
549955,1
549956,1
549957,1
549958,1
549959,1
549960,0
549961,1
549962,1
549963,1
549964,0
549965,1
549966,1
549967,0
549968,0
549969,1
549970,1
549971,1
549972,0
549973,0
549974,0
549975,0
549976,0
549977,1
549978,0
549979,0
549980,1
549981,0
549982,1
549983,1
549984,1
549985,0
549986,1
549987,0
549988,1
549989,1
549990,0
549991,1
549992,1
549993,1
549994,1
549995,0
549996,0
549997,1
549998,1
549999,0
550000,1
550001,1
550002,0
550003,1
550004,0
550005,0
550006,1
550007,0
550008,1
550009,0
550010,1
550011,0
550012,1
550013,1
550014,0
550015,1
550016,1
550017,1
550018,1
550019,0
550020,1
550021,1
550022,1
550023,1
550024,1
550025,1
550026,1
550027,1
550028,0
550029,1
550030,0
550031,1
550032,0
550033,1
550034,0
550035,0
550036,0
550037,1
550038,1
550039,1
550040,0
550041,1
550042,0
550043,1
550044,1
550045,1
550046,0
550047,1
550048,0
550049,1
550050,0
550051,0
550052,0
550053,0
550054,1
550055,1
550056,0
550057,1
550058,1
550059,1
550060,1
550061,1
550062,1
550063,1
550064,0
550065,0
550066,1
550067,1
550068,1
550069,0
550070,1
550071,1
550072,0
550073,1
550074,0
550075,0
550076,1
550077,1
550078,0
550079,1
550080,1
550081,1
550082,0
550083,1
550084,0
550085,1
550086,1
550087,0
550088,1
550089,1
550090,0
550091,0
550092,1
550093,0
550094,1
550095,1
550096,1
550097,1
550098,0
550099,0
550100,1
550101,1
550102,1
550103,0
550104,0
550105,0
550106,1
550107,0
550108,0
550109,1
550110,1
550111,1
550112,1
550113,1
550114,1
550115,0
550116,1
550117,1
550118,0
550119,1
550120,0
550121,0
550122,0
550123,1
550124,1
550125,0
550126,1
550127,1
550128,1
550129,1
550130,1
550131,0
550132,1
550133,0
550134,0
550135,1
550136,1
550137,1
550138,1
550139,0
550140,1
550141,0
550142,1
550143,1
550144,1
550145,0
550146,0
550147,0
550148,0
550149,1
550150,0
550151,1
550152,1
550153,0
550154,0
550155,1
550156,1
550157,1
550158,1
550159,1
550160,1
550161,0
550162,0
550163,1
550164,1
550165,1
550166,1
550167,1
550168,0
550169,0
550170,1
550171,1
550172,1
550173,0
550174,0
550175,1
550176,1
550177,1
550178,1
550179,1
550180,0
550181,0
550182,1
550183,1
550184,1
550185,1
550186,0
550187,1
550188,1
550189,1
550190,0
550191,1
550192,1
550193,0
550194,0
550195,1
550196,1
550197,1
550198,1
550199,1
550200,1
550201,0
550202,0
550203,0
550204,1
550205,0
550206,0
550207,1
550208,1
550209,1
550210,1
550211,0
550212,0
550213,0
550214,0
550215,1
550216,1
550217,1
550218,1
550219,1
550220,0
550221,0
550222,1
550223,1
550224,0
550225,0
550226,1
550227,0
550228,1
550229,0
550230,0
550231,0
550232,0
550233,0
550234,1
550235,1
550236,1
550237,1
550238,1
550239,1
550240,0
550241,1
550242,0
550243,1
550244,1
550245,1
550246,1
550247,1
550248,1
550249,1
550250,0
550251,0
550252,1
550253,0
550254,1
550255,0
550256,1
550257,1
550258,1
550259,1
550260,1
550261,0
550262,1
550263,0
550264,1
550265,1
550266,1
550267,1
550268,1
550269,1
550270,1
550271,1
550272,0
550273,1
550274,0
550275,0
550276,1
550277,1
550278,1
550279,0
550280,1
550281,0
550282,0
550283,0
550284,1
550285,1
550286,0
550287,0
550288,1
550289,0
550290,1
550291,1
550292,0
550293,1
550294,1
550295,0
550296,1
550297,1
550298,0
550299,0
550300,1
550301,1
550302,1
550303,1
550304,1
550305,0
550306,1
550307,1
550308,1
550309,0
550310,1
550311,1
550312,1
550313,1
550314,0
550315,0
550316,0
550317,0
550318,0
550319,1
550320,1
550321,1
550322,0
550323,1
550324,1
550325,1
550326,0
550327,1
550328,1
550329,1
550330,0
550331,1
550332,1
550333,1
550334,1
550335,0
550336,1
550337,1
550338,0
550339,1
550340,0
550341,0
550342,0
550343,1
550344,0
550345,0
550346,1
550347,0
550348,0
550349,1
550350,1
550351,1
550352,0
550353,0
550354,1
550355,1
550356,1
550357,1
550358,0
550359,0
550360,1
550361,0
550362,0
550363,1
550364,1
550365,0
550366,0
550367,1
550368,0
550369,0
550370,1
550371,0
550372,1
550373,1
550374,1
550375,1
550376,0
550377,1
550378,1
550379,0
550380,1
550381,1
550382,1
550383,1
550384,1
550385,1
550386,1
550387,0
550388,1
550389,1
550390,1
550391,1
550392,0
550393,1
550394,0
550395,0
550396,1
550397,1
550398,1
550399,1
550400,1
550401,1
550402,0
550403,1
550404,1
550405,1
550406,1
550407,1
550408,0
550409,1
550410,0
550411,0
550412,0
550413,1
550414,0
550415,0
550416,0
550417,0
550418,0
550419,0
550420,1
550421,1
550422,0
550423,1
550424,0
550425,0
550426,1
550427,0
550428,1
550429,0
550430,0
550431,0
550432,1
550433,0
550434,0
550435,1
550436,0
550437,0
550438,1
550439,1
550440,0
550441,0
550442,0
550443,1
550444,0
550445,0
550446,1
550447,0
550448,1
550449,1
550450,0
550451,0
550452,1
550453,0
550454,1
550455,0
550456,1
550457,1
550458,1
550459,0
550460,1
550461,1
550462,1
550463,0
550464,1
550465,1
550466,0
550467,0
550468,1
550469,1
550470,0
550471,0
550472,0
550473,1
550474,1
550475,0
550476,0
550477,1
550478,1
550479,1
550480,0
550481,1
550482,0
550483,1
550484,1
550485,0
550486,1
550487,0
550488,1
550489,0
550490,1
550491,0
550492,0
550493,0
550494,0
550495,1
550496,1
550497,1
550498,1
550499,0
550500,1
550501,1
550502,0
550503,0
550504,0
550505,1
550506,1
550507,0
550508,0
550509,0
550510,1
550511,0
550512,0
550513,1
550514,0
550515,1
550516,1
550517,0
550518,0
550519,1
550520,0
550521,0
550522,0
550523,0
550524,1
550525,0
550526,1
550527,1
550528,0
550529,0
550530,1
550531,1
550532,0
550533,1
550534,1
550535,0
550536,1
550537,1
550538,0
550539,1
550540,0
550541,0
550542,0
550543,1
550544,1
550545,1
550546,0
550547,0
550548,1
550549,1
550550,1
550551,0
550552,0
550553,0
550554,1
550555,0
550556,1
550557,1
550558,1
550559,0
550560,1
550561,0
550562,1
550563,1
550564,0
550565,1
550566,1
550567,0
550568,1
550569,0
550570,1
550571,1
550572,1
550573,0
550574,1
550575,0
550576,0
550577,1
550578,0
550579,1
550580,1
550581,1
550582,1
550583,1
550584,1
550585,1
550586,0
550587,0
550588,1
550589,1
550590,0
550591,0
550592,0
550593,0
550594,1
550595,1
550596,0
550597,1
550598,1
550599,0
550600,0
550601,1
550602,0
550603,0
550604,1
550605,1
550606,1
550607,1
550608,0
550609,1
550610,1
550611,1
550612,0
550613,1
550614,1
550615,0
550616,1
550617,1
550618,1
550619,0
550620,1
550621,1
550622,1
550623,1
550624,1
550625,0
550626,0
550627,1
550628,1
550629,0
550630,0
550631,1
550632,1
550633,1
550634,0
550635,1
550636,1
550637,0
550638,0
550639,1
550640,1
550641,0
550642,1
550643,0
550644,0
550645,1
550646,1
550647,0
550648,1
550649,1
550650,0
550651,1
550652,1
550653,0
550654,0
550655,1
550656,1
550657,0
550658,1
550659,1
550660,1
550661,0
550662,1
550663,0
550664,1
550665,1
550666,1
550667,1
550668,1
550669,1
550670,0
550671,1
550672,1
550673,0
550674,1
550675,0
550676,1
550677,1
550678,1
550679,1
550680,1
550681,0
550682,0
550683,0
550684,1
550685,1
550686,1
550687,0
550688,1
550689,0
550690,0
550691,1
550692,1
550693,0
550694,1
550695,0
550696,1
550697,0
550698,1
550699,0
550700,0
550701,1
550702,0
550703,0
550704,1
550705,0
550706,1
550707,1
550708,0
550709,0
550710,0
550711,1
550712,1
550713,1
550714,1
550715,0
550716,1
550717,1
550718,0
550719,0
550720,1
550721,1
550722,1
550723,1
550724,1
550725,0
550726,0
550727,1
550728,0
550729,0
550730,1
550731,1
550732,1
550733,0
550734,1
550735,1
550736,1
550737,0
550738,1
550739,1
550740,1
550741,1
550742,1
550743,1
550744,0
550745,0
550746,1
550747,1
550748,0
550749,0
550750,0
550751,1
550752,1
550753,1
550754,0
550755,1
550756,1
550757,0
550758,0
550759,1
550760,1
550761,0
550762,1
550763,0
550764,0
550765,0
550766,1
550767,0
550768,1
550769,0
550770,0
550771,0
550772,1
550773,1
550774,0
550775,1
550776,0
550777,1
550778,1
550779,1
550780,0
550781,1
550782,1
550783,0
550784,1
550785,0
550786,1
550787,0
550788,0
550789,0
550790,0
550791,1
550792,0
550793,1
550794,0
550795,0
550796,0
550797,0
550798,1
550799,1
550800,1
550801,0
550802,1
550803,0
550804,1
550805,1
550806,0
550807,0
550808,0
550809,0
550810,0
550811,1
550812,1
550813,1
550814,1
550815,1
550816,1
550817,1
550818,1
550819,1
550820,0
550821,0
550822,1
550823,1
550824,0
550825,1
550826,1
550827,1
550828,0
550829,0
550830,1
550831,0
550832,0
550833,0
550834,0
550835,1
550836,0
550837,1
550838,1
550839,0
550840,1
550841,1
550842,1
550843,0
550844,1
550845,1
550846,1
550847,0
550848,1
550849,1
550850,1
550851,1
550852,1
550853,1
550854,1
550855,1
550856,1
550857,1
550858,1
550859,0
550860,1
550861,0
550862,0
550863,1
550864,1
550865,1
550866,1
550867,1
550868,0
550869,1
550870,0
550871,1
550872,1
550873,1
550874,0
550875,1
550876,0
550877,1
550878,0
550879,1
550880,0
550881,1
550882,1
550883,1
550884,0
550885,0
550886,1
550887,1
550888,1
550889,1
550890,0
550891,0
550892,1
550893,1
550894,1
550895,1
550896,1
550897,1
550898,0
550899,1
550900,1
550901,1
550902,1
550903,1
550904,1
550905,1
550906,0
550907,0
550908,1
550909,1
550910,1
550911,1
550912,0
550913,1
550914,1
550915,1
550916,0
550917,1
550918,0
550919,0
550920,1
550921,0
550922,0
550923,1
550924,1
550925,1
550926,1
550927,1
550928,1
550929,1
550930,1
550931,1
550932,0
550933,1
550934,1
550935,0
550936,1
550937,1
550938,1
550939,0
550940,1
550941,1
550942,1
550943,0
550944,1
550945,1
550946,1
550947,1
550948,0
550949,1
550950,1
550951,1
550952,1
550953,0
550954,1
550955,1
550956,1
550957,1
550958,1
550959,1
550960,1
550961,1
550962,1
550963,1
550964,1
550965,1
550966,1
550967,0
550968,0
550969,0
550970,1
550971,1
550972,1
550973,0
550974,1
550975,0
550976,1
550977,1
550978,0
550979,1
550980,0
550981,1
550982,1
550983,1
550984,1
550985,1
550986,1
550987,0
550988,1
550989,0
550990,1
550991,1
550992,0
550993,1
550994,1
550995,1
550996,0
550997,1
550998,1
550999,1
551000,0
551001,1
551002,1
551003,1
551004,1
551005,1
551006,0
551007,1
551008,0
551009,1
551010,1
551011,1
551012,1
551013,1
551014,1
551015,1
551016,1
551017,1
551018,1
551019,1
551020,1
551021,1
551022,1
551023,1
551024,1
551025,1
551026,1
551027,1
551028,1
551029,1
551030,1
551031,1
551032,1
551033,1
551034,1
551035,1
551036,1
551037,1
551038,1
551039,1
551040,1
551041,1
551042,1
551043,1
551044,1
551045,0
551046,1
551047,0
551048,0
551049,1
551050,0
551051,0
551052,1
551053,1
551054,0
551055,0
551056,1
551057,1
551058,1
551059,0
551060,1
551061,1
551062,1
551063,1
551064,1
551065,0
551066,0
551067,1
551068,1
551069,1
551070,1
551071,1
551072,0
551073,0
551074,1
551075,1
551076,1
551077,1
551078,1
551079,0
551080,1
551081,1
551082,0
551083,1
551084,0
551085,0
551086,1
551087,0
551088,0
551089,1
551090,1
551091,1
551092,1
551093,0
551094,1
551095,1
551096,1
551097,0
551098,1
551099,0
551100,0
551101,0
551102,0
551103,1
551104,1
551105,1
551106,0
551107,0
551108,0
551109,0
551110,0
551111,0
551112,0
551113,1
551114,0
551115,1
551116,1
551117,1
551118,1
551119,1
551120,1
551121,0
551122,1
551123,0
551124,1
551125,0
551126,1
551127,1
551128,1
551129,1
551130,0
551131,0
551132,1
551133,1
551134,0
551135,1
551136,1
551137,1
551138,1
551139,1
551140,1
551141,1
551142,0
551143,0
551144,1
551145,1
551146,0
551147,0
551148,0
551149,1
551150,1
551151,1
551152,0
551153,1
551154,0
551155,1
551156,0
551157,0
551158,1
551159,1
551160,1
551161,0
551162,0
551163,1
551164,0
551165,1
551166,1
551167,1
551168,0
551169,1
551170,0
551171,0
551172,1
551173,0
551174,1
551175,1
551176,0
551177,1
551178,0
551179,1
551180,1
551181,0
551182,0
551183,1
551184,0
551185,0
551186,1
551187,1
551188,1
551189,1
551190,1
551191,1
551192,1
551193,0
551194,0
551195,1
551196,0
551197,1
551198,1
551199,1
551200,0
551201,0
551202,1
551203,1
551204,1
551205,1
551206,0
551207,1
551208,1
551209,0
551210,0
551211,0
551212,0
551213,0
551214,1
551215,1
551216,1
551217,0
551218,1
551219,0
551220,1
551221,1
551222,0
551223,1
551224,1
551225,1
551226,0
551227,0
551228,1
551229,1
551230,0
551231,1
551232,0
551233,0
551234,1
551235,1
551236,1
551237,1
551238,0
551239,1
551240,1
551241,0
551242,1
551243,0
551244,1
551245,1
551246,0
551247,1
551248,1
551249,0
551250,1
551251,0
551252,1
551253,1
551254,1
551255,0
551256,1
551257,1
551258,0
551259,1
551260,0
551261,1
551262,1
551263,1
551264,0
551265,0
551266,0
551267,1
551268,0
551269,1
551270,1
551271,1
551272,0
551273,0
551274,0
551275,0
551276,0
551277,1
551278,1
551279,1
551280,0
551281,0
551282,1
551283,1
551284,1
551285,0
551286,0
551287,1
551288,1
551289,0
551290,1
551291,1
551292,1
551293,0
551294,1
551295,0
551296,1
551297,0
551298,0
551299,1
551300,0
551301,0
551302,0
551303,1
551304,1
551305,0
551306,0
551307,0
551308,1
551309,1
551310,1
551311,1
551312,0
551313,0
551314,0
551315,1
551316,1
551317,1
551318,1
551319,1
551320,1
551321,0
551322,1
551323,0
551324,0
551325,0
551326,1
551327,1
551328,1
551329,0
551330,0
551331,0
551332,0
551333,1
551334,1
551335,1
551336,1
551337,1
551338,0
551339,0
551340,1
551341,1
551342,1
551343,0
551344,1
551345,0
551346,1
551347,1
551348,0
551349,1
551350,0
551351,0
551352,0
551353,0
551354,1
551355,1
551356,1
551357,0
551358,1
551359,1
551360,1
551361,0
551362,0
551363,0
551364,0
551365,1
551366,1
551367,0
551368,0
551369,0
551370,1
551371,0
551372,0
551373,0
551374,1
551375,0
551376,1
551377,1
551378,1
551379,1
551380,0
551381,1
551382,1
551383,1
551384,0
551385,0
551386,0
551387,0
551388,0
551389,0
551390,0
551391,0
551392,1
551393,1
551394,0
551395,0
551396,1
551397,1
551398,1
551399,0
551400,1
551401,0
551402,0
551403,0
551404,0
551405,1
551406,1
551407,0
551408,1
551409,0
551410,1
551411,0
551412,0
551413,0
551414,1
551415,0
551416,1
551417,1
551418,0
551419,0
551420,1
551421,1
551422,0
551423,1
551424,1
551425,0
551426,0
551427,0
551428,1
551429,1
551430,0
551431,0
551432,0
551433,0
551434,0
551435,0
551436,1
551437,1
551438,1
551439,0
551440,0
551441,1
551442,0
551443,0
551444,1
551445,0
551446,1
551447,0
551448,0
551449,0
551450,1
551451,1
551452,1
551453,0
551454,0
551455,0
551456,1
551457,1
551458,1
551459,0
551460,1
551461,1
551462,1
551463,0
551464,1
551465,1
551466,0
551467,1
551468,0
551469,1
551470,1
551471,1
551472,0
551473,1
551474,0
551475,0
551476,0
551477,0
551478,0
551479,1
551480,1
551481,0
551482,1
551483,0
551484,1
551485,1
551486,1
551487,0
551488,0
551489,1
551490,1
551491,0
551492,1
551493,0
551494,0
551495,0
551496,1
551497,1
551498,0
551499,1
551500,0
551501,1
551502,1
551503,1
551504,0
551505,1
551506,1
551507,1
551508,0
551509,0
551510,0
551511,1
551512,1
551513,1
551514,1
551515,0
551516,1
551517,1
551518,1
551519,1
551520,1
551521,0
551522,0
551523,0
551524,1
551525,0
551526,1
551527,1
551528,1
551529,0
551530,1
551531,0
551532,0
551533,0
551534,1
551535,0
551536,1
551537,0
551538,0
551539,1
551540,1
551541,0
551542,1
551543,0
551544,0
551545,0
551546,0
551547,1
551548,1
551549,0
551550,1
551551,1
551552,0
551553,1
551554,1
551555,1
551556,1
551557,1
551558,1
551559,1
551560,1
551561,1
551562,1
551563,0
551564,1
551565,1
551566,1
551567,1
551568,1
551569,1
551570,0
551571,1
551572,1
551573,1
551574,1
551575,1
551576,0
551577,1
551578,0
551579,0
551580,1
551581,1
551582,1
551583,1
551584,0
551585,0
551586,1
551587,1
551588,0
551589,0
551590,1
551591,0
551592,1
551593,0
551594,1
551595,0
551596,1
551597,1
551598,1
551599,0
551600,0
551601,0
551602,1
551603,0
551604,0
551605,0
551606,1
551607,0
551608,1
551609,1
551610,1
551611,0
551612,1
551613,1
551614,1
551615,1
551616,1
551617,0
551618,1
551619,0
551620,0
551621,1
551622,0
551623,0
551624,0
551625,1
551626,1
551627,1
551628,0
551629,0
551630,0
551631,1
551632,0
551633,0
551634,1
551635,0
551636,0
551637,1
551638,1
551639,1
551640,0
551641,0
551642,1
551643,0
551644,1
551645,1
551646,0
551647,0
551648,1
551649,1
551650,1
551651,1
551652,1
551653,0
551654,0
551655,1
551656,0
551657,1
551658,0
551659,1
551660,1
551661,1
551662,0
551663,0
551664,1
551665,1
551666,0
551667,1
551668,0
551669,0
551670,1
551671,0
551672,1
551673,1
551674,1
551675,1
551676,1
551677,0
551678,0
551679,0
551680,1
551681,1
551682,1
551683,0
551684,0
551685,1
551686,1
551687,0
551688,1
551689,1
551690,1
551691,1
551692,1
551693,0
551694,1
551695,0
551696,1
551697,1
551698,0
551699,1
551700,1
551701,0
551702,0
551703,1
551704,1
551705,0
551706,0
551707,0
551708,0
551709,0
551710,1
551711,0
551712,0
551713,1
551714,0
551715,0
551716,1
551717,1
551718,1
551719,1
551720,1
551721,1
551722,1
551723,1
551724,1
551725,1
551726,1
551727,1
551728,0
551729,0
551730,0
551731,1
551732,0
551733,0
551734,1
551735,1
551736,0
551737,0
551738,0
551739,0
551740,1
551741,0
551742,1
551743,1
551744,0
551745,1
551746,1
551747,1
551748,1
551749,1
551750,1
551751,1
551752,1
551753,0
551754,1
551755,1
551756,1
551757,1
551758,1
551759,1
551760,0
551761,1
551762,1
551763,0
551764,1
551765,1
551766,1
551767,0
551768,1
551769,0
551770,1
551771,1
551772,0
551773,0
551774,1
551775,1
551776,1
551777,0
551778,1
551779,1
551780,0
551781,1
551782,1
551783,1
551784,1
551785,1
551786,1
551787,0
551788,1
551789,1
551790,0
551791,0
551792,1
551793,1
551794,1
551795,1
551796,1
551797,0
551798,0
551799,1
551800,0
551801,1
551802,0
551803,1
551804,0
551805,1
551806,0
551807,0
551808,1
551809,1
551810,0
551811,0
551812,1
551813,0
551814,1
551815,1
551816,1
551817,1
551818,1
551819,1
551820,0
551821,1
551822,1
551823,0
551824,0
551825,0
551826,0
551827,0
551828,0
551829,1
551830,1
551831,1
551832,0
551833,1
551834,0
551835,0
551836,0
551837,1
551838,0
551839,0
551840,1
551841,1
551842,1
551843,0
551844,0
551845,1
551846,0
551847,1
551848,1
551849,1
551850,1
551851,1
551852,1
551853,0
551854,1
551855,1
551856,1
551857,1
551858,0
551859,1
551860,1
551861,0
551862,1
551863,0
551864,1
551865,0
551866,0
551867,0
551868,1
551869,1
551870,0
551871,0
551872,0
551873,0
551874,1
551875,0
551876,1
551877,0
551878,0
551879,1
551880,0
551881,0
551882,0
551883,0
551884,0
551885,1
551886,1
551887,0
551888,0
551889,0
551890,0
551891,1
551892,1
551893,0
551894,0
551895,1
551896,1
551897,0
551898,0
551899,0
551900,1
551901,0
551902,1
551903,1
551904,0
551905,0
551906,0
551907,0
551908,0
551909,1
551910,1
551911,1
551912,0
551913,0
551914,0
551915,1
551916,0
551917,0
551918,0
551919,1
551920,0
551921,1
551922,0
551923,0
551924,0
551925,0
551926,0
551927,0
551928,1
551929,0
551930,1
551931,1
551932,0
551933,1
551934,1
551935,1
551936,1
551937,0
551938,0
551939,1
551940,0
551941,0
551942,0
551943,0
551944,0
551945,0
551946,0
551947,1
551948,0
551949,1
551950,0
551951,0
551952,1
551953,0
551954,1
551955,1
551956,0
551957,1
551958,0
551959,1
551960,0
551961,1
551962,1
551963,1
551964,0
551965,1
551966,0
551967,1
551968,1
551969,0
551970,0
551971,1
551972,1
551973,0
551974,0
551975,1
551976,1
551977,0
551978,1
551979,0
551980,0
551981,1
551982,1
551983,1
551984,0
551985,0
551986,1
551987,1
551988,1
551989,1
551990,0
551991,0
551992,1
551993,0
551994,1
551995,1
551996,1
551997,1
551998,0
551999,1
552000,0
552001,0
552002,1
552003,0
552004,1
552005,1
552006,0
552007,0
552008,0
552009,0
552010,0
552011,0
552012,0
552013,0
552014,0
552015,0
552016,1
552017,1
552018,1
552019,1
552020,0
552021,0
552022,0
552023,0
552024,1
552025,0
552026,1
552027,1
552028,0
552029,0
552030,1
552031,0
552032,1
552033,1
552034,1
552035,0
552036,1
552037,1
552038,0
552039,0
552040,0
552041,1
552042,1
552043,1
552044,1
552045,0
552046,0
552047,0
552048,1
552049,1
552050,1
552051,0
552052,0
552053,0
552054,1
552055,1
552056,0
552057,0
552058,0
552059,0
552060,1
552061,0
552062,0
552063,1
552064,0
552065,0
552066,1
552067,0
552068,0
552069,1
552070,0
552071,0
552072,1
552073,1
552074,1
552075,0
552076,0
552077,0
552078,0
552079,0
552080,0
552081,0
552082,1
552083,0
552084,0
552085,0
552086,0
552087,0
552088,0
552089,0
552090,0
552091,1
552092,0
552093,1
552094,1
552095,1
552096,0
552097,1
552098,1
552099,1
552100,0
552101,1
552102,1
552103,1
552104,1
552105,1
552106,1
552107,0
552108,0
552109,1
552110,1
552111,1
552112,1
552113,1
552114,0
552115,0
552116,0
552117,0
552118,0
552119,0
552120,1
552121,0
552122,0
552123,0
552124,1
552125,0
552126,0
552127,0
552128,1
552129,1
552130,1
552131,1
552132,0
552133,0
552134,0
552135,0
552136,1
552137,0
552138,0
552139,1
552140,0
552141,1
552142,1
552143,1
552144,1
552145,0
552146,1
552147,1
552148,0
552149,1
552150,0
552151,0
552152,1
552153,0
552154,1
552155,1
552156,0
552157,1
552158,1
552159,0
552160,1
552161,1
552162,1
552163,0
552164,1
552165,0
552166,1
552167,0
552168,1
552169,0
552170,1
552171,1
552172,1
552173,1
552174,1
552175,0
552176,0
552177,1
552178,0
552179,0
552180,1
552181,0
552182,1
552183,1
552184,0
552185,1
552186,1
552187,1
552188,1
552189,1
552190,0
552191,0
552192,1
552193,1
552194,1
552195,0
552196,0
552197,0
552198,1
552199,0
552200,1
552201,1
552202,1
552203,0
552204,1
552205,0
552206,1
552207,1
552208,0
552209,0
552210,0
552211,1
552212,1
552213,1
552214,0
552215,1
552216,0
552217,1
552218,1
552219,1
552220,0
552221,1
552222,1
552223,1
552224,1
552225,0
552226,1
552227,1
552228,1
552229,1
552230,1
552231,0
552232,1
552233,0
552234,1
552235,0
552236,1
552237,1
552238,0
552239,0
552240,0
552241,0
552242,1
552243,0
552244,0
552245,1
552246,1
552247,0
552248,1
552249,1
552250,1
552251,1
552252,0
552253,1
552254,0
552255,1
552256,1
552257,1
552258,0
552259,1
552260,0
552261,1
552262,1
552263,0
552264,1
552265,1
552266,0
552267,1
552268,1
552269,0
552270,1
552271,1
552272,1
552273,1
552274,1
552275,1
552276,1
552277,1
552278,1
552279,0
552280,1
552281,1
552282,1
552283,0
552284,1
552285,1
552286,1
552287,0
552288,1
552289,1
552290,1
552291,1
552292,1
552293,1
552294,0
552295,1
552296,0
552297,1
552298,1
552299,1
552300,0
552301,0
552302,1
552303,1
552304,0
552305,1
552306,1
552307,0
552308,1
552309,0
552310,1
552311,1
552312,0
552313,1
552314,1
552315,0
552316,1
552317,1
552318,1
552319,1
552320,1
552321,0
552322,0
552323,1
552324,1
552325,0
552326,0
552327,1
552328,1
552329,1
552330,1
552331,1
552332,1
552333,1
552334,1
552335,0
552336,1
552337,1
552338,1
552339,1
552340,1
552341,0
552342,0
552343,0
552344,1
552345,1
552346,0
552347,0
552348,0
552349,1
552350,0
552351,1
552352,1
552353,1
552354,0
552355,1
552356,1
552357,0
552358,0
552359,1
552360,1
552361,1
552362,1
552363,1
552364,0
552365,0
552366,0
552367,1
552368,0
552369,0
552370,1
552371,1
552372,0
552373,1
552374,1
552375,1
552376,1
552377,1
552378,0
552379,1
552380,1
552381,0
552382,0
552383,0
552384,0
552385,0
552386,1
552387,1
552388,1
552389,1
552390,1
552391,1
552392,0
552393,1
552394,1
552395,1
552396,0
552397,0
552398,1
552399,1
552400,0
552401,0
552402,0
552403,0
552404,0
552405,0
552406,0
552407,0
552408,1
552409,1
552410,1
552411,0
552412,0
552413,1
552414,1
552415,0
552416,1
552417,0
552418,0
552419,1
552420,0
552421,1
552422,1
552423,1
552424,1
552425,1
552426,1
552427,1
552428,1
552429,0
552430,1
552431,1
552432,0
552433,1
552434,1
552435,0
552436,1
552437,1
552438,1
552439,0
552440,1
552441,0
552442,0
552443,0
552444,0
552445,1
552446,1
552447,0
552448,1
552449,1
552450,1
552451,1
552452,1
552453,0
552454,0
552455,0
552456,1
552457,1
552458,1
552459,1
552460,0
552461,1
552462,0
552463,1
552464,0
552465,0
552466,0
552467,0
552468,1
552469,1
552470,1
552471,0
552472,1
552473,1
552474,1
552475,0
552476,0
552477,1
552478,0
552479,1
552480,1
552481,1
552482,0
552483,1
552484,0
552485,0
552486,0
552487,0
552488,0
552489,1
552490,1
552491,1
552492,1
552493,1
552494,0
552495,1
552496,0
552497,1
552498,0
552499,1
552500,1
552501,1
552502,0
552503,1
552504,1
552505,0
552506,1
552507,1
552508,1
552509,1
552510,1
552511,0
552512,1
552513,0
552514,0
552515,0
552516,1
552517,1
552518,1
552519,0
552520,0
552521,1
552522,1
552523,0
552524,1
552525,0
552526,1
552527,0
552528,0
552529,1
552530,1
552531,1
552532,1
552533,1
552534,1
552535,1
552536,1
552537,0
552538,1
552539,1
552540,1
552541,1
552542,1
552543,0
552544,0
552545,1
552546,1
552547,0
552548,0
552549,0
552550,0
552551,1
552552,1
552553,1
552554,1
552555,1
552556,1
552557,1
552558,0
552559,0
552560,0
552561,1
552562,0
552563,0
552564,0
552565,1
552566,1
552567,1
552568,0
552569,1
552570,0
552571,0
552572,0
552573,1
552574,0
552575,1
552576,0
552577,0
552578,0
552579,1
552580,0
552581,1
552582,0
552583,0
552584,1
552585,0
552586,1
552587,1
552588,0
552589,1
552590,0
552591,0
552592,0
552593,1
552594,1
552595,1
552596,1
552597,0
552598,0
552599,1
552600,1
552601,1
552602,0
552603,1
552604,1
552605,1
552606,1
552607,1
552608,1
552609,0
552610,1
552611,0
552612,1
552613,1
552614,1
552615,0
552616,1
552617,0
552618,1
552619,0
552620,1
552621,1
552622,0
552623,1
552624,0
552625,1
552626,1
552627,0
552628,0
552629,1
552630,1
552631,0
552632,0
552633,1
552634,0
552635,1
552636,1
552637,0
552638,1
552639,1
552640,0
552641,1
552642,0
552643,0
552644,0
552645,1
552646,0
552647,1
552648,0
552649,0
552650,1
552651,0
552652,0
552653,1
552654,0
552655,0
552656,1
552657,0
552658,0
552659,1
552660,1
552661,0
552662,0
552663,0
552664,1
552665,1
552666,1
552667,0
552668,0
552669,1
552670,0
552671,0
552672,1
552673,1
552674,0
552675,1
552676,1
552677,1
552678,0
552679,0
552680,1
552681,1
552682,1
552683,1
552684,1
552685,1
552686,1
552687,1
552688,0
552689,0
552690,0
552691,1
552692,0
552693,0
552694,1
552695,0
552696,0
552697,1
552698,1
552699,1
552700,1
552701,0
552702,0
552703,0
552704,1
552705,0
552706,1
552707,1
552708,0
552709,0
552710,0
552711,0
552712,0
552713,0
552714,1
552715,0
552716,1
552717,1
552718,1
552719,0
552720,1
552721,1
552722,1
552723,0
552724,1
552725,1
552726,0
552727,0
552728,1
552729,1
552730,0
552731,1
552732,1
552733,0
552734,1
552735,0
552736,1
552737,1
552738,1
552739,1
552740,1
552741,0
552742,0
552743,1
552744,1
552745,0
552746,0
552747,0
552748,1
552749,1
552750,0
552751,1
552752,0
552753,1
552754,0
552755,0
552756,0
552757,0
552758,0
552759,1
552760,1
552761,0
552762,0
552763,1
552764,1
552765,1
552766,1
552767,0
552768,1
552769,0
552770,0
552771,1
552772,0
552773,1
552774,1
552775,0
552776,1
552777,1
552778,0
552779,1
552780,0
552781,1
552782,1
552783,0
552784,0
552785,1
552786,0
552787,0
552788,0
552789,0
552790,0
552791,0
552792,1
552793,0
552794,0
552795,1
552796,0
552797,0
552798,1
552799,0
552800,1
552801,1
552802,0
552803,0
552804,0
552805,1
552806,1
552807,0
552808,1
552809,0
552810,0
552811,1
552812,1
552813,1
552814,1
552815,0
552816,1
552817,1
552818,0
552819,1
552820,0
552821,1
552822,1
552823,1
552824,1
552825,1
552826,0
552827,1
552828,0
552829,1
552830,0
552831,0
552832,1
552833,1
552834,1
552835,1
552836,1
552837,0
552838,1
552839,1
552840,0
552841,1
552842,0
552843,0
552844,1
552845,0
552846,0
552847,0
552848,1
552849,0
552850,0
552851,1
552852,0
552853,0
552854,1
552855,1
552856,1
552857,0
552858,0
552859,0
552860,1
552861,0
552862,0
552863,1
552864,0
552865,1
552866,1
552867,1
552868,0
552869,1
552870,0
552871,1
552872,1
552873,1
552874,0
552875,0
552876,1
552877,1
552878,0
552879,0
552880,1
552881,1
552882,0
552883,0
552884,1
552885,1
552886,0
552887,0
552888,1
552889,0
552890,1
552891,0
552892,0
552893,1
552894,1
552895,0
552896,1
552897,0
552898,1
552899,0
552900,0
552901,0
552902,1
552903,1
552904,1
552905,0
552906,1
552907,0
552908,0
552909,1
552910,1
552911,1
552912,0
552913,1
552914,1
552915,0
552916,0
552917,0
552918,0
552919,1
552920,0
552921,0
552922,1
552923,0
552924,0
552925,1
552926,0
552927,0
552928,1
552929,0
552930,1
552931,1
552932,1
552933,1
552934,1
552935,0
552936,0
552937,0
552938,0
552939,0
552940,1
552941,1
552942,1
552943,1
552944,1
552945,1
552946,0
552947,1
552948,0
552949,1
552950,1
552951,1
552952,1
552953,1
552954,1
552955,1
552956,0
552957,0
552958,1
552959,0
552960,1
552961,1
552962,0
552963,0
552964,1
552965,1
552966,1
552967,1
552968,1
552969,1
552970,0
552971,0
552972,1
552973,0
552974,1
552975,0
552976,1
552977,0
552978,0
552979,1
552980,1
552981,0
552982,1
552983,0
552984,1
552985,0
552986,1
552987,0
552988,1
552989,0
552990,1
552991,1
552992,1
552993,1
552994,0
552995,0
552996,1
552997,1
552998,1
552999,1
553000,0
553001,1
553002,0
553003,1
553004,1
553005,1
553006,0
553007,0
553008,1
553009,1
553010,1
553011,0
553012,0
553013,1
553014,1
553015,1
553016,0
553017,1
553018,1
553019,1
553020,0
553021,1
553022,1
553023,1
553024,1
553025,1
553026,1
553027,1
553028,1
553029,0
553030,1
553031,1
553032,1
553033,1
553034,0
553035,1
553036,0
553037,1
553038,1
553039,1
553040,1
553041,0
553042,0
553043,0
553044,1
553045,0
553046,0
553047,0
553048,1
553049,1
553050,1
553051,1
553052,1
553053,1
553054,1
553055,0
553056,0
553057,1
553058,0
553059,1
553060,0
553061,1
553062,1
553063,0
553064,1
553065,1
553066,1
553067,1
553068,1
553069,0
553070,1
553071,1
553072,0
553073,1
553074,1
553075,1
553076,1
553077,0
553078,1
553079,0
553080,0
553081,1
553082,0
553083,0
553084,1
553085,1
553086,0
553087,1
553088,1
553089,1
553090,0
553091,0
553092,0
553093,1
553094,1
553095,1
553096,0
553097,1
553098,0
553099,1
553100,1
553101,1
553102,0
553103,0
553104,1
553105,1
553106,1
553107,0
553108,1
553109,1
553110,0
553111,0
553112,1
553113,1
553114,1
553115,1
553116,1
553117,1
553118,0
553119,1
553120,1
553121,1
553122,0
553123,0
553124,0
553125,0
553126,1
553127,1
553128,1
553129,1
553130,1
553131,0
553132,1
553133,1
553134,1
553135,1
553136,1
553137,1
553138,1
553139,0
553140,1
553141,0
553142,0
553143,1
553144,1
553145,0
553146,1
553147,1
553148,1
553149,0
553150,0
553151,0
553152,1
553153,0
553154,0
553155,0
553156,1
553157,1
553158,1
553159,1
553160,1
553161,1
553162,1
553163,1
553164,1
553165,1
553166,1
553167,1
553168,0
553169,0
553170,1
553171,1
553172,1
553173,0
553174,1
553175,1
553176,1
553177,1
553178,0
553179,1
553180,1
553181,1
553182,1
553183,0
553184,1
553185,1
553186,1
553187,1
553188,0
553189,0
553190,1
553191,1
553192,0
553193,0
553194,0
553195,0
553196,1
553197,1
553198,0
553199,1
553200,1
553201,1
553202,1
553203,1
553204,1
553205,1
553206,0
553207,1
553208,0
553209,1
553210,1
553211,1
553212,1
553213,0
553214,0
553215,0
553216,0
553217,0
553218,1
553219,1
553220,1
553221,1
553222,1
553223,1
553224,0
553225,1
553226,1
553227,0
553228,1
553229,1
553230,1
553231,0
553232,1
553233,1
553234,1
553235,0
553236,0
553237,1
553238,0
553239,1
553240,1
553241,1
553242,0
553243,1
553244,1
553245,0
553246,1
553247,1
553248,1
553249,1
553250,1
553251,0
553252,1
553253,1
553254,0
553255,1
553256,1
553257,1
553258,0
553259,1
553260,0
553261,1
553262,0
553263,0
553264,1
553265,0
553266,1
553267,1
553268,0
553269,1
553270,1
553271,1
553272,1
553273,1
553274,1
553275,1
553276,0
553277,1
553278,0
553279,0
553280,1
553281,1
553282,1
553283,1
553284,0
553285,0
553286,1
553287,0
553288,1
553289,0
553290,1
553291,0
553292,1
553293,0
553294,1
553295,0
553296,1
553297,1
553298,0
553299,1
553300,0
553301,0
553302,1
553303,1
553304,1
553305,1
553306,0
553307,1
553308,1
553309,1
553310,0
553311,1
553312,1
553313,0
553314,0
553315,1
553316,1
553317,0
553318,0
553319,0
553320,1
553321,1
553322,1
553323,0
553324,1
553325,1
553326,1
553327,1
553328,1
553329,0
553330,1
553331,1
553332,1
553333,1
553334,0
553335,1
553336,1
553337,1
553338,1
553339,1
553340,0
553341,1
553342,0
553343,1
553344,1
553345,1
553346,0
553347,0
553348,0
553349,0
553350,1
553351,0
553352,1
553353,0
553354,1
553355,0
553356,1
553357,0
553358,1
553359,1
553360,1
553361,0
553362,1
553363,1
553364,0
553365,0
553366,1
553367,1
553368,1
553369,0
553370,1
553371,1
553372,1
553373,1
553374,0
553375,0
553376,1
553377,1
553378,0
553379,1
553380,1
553381,0
553382,0
553383,1
553384,1
553385,1
553386,0
553387,0
553388,1
553389,1
553390,1
553391,1
553392,1
553393,1
553394,1
553395,0
553396,0
553397,0
553398,1
553399,0
553400,1
553401,0
553402,1
553403,1
553404,0
553405,0
553406,1
553407,1
553408,0
553409,0
553410,1
553411,0
553412,1
553413,0
553414,0
553415,1
553416,1
553417,1
553418,0
553419,1
553420,1
553421,1
553422,0
553423,1
553424,1
553425,1
553426,1
553427,0
553428,0
553429,0
553430,1
553431,1
553432,1
553433,1
553434,1
553435,1
553436,0
553437,0
553438,0
553439,1
553440,0
553441,0
553442,0
553443,1
553444,0
553445,1
553446,1
553447,1
553448,0
553449,1
553450,0
553451,1
553452,0
553453,1
553454,1
553455,1
553456,0
553457,1
553458,1
553459,1
553460,0
553461,0
553462,1
553463,0
553464,0
553465,1
553466,1
553467,0
553468,1
553469,0
553470,1
553471,1
553472,0
553473,0
553474,1
553475,1
553476,1
553477,1
553478,0
553479,1
553480,0
553481,0
553482,0
553483,1
553484,1
553485,0
553486,0
553487,0
553488,0
553489,1
553490,1
553491,1
553492,1
553493,1
553494,1
553495,1
553496,1
553497,0
553498,0
553499,1
553500,1
553501,1
553502,1
553503,1
553504,0
553505,0
553506,1
553507,1
553508,1
553509,0
553510,1
553511,1
553512,1
553513,1
553514,1
553515,1
553516,1
553517,1
553518,1
553519,1
553520,1
553521,1
553522,1
553523,1
553524,0
553525,0
553526,1
553527,1
553528,1
553529,1
553530,0
553531,0
553532,0
553533,0
553534,1
553535,0
553536,1
553537,0
553538,1
553539,0
553540,0
553541,1
553542,1
553543,1
553544,0
553545,1
553546,1
553547,0
553548,1
553549,0
553550,0
553551,1
553552,1
553553,0
553554,1
553555,0
553556,0
553557,1
553558,0
553559,1
553560,1
553561,1
553562,0
553563,1
553564,1
553565,1
553566,1
553567,1
553568,1
553569,0
553570,1
553571,0
553572,0
553573,0
553574,1
553575,1
553576,1
553577,0
553578,1
553579,1
553580,1
553581,0
553582,1
553583,0
553584,1
553585,1
553586,1
553587,1
553588,0
553589,0
553590,1
553591,1
553592,1
553593,0
553594,0
553595,0
553596,1
553597,1
553598,1
553599,1
553600,0
553601,0
553602,1
553603,1
553604,0
553605,1
553606,1
553607,0
553608,1
553609,1
553610,0
553611,0
553612,1
553613,0
553614,1
553615,1
553616,0
553617,0
553618,0
553619,1
553620,0
553621,1
553622,1
553623,1
553624,0
553625,1
553626,1
553627,1
553628,1
553629,0
553630,1
553631,0
553632,0
553633,0
553634,1
553635,0
553636,1
553637,1
553638,1
553639,1
553640,0
553641,1
553642,0
553643,0
553644,1
553645,0
553646,1
553647,1
553648,1
553649,0
553650,0
553651,0
553652,0
553653,0
553654,1
553655,1
553656,0
553657,1
553658,0
553659,1
553660,1
553661,0
553662,0
553663,1
553664,0
553665,0
553666,1
553667,0
553668,1
553669,1
553670,1
553671,1
553672,1
553673,1
553674,0
553675,0
553676,0
553677,1
553678,0
553679,1
553680,0
553681,1
553682,1
553683,1
553684,1
553685,1
553686,1
553687,0
553688,1
553689,0
553690,1
553691,1
553692,1
553693,1
553694,1
553695,1
553696,1
553697,1
553698,1
553699,1
553700,1
553701,1
553702,1
553703,1
553704,1
553705,1
553706,1
553707,0
553708,1
553709,0
553710,0
553711,1
553712,0
553713,0
553714,0
553715,0
553716,1
553717,1
553718,0
553719,0
553720,0
553721,1
553722,1
553723,1
553724,1
553725,0
553726,1
553727,1
553728,0
553729,1
553730,0
553731,0
553732,1
553733,1
553734,1
553735,1
553736,1
553737,0
553738,1
553739,1
553740,1
553741,1
553742,0
553743,0
553744,0
553745,1
553746,1
553747,0
553748,1
553749,1
553750,1
553751,1
553752,0
553753,1
553754,1
553755,1
553756,0
553757,1
553758,0
553759,1
553760,1
553761,1
553762,0
553763,0
553764,1
553765,0
553766,0
553767,1
553768,1
553769,0
553770,1
553771,0
553772,1
553773,1
553774,1
553775,1
553776,0
553777,1
553778,0
553779,0
553780,1
553781,0
553782,1
553783,1
553784,1
553785,1
553786,1
553787,0
553788,0
553789,1
553790,1
553791,0
553792,1
553793,1
553794,0
553795,1
553796,0
553797,1
553798,0
553799,0
553800,1
553801,1
553802,0
553803,0
553804,0
553805,1
553806,1
553807,1
553808,1
553809,0
553810,0
553811,1
553812,1
553813,1
553814,1
553815,0
553816,1
553817,0
553818,1
553819,0
553820,1
553821,0
553822,0
553823,1
553824,0
553825,0
553826,1
553827,0
553828,1
553829,1
553830,0
553831,0
553832,0
553833,0
553834,0
553835,1
553836,1
553837,0
553838,1
553839,1
553840,0
553841,0
553842,1
553843,1
553844,0
553845,1
553846,0
553847,0
553848,1
553849,1
553850,1
553851,0
553852,0
553853,1
553854,1
553855,0
553856,0
553857,1
553858,0
553859,0
553860,1
553861,0
553862,1
553863,0
553864,1
553865,1
553866,1
553867,0
553868,1
553869,1
553870,1
553871,0
553872,0
553873,0
553874,1
553875,0
553876,1
553877,1
553878,1
553879,1
553880,1
553881,1
553882,1
553883,0
553884,1
553885,0
553886,1
553887,0
553888,1
553889,0
553890,0
553891,1
553892,0
553893,1
553894,0
553895,1
553896,0
553897,1
553898,1
553899,1
553900,1
553901,1
553902,1
553903,1
553904,0
553905,1
553906,1
553907,0
553908,0
553909,0
553910,1
553911,0
553912,1
553913,1
553914,0
553915,1
553916,0
553917,0
553918,1
553919,1
553920,1
553921,1
553922,1
553923,0
553924,1
553925,1
553926,1
553927,1
553928,0
553929,0
553930,0
553931,0
553932,1
553933,1
553934,0
553935,0
553936,1
553937,0
553938,0
553939,1
553940,1
553941,0
553942,0
553943,0
553944,0
553945,1
553946,0
553947,0
553948,1
553949,1
553950,1
553951,1
553952,1
553953,1
553954,0
553955,0
553956,0
553957,0
553958,0
553959,1
553960,0
553961,0
553962,1
553963,1
553964,1
553965,0
553966,1
553967,0
553968,1
553969,1
553970,1
553971,1
553972,1
553973,1
553974,0
553975,0
553976,1
553977,1
553978,1
553979,1
553980,1
553981,1
553982,1
553983,1
553984,0
553985,1
553986,0
553987,1
553988,1
553989,1
553990,0
553991,0
553992,0
553993,0
553994,1
553995,1
553996,1
553997,1
553998,0
553999,1
554000,1
554001,1
554002,0
554003,1
554004,1
554005,0
554006,1
554007,1
554008,1
554009,1
554010,1
554011,1
554012,0
554013,1
554014,1
554015,0
554016,1
554017,1
554018,1
554019,0
554020,1
554021,1
554022,1
554023,1
554024,1
554025,1
554026,0
554027,1
554028,1
554029,0
554030,1
554031,1
554032,1
554033,1
554034,0
554035,1
554036,0
554037,0
554038,0
554039,1
554040,1
554041,0
554042,1
554043,0
554044,1
554045,0
554046,0
554047,0
554048,1
554049,1
554050,1
554051,1
554052,1
554053,1
554054,0
554055,0
554056,0
554057,1
554058,1
554059,0
554060,1
554061,0
554062,1
554063,1
554064,1
554065,1
554066,0
554067,1
554068,1
554069,0
554070,0
554071,1
554072,0
554073,0
554074,1
554075,1
554076,1
554077,1
554078,1
554079,0
554080,1
554081,1
554082,1
554083,1
554084,1
554085,1
554086,0
554087,0
554088,0
554089,0
554090,0
554091,1
554092,0
554093,0
554094,1
554095,1
554096,1
554097,0
554098,1
554099,0
554100,1
554101,1
554102,1
554103,0
554104,0
554105,1
554106,0
554107,1
554108,1
554109,0
554110,0
554111,1
554112,1
554113,1
554114,1
554115,1
554116,1
554117,0
554118,1
554119,1
554120,1
554121,1
554122,0
554123,1
554124,0
554125,0
554126,1
554127,1
554128,1
554129,1
554130,0
554131,1
554132,1
554133,1
554134,0
554135,1
554136,1
554137,1
554138,1
554139,1
554140,1
554141,1
554142,0
554143,1
554144,1
554145,1
554146,0
554147,1
554148,0
554149,1
554150,1
554151,1
554152,1
554153,1
554154,1
554155,1
554156,1
554157,0
554158,0
554159,1
554160,0
554161,1
554162,1
554163,0
554164,1
554165,1
554166,1
554167,1
554168,0
554169,1
554170,0
554171,0
554172,0
554173,0
554174,0
554175,0
554176,0
554177,1
554178,1
554179,1
554180,1
554181,1
554182,0
554183,0
554184,1
554185,0
554186,0
554187,1
554188,1
554189,1
554190,1
554191,1
554192,1
554193,1
554194,1
554195,0
554196,0
554197,1
554198,0
554199,1
554200,1
554201,0
554202,1
554203,0
554204,1
554205,1
554206,0
554207,0
554208,1
554209,0
554210,1
554211,0
554212,1
554213,1
554214,1
554215,1
554216,0
554217,1
554218,1
554219,0
554220,1
554221,0
554222,1
554223,1
554224,1
554225,1
554226,1
554227,1
554228,0
554229,0
554230,1
554231,1
554232,0
554233,0
554234,1
554235,1
554236,0
554237,0
554238,1
554239,1
554240,1
554241,1
554242,1
554243,0
554244,1
554245,0
554246,1
554247,0
554248,1
554249,1
554250,1
554251,1
554252,0
554253,1
554254,1
554255,1
554256,1
554257,1
554258,1
554259,1
554260,1
554261,0
554262,1
554263,1
554264,1
554265,1
554266,1
554267,1
554268,1
554269,1
554270,0
554271,1
554272,1
554273,0
554274,0
554275,1
554276,0
554277,1
554278,0
554279,1
554280,1
554281,1
554282,1
554283,1
554284,0
554285,0
554286,1
554287,1
554288,1
554289,1
554290,0
554291,1
554292,0
554293,0
554294,1
554295,1
554296,1
554297,1
554298,1
554299,1
554300,1
554301,1
554302,1
554303,0
554304,1
554305,1
554306,1
554307,0
554308,1
554309,1
554310,1
554311,1
554312,0
554313,1
554314,1
554315,1
554316,0
554317,0
554318,0
554319,1
554320,1
554321,0
554322,1
554323,1
554324,0
554325,0
554326,1
554327,1
554328,1
554329,1
554330,1
554331,1
554332,1
554333,1
554334,1
554335,0
554336,1
554337,0
554338,1
554339,0
554340,1
554341,1
554342,1
554343,1
554344,1
554345,1
554346,1
554347,1
554348,1
554349,1
554350,1
554351,0
554352,1
554353,0
554354,1
554355,1
554356,1
554357,1
554358,1
554359,1
554360,0
554361,1
554362,1
554363,1
554364,1
554365,1
554366,1
554367,1
554368,1
554369,1
554370,0
554371,1
554372,0
554373,0
554374,1
554375,0
554376,1
554377,1
554378,1
554379,1
554380,0
554381,1
554382,1
554383,1
554384,1
554385,1
554386,1
554387,0
554388,1
554389,1
554390,1
554391,1
554392,0
554393,1
554394,0
554395,1
554396,1
554397,1
554398,1
554399,0
554400,1
554401,1
554402,0
554403,0
554404,1
554405,1
554406,0
554407,0
554408,0
554409,1
554410,1
554411,1
554412,1
554413,1
554414,1
554415,1
554416,1
554417,1
554418,1
554419,0
554420,0
554421,1
554422,1
554423,0
554424,1
554425,1
554426,0
554427,1
554428,1
554429,1
554430,1
554431,0
554432,1
554433,1
554434,1
554435,1
554436,0
554437,1
554438,1
554439,1
554440,1
554441,1
554442,1
554443,1
554444,1
554445,0
554446,0
554447,0
554448,0
554449,1
554450,1
554451,1
554452,1
554453,1
554454,0
554455,1
554456,1
554457,1
554458,1
554459,1
554460,1
554461,1
554462,1
554463,0
554464,0
554465,1
554466,1
554467,0
554468,1
554469,1
554470,1
554471,1
554472,1
554473,1
554474,1
554475,1
554476,1
554477,1
554478,1
554479,0
554480,1
554481,1
554482,0
554483,1
554484,0
554485,1
554486,1
554487,0
554488,0
554489,1
554490,1
554491,1
554492,1
554493,0
554494,1
554495,1
554496,1
554497,0
554498,0
554499,0
554500,1
554501,0
554502,0
554503,1
554504,1
554505,1
554506,1
554507,1
554508,0
554509,0
554510,1
554511,0
554512,1
554513,1
554514,1
554515,1
554516,0
554517,1
554518,0
554519,1
554520,1
554521,0
554522,1
554523,0
554524,0
554525,1
554526,1
554527,1
554528,1
554529,0
554530,1
554531,1
554532,1
554533,1
554534,1
554535,0
554536,0
554537,1
554538,1
554539,0
554540,0
554541,0
554542,1
554543,1
554544,0
554545,1
554546,0
554547,1
554548,0
554549,0
554550,1
554551,1
554552,0
554553,0
554554,0
554555,1
554556,1
554557,1
554558,0
554559,1
554560,1
554561,0
554562,1
554563,0
554564,0
554565,1
554566,1
554567,0
554568,0
554569,0
554570,0
554571,0
554572,1
554573,1
554574,0
554575,0
554576,0
554577,0
554578,0
554579,1
554580,1
554581,0
554582,1
554583,1
554584,0
554585,0
554586,1
554587,0
554588,1
554589,0
554590,0
554591,1
554592,1
554593,1
554594,0
554595,0
554596,1
554597,0
554598,0
554599,0
554600,0
554601,1
554602,0
554603,0
554604,1
554605,0
554606,0
554607,1
554608,0
554609,1
554610,0
554611,1
554612,1
554613,0
554614,1
554615,1
554616,0
554617,1
554618,1
554619,0
554620,0
554621,1
554622,1
554623,1
554624,0
554625,0
554626,0
554627,1
554628,1
554629,1
554630,0
554631,1
554632,1
554633,1
554634,0
554635,1
554636,0
554637,0
554638,1
554639,1
554640,1
554641,1
554642,0
554643,0
554644,1
554645,0
554646,1
554647,1
554648,1
554649,1
554650,0
554651,0
554652,0
554653,0
554654,0
554655,0
554656,0
554657,0
554658,1
554659,0
554660,1
554661,0
554662,1
554663,0
554664,1
554665,0
554666,0
554667,0
554668,0
554669,1
554670,0
554671,0
554672,0
554673,1
554674,0
554675,1
554676,0
554677,1
554678,1
554679,1
554680,1
554681,0
554682,1
554683,1
554684,0
554685,0
554686,1
554687,0
554688,0
554689,0
554690,1
554691,1
554692,0
554693,0
554694,0
554695,0
554696,1
554697,0
554698,1
554699,1
554700,1
554701,0
554702,1
554703,0
554704,1
554705,0
554706,0
554707,0
554708,1
554709,1
554710,1
554711,0
554712,1
554713,0
554714,1
554715,0
554716,0
554717,0
554718,0
554719,1
554720,1
554721,1
554722,0
554723,0
554724,1
554725,1
554726,0
554727,1
554728,0
554729,0
554730,0
554731,1
554732,0
554733,0
554734,1
554735,0
554736,1
554737,1
554738,1
554739,1
554740,1
554741,0
554742,0
554743,1
554744,0
554745,0
554746,1
554747,1
554748,1
554749,1
554750,0
554751,0
554752,1
554753,1
554754,1
554755,1
554756,0
554757,0
554758,0
554759,1
554760,1
554761,1
554762,0
554763,0
554764,0
554765,0
554766,0
554767,1
554768,0
554769,0
554770,1
554771,0
554772,1
554773,1
554774,1
554775,1
554776,1
554777,0
554778,1
554779,1
554780,0
554781,0
554782,1
554783,1
554784,1
554785,1
554786,1
554787,1
554788,1
554789,0
554790,1
554791,1
554792,0
554793,0
554794,1
554795,1
554796,1
554797,1
554798,1
554799,0
554800,1
554801,1
554802,1
554803,1
554804,1
554805,1
554806,1
554807,1
554808,1
554809,1
554810,1
554811,0
554812,1
554813,1
554814,1
554815,1
554816,1
554817,0
554818,0
554819,1
554820,1
554821,0
554822,1
554823,1
554824,0
554825,0
554826,1
554827,1
554828,1
554829,1
554830,0
554831,1
554832,0
554833,1
554834,1
554835,1
554836,1
554837,0
554838,1
554839,1
554840,1
554841,1
554842,1
554843,1
554844,1
554845,1
554846,0
554847,1
554848,0
554849,1
554850,1
554851,1
554852,1
554853,1
554854,1
554855,1
554856,1
554857,1
554858,1
554859,0
554860,0
554861,1
554862,1
554863,0
554864,0
554865,0
554866,1
554867,1
554868,1
554869,1
554870,1
554871,0
554872,0
554873,1
554874,1
554875,1
554876,0
554877,1
554878,0
554879,1
554880,1
554881,0
554882,1
554883,1
554884,1
554885,1
554886,1
554887,1
554888,1
554889,0
554890,1
554891,0
554892,1
554893,0
554894,1
554895,0
554896,1
554897,0
554898,1
554899,1
554900,1
554901,1
554902,0
554903,1
554904,1
554905,1
554906,1
554907,1
554908,1
554909,1
554910,1
554911,0
554912,0
554913,1
554914,1
554915,1
554916,1
554917,1
554918,1
554919,1
554920,1
554921,1
554922,1
554923,1
554924,0
554925,1
554926,1
554927,0
554928,1
554929,0
554930,1
554931,0
554932,1
554933,0
554934,1
554935,1
554936,1
554937,0
554938,1
554939,1
554940,0
554941,1
554942,0
554943,0
554944,0
554945,0
554946,0
554947,1
554948,0
554949,1
554950,1
554951,1
554952,0
554953,1
554954,1
554955,1
554956,1
554957,1
554958,1
554959,1
554960,1
554961,1
554962,0
554963,0
554964,1
554965,0
554966,1
554967,1
554968,0
554969,1
554970,1
554971,1
554972,1
554973,1
554974,1
554975,1
554976,0
554977,1
554978,1
554979,0
554980,1
554981,1
554982,1
554983,0
554984,1
554985,1
554986,1
554987,0
554988,1
554989,1
554990,1
554991,1
554992,0
554993,1
554994,1
554995,1
554996,0
554997,0
554998,1
554999,1
555000,1
555001,0
555002,1
555003,0
555004,1
555005,1
555006,0
555007,1
555008,0
555009,1
555010,0
555011,0
555012,1
555013,1
555014,1
555015,0
555016,0
555017,1
555018,1
555019,0
555020,0
555021,0
555022,1
555023,0
555024,1
555025,1
555026,1
555027,1
555028,1
555029,1
555030,1
555031,1
555032,1
555033,1
555034,1
555035,1
555036,1
555037,0
555038,0
555039,1
555040,0
555041,0
555042,0
555043,1
555044,0
555045,1
555046,1
555047,1
555048,1
555049,1
555050,1
555051,1
555052,1
555053,0
555054,0
555055,1
555056,1
555057,1
555058,0
555059,1
555060,1
555061,1
555062,0
555063,1
555064,1
555065,1
555066,0
555067,0
555068,1
555069,1
555070,1
555071,0
555072,0
555073,1
555074,1
555075,0
555076,1
555077,0
555078,1
555079,0
555080,1
555081,0
555082,0
555083,1
555084,1
555085,1
555086,1
555087,0
555088,1
555089,1
555090,0
555091,1
555092,1
555093,1
555094,1
555095,0
555096,1
555097,1
555098,0
555099,1
555100,1
555101,1
555102,0
555103,0
555104,0
555105,0
555106,0
555107,1
555108,0
555109,1
555110,0
555111,1
555112,0
555113,1
555114,0
555115,1
555116,0
555117,1
555118,0
555119,0
555120,0
555121,1
555122,1
555123,1
555124,0
555125,1
555126,0
555127,0
555128,1
555129,0
555130,1
555131,1
555132,1
555133,1
555134,0
555135,1
555136,1
555137,0
555138,1
555139,1
555140,1
555141,0
555142,1
555143,1
555144,1
555145,1
555146,0
555147,1
555148,1
555149,1
555150,0
555151,1
555152,0
555153,1
555154,1
555155,0
555156,0
555157,1
555158,1
555159,0
555160,1
555161,0
555162,1
555163,1
555164,1
555165,0
555166,1
555167,1
555168,1
555169,0
555170,1
555171,1
555172,0
555173,0
555174,1
555175,1
555176,1
555177,1
555178,0
555179,1
555180,1
555181,1
555182,1
555183,1
555184,1
555185,1
555186,1
555187,0
555188,0
555189,1
555190,0
555191,1
555192,0
555193,1
555194,1
555195,1
555196,1
555197,1
555198,0
555199,0
555200,0
555201,0
555202,1
555203,0
555204,1
555205,0
555206,1
555207,0
555208,1
555209,1
555210,1
555211,0
555212,1
555213,1
555214,0
555215,0
555216,0
555217,0
555218,1
555219,1
555220,1
555221,1
555222,0
555223,1
555224,0
555225,1
555226,1
555227,1
555228,1
555229,1
555230,0
555231,1
555232,1
555233,1
555234,1
555235,1
555236,1
555237,0
555238,1
555239,1
555240,0
555241,0
555242,0
555243,1
555244,1
555245,1
555246,1
555247,1
555248,0
555249,1
555250,1
555251,1
555252,1
555253,1
555254,0
555255,1
555256,0
555257,1
555258,1
555259,1
555260,1
555261,0
555262,1
555263,1
555264,1
555265,1
555266,1
555267,0
555268,0
555269,0
555270,1
555271,1
555272,1
555273,1
555274,1
555275,1
555276,1
555277,1
555278,1
555279,0
555280,1
555281,0
555282,1
555283,0
555284,1
555285,1
555286,0
555287,1
555288,1
555289,1
555290,1
555291,1
555292,1
555293,0
555294,1
555295,0
555296,1
555297,0
555298,1
555299,1
555300,0
555301,0
555302,1
555303,0
555304,1
555305,1
555306,1
555307,1
555308,0
555309,1
555310,0
555311,0
555312,1
555313,0
555314,1
555315,1
555316,1
555317,0
555318,0
555319,0
555320,0
555321,0
555322,1
555323,0
555324,0
555325,1
555326,0
555327,1
555328,1
555329,0
555330,0
555331,0
555332,0
555333,1
555334,1
555335,0
555336,0
555337,1
555338,1
555339,1
555340,0
555341,0
555342,0
555343,0
555344,1
555345,1
555346,1
555347,1
555348,1
555349,0
555350,1
555351,1
555352,0
555353,0
555354,1
555355,0
555356,1
555357,0
555358,1
555359,0
555360,1
555361,1
555362,1
555363,0
555364,0
555365,0
555366,1
555367,0
555368,0
555369,0
555370,1
555371,1
555372,1
555373,0
555374,1
555375,0
555376,0
555377,0
555378,1
555379,1
555380,1
555381,1
555382,0
555383,1
555384,1
555385,0
555386,0
555387,0
555388,1
555389,1
555390,0
555391,1
555392,1
555393,1
555394,1
555395,1
555396,0
555397,1
555398,1
555399,1
555400,1
555401,1
555402,1
555403,1
555404,1
555405,1
555406,1
555407,1
555408,1
555409,0
555410,0
555411,1
555412,0
555413,1
555414,1
555415,0
555416,0
555417,1
555418,1
555419,1
555420,0
555421,1
555422,1
555423,0
555424,0
555425,1
555426,1
555427,1
555428,1
555429,0
555430,1
555431,0
555432,1
555433,0
555434,1
555435,1
555436,1
555437,0
555438,1
555439,0
555440,0
555441,1
555442,1
555443,1
555444,0
555445,0
555446,1
555447,0
555448,1
555449,1
555450,1
555451,1
555452,1
555453,1
555454,1
555455,1
555456,1
555457,1
555458,0
555459,1
555460,0
555461,0
555462,1
555463,1
555464,1
555465,1
555466,1
555467,1
555468,0
555469,1
555470,0
555471,0
555472,1
555473,1
555474,1
555475,1
555476,1
555477,1
555478,1
555479,0
555480,0
555481,1
555482,1
555483,0
555484,1
555485,0
555486,1
555487,0
555488,1
555489,1
555490,0
555491,1
555492,0
555493,0
555494,0
555495,1
555496,1
555497,1
555498,0
555499,0
555500,1
555501,0
555502,1
555503,1
555504,1
555505,1
555506,1
555507,1
555508,0
555509,0
555510,0
555511,1
555512,0
555513,1
555514,1
555515,1
555516,1
555517,1
555518,0
555519,1
555520,0
555521,0
555522,0
555523,0
555524,1
555525,1
555526,1
555527,0
555528,1
555529,0
555530,1
555531,1
555532,0
555533,1
555534,0
555535,1
555536,0
555537,0
555538,1
555539,1
555540,0
555541,0
555542,1
555543,1
555544,1
555545,1
555546,1
555547,0
555548,1
555549,1
555550,1
555551,1
555552,0
555553,1
555554,1
555555,0
555556,0
555557,0
555558,1
555559,0
555560,0
555561,1
555562,0
555563,0
555564,1
555565,1
555566,1
555567,1
555568,1
555569,1
555570,1
555571,1
555572,1
555573,0
555574,1
555575,1
555576,1
555577,0
555578,0
555579,1
555580,1
555581,0
555582,0
555583,1
555584,1
555585,0
555586,0
555587,1
555588,0
555589,1
555590,1
555591,1
555592,1
555593,1
555594,1
555595,1
555596,0
555597,0
555598,1
555599,0
555600,1
555601,1
555602,0
555603,0
555604,1
555605,1
555606,1
555607,1
555608,1
555609,1
555610,0
555611,1
555612,1
555613,0
555614,0
555615,1
555616,1
555617,1
555618,1
555619,1
555620,1
555621,1
555622,1
555623,0
555624,0
555625,1
555626,1
555627,1
555628,1
555629,0
555630,0
555631,1
555632,0
555633,0
555634,1
555635,0
555636,0
555637,0
555638,1
555639,1
555640,1
555641,0
555642,1
555643,1
555644,0
555645,1
555646,1
555647,1
555648,1
555649,1
555650,1
555651,0
555652,1
555653,1
555654,1
555655,1
555656,0
555657,1
555658,0
555659,1
555660,0
555661,0
555662,1
555663,1
555664,1
555665,1
555666,0
555667,0
555668,0
555669,1
555670,0
555671,0
555672,1
555673,1
555674,1
555675,0
555676,1
555677,1
555678,1
555679,1
555680,0
555681,1
555682,1
555683,0
555684,1
555685,1
555686,1
555687,0
555688,1
555689,0
555690,0
555691,1
555692,1
555693,0
555694,0
555695,1
555696,0
555697,1
555698,1
555699,1
555700,1
555701,1
555702,0
555703,1
555704,0
555705,0
555706,0
555707,0
555708,0
555709,1
555710,0
555711,0
555712,0
555713,1
555714,1
555715,0
555716,1
555717,0
555718,1
555719,1
555720,1
555721,1
555722,0
555723,1
555724,0
555725,0
555726,1
555727,1
555728,1
555729,1
555730,1
555731,1
555732,0
555733,1
555734,0
555735,1
555736,1
555737,1
555738,0
555739,0
555740,1
555741,1
555742,0
555743,0
555744,0
555745,0
555746,1
555747,1
555748,0
555749,1
555750,0
555751,1
555752,1
555753,1
555754,1
555755,0
555756,1
555757,1
555758,1
555759,0
555760,0
555761,0
555762,1
555763,0
555764,1
555765,0
555766,0
555767,0
555768,1
555769,0
555770,0
555771,1
555772,1
555773,1
555774,1
555775,0
555776,0
555777,0
555778,0
555779,0
555780,1
555781,1
555782,0
555783,0
555784,1
555785,0
555786,0
555787,1
555788,0
555789,1
555790,1
555791,0
555792,1
555793,0
555794,1
555795,1
555796,0
555797,0
555798,1
555799,1
555800,0
555801,1
555802,1
555803,1
555804,1
555805,0
555806,1
555807,0
555808,1
555809,1
555810,1
555811,1
555812,1
555813,0
555814,1
555815,0
555816,1
555817,1
555818,1
555819,0
555820,1
555821,1
555822,1
555823,1
555824,1
555825,0
555826,1
555827,1
555828,1
555829,1
555830,0
555831,0
555832,1
555833,1
555834,0
555835,1
555836,1
555837,0
555838,0
555839,1
555840,0
555841,1
555842,0
555843,1
555844,0
555845,1
555846,1
555847,0
555848,1
555849,0
555850,0
555851,1
555852,1
555853,0
555854,0
555855,1
555856,0
555857,0
555858,1
555859,1
555860,1
555861,1
555862,1
555863,0
555864,0
555865,1
555866,1
555867,0
555868,1
555869,0
555870,0
555871,1
555872,1
555873,1
555874,0
555875,0
555876,1
555877,0
555878,1
555879,0
555880,1
555881,0
555882,1
555883,1
555884,1
555885,1
555886,1
555887,1
555888,0
555889,1
555890,1
555891,1
555892,1
555893,0
555894,1
555895,1
555896,0
555897,0
555898,1
555899,1
555900,1
555901,0
555902,1
555903,1
555904,1
555905,1
555906,1
555907,0
555908,1
555909,1
555910,1
555911,1
555912,1
555913,0
555914,0
555915,0
555916,1
555917,1
555918,1
555919,1
555920,1
555921,1
555922,0
555923,1
555924,0
555925,0
555926,0
555927,1
555928,1
555929,1
555930,1
555931,1
555932,1
555933,1
555934,0
555935,1
555936,1
555937,1
555938,0
555939,1
555940,1
555941,1
555942,1
555943,1
555944,0
555945,0
555946,0
555947,1
555948,0
555949,1
555950,0
555951,1
555952,0
555953,1
555954,0
555955,1
555956,1
555957,0
555958,0
555959,1
555960,1
555961,1
555962,1
555963,1
555964,1
555965,1
555966,1
555967,0
555968,1
555969,0
555970,1
555971,1
555972,1
555973,1
555974,0
555975,0
555976,1
555977,1
555978,0
555979,1
555980,0
555981,1
555982,0
555983,0
555984,0
555985,1
555986,1
555987,0
555988,1
555989,0
555990,0
555991,0
555992,1
555993,1
555994,1
555995,1
555996,0
555997,1
555998,1
555999,0
556000,1
556001,0
556002,1
556003,0
556004,0
556005,0
556006,0
556007,0
556008,1
556009,0
556010,0
556011,1
556012,1
556013,1
556014,1
556015,1
556016,1
556017,1
556018,1
556019,1
556020,0
556021,1
556022,1
556023,1
556024,1
556025,1
556026,1
556027,1
556028,1
556029,0
556030,1
556031,0
556032,0
556033,0
556034,1
556035,0
556036,1
556037,1
556038,1
556039,1
556040,1
556041,0
556042,1
556043,1
556044,0
556045,1
556046,1
556047,0
556048,1
556049,1
556050,0
556051,0
556052,1
556053,1
556054,1
556055,0
556056,1
556057,1
556058,1
556059,1
556060,1
556061,0
556062,1
556063,1
556064,0
556065,1
556066,1
556067,1
556068,0
556069,1
556070,1
556071,0
556072,1
556073,0
556074,1
556075,1
556076,1
556077,1
556078,1
556079,1
556080,1
556081,1
556082,1
556083,1
556084,1
556085,1
556086,1
556087,0
556088,1
556089,1
556090,0
556091,1
556092,0
556093,1
556094,1
556095,0
556096,1
556097,0
556098,1
556099,1
556100,0
556101,0
556102,0
556103,0
556104,0
556105,0
556106,1
556107,1
556108,1
556109,1
556110,0
556111,1
556112,1
556113,1
556114,1
556115,0
556116,1
556117,0
556118,1
556119,0
556120,0
556121,1
556122,0
556123,0
556124,1
556125,1
556126,1
556127,0
556128,0
556129,0
556130,1
556131,1
556132,1
556133,1
556134,1
556135,0
556136,0
556137,1
556138,1
556139,1
556140,1
556141,1
556142,0
556143,0
556144,0
556145,0
556146,1
556147,0
556148,0
556149,1
556150,1
556151,0
556152,0
556153,0
556154,1
556155,0
556156,1
556157,1
556158,1
556159,1
556160,1
556161,0
556162,1
556163,0
556164,1
556165,1
556166,1
556167,1
556168,1
556169,0
556170,0
556171,0
556172,1
556173,1
556174,1
556175,1
556176,1
556177,1
556178,1
556179,1
556180,0
556181,0
556182,0
556183,1
556184,0
556185,0
556186,0
556187,0
556188,0
556189,0
556190,1
556191,0
556192,1
556193,0
556194,0
556195,0
556196,1
556197,0
556198,0
556199,1
556200,1
556201,0
556202,1
556203,1
556204,1
556205,1
556206,1
556207,1
556208,0
556209,0
556210,1
556211,0
556212,1
556213,1
556214,0
556215,1
556216,0
556217,1
556218,1
556219,1
556220,0
556221,0
556222,1
556223,0
556224,0
556225,1
556226,0
556227,1
556228,0
556229,0
556230,1
556231,1
556232,1
556233,1
556234,1
556235,1
556236,1
556237,1
556238,1
556239,0
556240,0
556241,0
556242,1
556243,0
556244,0
556245,1
556246,0
556247,1
556248,0
556249,1
556250,0
556251,1
556252,1
556253,0
556254,0
556255,0
556256,1
556257,0
556258,1
556259,1
556260,1
556261,1
556262,1
556263,1
556264,0
556265,0
556266,0
556267,1
556268,0
556269,1
556270,0
556271,0
556272,1
556273,0
556274,1
556275,1
556276,0
556277,1
556278,0
556279,0
556280,1
556281,0
556282,1
556283,0
556284,1
556285,0
556286,1
556287,0
556288,1
556289,1
556290,1
556291,1
556292,0
556293,1
556294,0
556295,1
556296,1
556297,1
556298,1
556299,1
556300,1
556301,1
556302,0
556303,1
556304,0
556305,0
556306,1
556307,1
556308,1
556309,1
556310,1
556311,0
556312,0
556313,0
556314,0
556315,1
556316,1
556317,0
556318,1
556319,1
556320,1
556321,0
556322,1
556323,0
556324,1
556325,1
556326,0
556327,0
556328,1
556329,1
556330,0
556331,1
556332,0
556333,0
556334,0
556335,0
556336,0
556337,1
556338,1
556339,0
556340,1
556341,1
556342,0
556343,0
556344,0
556345,1
556346,0
556347,1
556348,0
556349,1
556350,1
556351,1
556352,1
556353,0
556354,1
556355,0
556356,0
556357,1
556358,0
556359,1
556360,0
556361,0
556362,1
556363,0
556364,1
556365,1
556366,0
556367,1
556368,1
556369,1
556370,1
556371,0
556372,1
556373,1
556374,1
556375,1
556376,1
556377,1
556378,1
556379,0
556380,0
556381,1
556382,1
556383,1
556384,1
556385,0
556386,0
556387,1
556388,1
556389,0
556390,0
556391,0
556392,0
556393,0
556394,0
556395,1
556396,0
556397,0
556398,1
556399,1
556400,1
556401,1
556402,1
556403,1
556404,0
556405,0
556406,0
556407,1
556408,1
556409,0
556410,0
556411,1
556412,0
556413,0
556414,1
556415,1
556416,0
556417,1
556418,1
556419,0
556420,1
556421,1
556422,1
556423,1
556424,1
556425,0
556426,1
556427,0
556428,1
556429,1
556430,0
556431,0
556432,1
556433,1
556434,1
556435,1
556436,0
556437,0
556438,0
556439,0
556440,0
556441,0
556442,1
556443,0
556444,1
556445,0
556446,0
556447,0
556448,0
556449,1
556450,1
556451,1
556452,1
556453,0
556454,1
556455,1
556456,0
556457,0
556458,1
556459,1
556460,0
556461,1
556462,0
556463,0
556464,0
556465,1
556466,1
556467,0
556468,1
556469,0
556470,1
556471,1
556472,1
556473,1
556474,1
556475,1
556476,0
556477,1
556478,1
556479,1
556480,0
556481,0
556482,1
556483,1
556484,1
556485,1
556486,0
556487,0
556488,0
556489,1
556490,1
556491,1
556492,1
556493,1
556494,0
556495,1
556496,1
556497,1
556498,0
556499,0
556500,0
556501,0
556502,1
556503,0
556504,0
556505,0
556506,0
556507,1
556508,0
556509,1
556510,1
556511,0
556512,1
556513,0
556514,0
556515,0
556516,0
556517,1
556518,1
556519,1
556520,1
556521,1
556522,1
556523,1
556524,0
556525,1
556526,1
556527,1
556528,1
556529,1
556530,0
556531,1
556532,1
556533,1
556534,1
556535,0
556536,0
556537,1
556538,0
556539,1
556540,0
556541,1
556542,1
556543,0
556544,1
556545,0
556546,0
556547,1
556548,0
556549,0
556550,1
556551,0
556552,0
556553,1
556554,1
556555,0
556556,0
556557,0
556558,1
556559,0
556560,1
556561,1
556562,1
556563,0
556564,1
556565,0
556566,1
556567,1
556568,1
556569,1
556570,1
556571,0
556572,0
556573,0
556574,1
556575,1
556576,1
556577,1
556578,1
556579,1
556580,0
556581,1
556582,0
556583,0
556584,1
556585,1
556586,1
556587,0
556588,1
556589,1
556590,1
556591,1
556592,1
556593,1
556594,0
556595,1
556596,0
556597,1
556598,1
556599,0
556600,1
556601,1
556602,1
556603,1
556604,1
556605,1
556606,0
556607,1
556608,1
556609,1
556610,1
556611,1
556612,1
556613,1
556614,1
556615,1
556616,1
556617,0
556618,1
556619,1
556620,1
556621,1
556622,0
556623,1
556624,1
556625,1
556626,1
556627,1
556628,1
556629,1
556630,1
556631,1
556632,0
556633,1
556634,0
556635,1
556636,1
556637,1
556638,0
556639,0
556640,0
556641,0
556642,1
556643,0
556644,1
556645,1
556646,0
556647,1
556648,0
556649,0
556650,0
556651,1
556652,1
556653,1
556654,1
556655,1
556656,1
556657,0
556658,1
556659,1
556660,1
556661,1
556662,1
556663,0
556664,1
556665,0
556666,1
556667,0
556668,0
556669,0
556670,1
556671,0
556672,0
556673,1
556674,1
556675,0
556676,1
556677,0
556678,0
556679,1
556680,1
556681,1
556682,1
556683,1
556684,1
556685,0
556686,1
556687,1
556688,1
556689,1
556690,0
556691,1
556692,1
556693,1
556694,1
556695,1
556696,1
556697,0
556698,0
556699,0
556700,0
556701,0
556702,1
556703,0
556704,0
556705,1
556706,1
556707,1
556708,1
556709,0
556710,1
556711,0
556712,1
556713,0
556714,0
556715,0
556716,1
556717,1
556718,1
556719,0
556720,1
556721,1
556722,1
556723,1
556724,0
556725,0
556726,1
556727,1
556728,1
556729,1
556730,0
556731,0
556732,1
556733,1
556734,0
556735,0
556736,1
556737,0
556738,0
556739,0
556740,0
556741,0
556742,0
556743,1
556744,1
556745,0
556746,1
556747,1
556748,1
556749,1
556750,0
556751,1
556752,1
556753,0
556754,0
556755,0
556756,0
556757,1
556758,1
556759,1
556760,1
556761,1
556762,1
556763,0
556764,1
556765,0
556766,0
556767,1
556768,1
556769,1
556770,1
556771,1
556772,0
556773,0
556774,0
556775,0
556776,1
556777,0
556778,0
556779,1
556780,1
556781,0
556782,1
556783,0
556784,1
556785,1
556786,0
556787,1
556788,1
556789,1
556790,1
556791,1
556792,0
556793,1
556794,0
556795,0
556796,1
556797,0
556798,0
556799,0
556800,1
556801,1
556802,0
556803,0
556804,1
556805,1
556806,1
556807,1
556808,1
556809,0
556810,1
556811,1
556812,1
556813,0
556814,0
556815,1
556816,0
556817,1
556818,0
556819,0
556820,0
556821,1
556822,0
556823,0
556824,1
556825,0
556826,1
556827,0
556828,1
556829,0
556830,0
556831,1
556832,0
556833,1
556834,1
556835,0
556836,1
556837,0
556838,0
556839,1
556840,1
556841,0
556842,1
556843,1
556844,1
556845,1
556846,1
556847,1
556848,0
556849,1
556850,1
556851,0
556852,1
556853,1
556854,1
556855,1
556856,1
556857,1
556858,0
556859,1
556860,0
556861,0
556862,0
556863,1
556864,1
556865,1
556866,1
556867,1
556868,1
556869,0
556870,1
556871,1
556872,1
556873,0
556874,0
556875,1
556876,1
556877,0
556878,1
556879,0
556880,1
556881,1
556882,0
556883,1
556884,0
556885,1
556886,1
556887,1
556888,1
556889,1
556890,1
556891,1
556892,0
556893,0
556894,0
556895,1
556896,0
556897,0
556898,1
556899,0
556900,0
556901,0
556902,0
556903,1
556904,0
556905,1
556906,1
556907,1
556908,0
556909,1
556910,0
556911,1
556912,0
556913,1
556914,1
556915,1
556916,0
556917,0
556918,1
556919,0
556920,1
556921,1
556922,0
556923,1
556924,1
556925,0
556926,0
556927,0
556928,1
556929,1
556930,1
556931,1
556932,1
556933,1
556934,1
556935,0
556936,1
556937,1
556938,0
556939,1
556940,1
556941,1
556942,1
556943,0
556944,0
556945,0
556946,0
556947,1
556948,1
556949,0
556950,0
556951,0
556952,0
556953,1
556954,0
556955,0
556956,0
556957,0
556958,1
556959,0
556960,1
556961,1
556962,1
556963,0
556964,1
556965,0
556966,0
556967,1
556968,0
556969,1
556970,1
556971,1
556972,1
556973,1
556974,1
556975,1
556976,0
556977,1
556978,0
556979,1
556980,1
556981,0
556982,1
556983,1
556984,0
556985,1
556986,1
556987,1
556988,1
556989,0
556990,0
556991,1
556992,0
556993,0
556994,0
556995,1
556996,0
556997,1
556998,1
556999,0
557000,1
557001,1
557002,1
557003,1
557004,0
557005,0
557006,1
557007,1
557008,1
557009,0
557010,0
557011,0
557012,1
557013,0
557014,1
557015,1
557016,1
557017,0
557018,1
557019,1
557020,1
557021,0
557022,1
557023,0
557024,1
557025,0
557026,1
557027,0
557028,0
557029,1
557030,1
557031,1
557032,1
557033,0
557034,1
557035,1
557036,1
557037,1
557038,1
557039,0
557040,1
557041,0
557042,1
557043,1
557044,0
557045,1
557046,0
557047,1
557048,0
557049,1
557050,0
557051,1
557052,1
557053,1
557054,0
557055,1
557056,0
557057,1
557058,1
557059,0
557060,1
557061,0
557062,0
557063,1
557064,1
557065,1
557066,0
557067,1
557068,1
557069,0
557070,0
557071,0
557072,1
557073,0
557074,1
557075,0
557076,1
557077,1
557078,1
557079,1
557080,1
557081,1
557082,1
557083,1
557084,1
557085,1
557086,0
557087,0
557088,1
557089,1
557090,0
557091,1
557092,0
557093,1
557094,1
557095,0
557096,0
557097,1
557098,0
557099,0
557100,0
557101,0
557102,0
557103,0
557104,1
557105,1
557106,1
557107,0
557108,1
557109,1
557110,0
557111,0
557112,0
557113,0
557114,1
557115,0
557116,1
557117,1
557118,1
557119,0
557120,1
557121,1
557122,0
557123,1
557124,0
557125,1
557126,0
557127,1
557128,0
557129,0
557130,1
557131,1
557132,0
557133,0
557134,0
557135,1
557136,0
557137,1
557138,0
557139,1
557140,1
557141,1
557142,1
557143,0
557144,1
557145,0
557146,1
557147,0
557148,1
557149,0
557150,1
557151,1
557152,1
557153,1
557154,1
557155,1
557156,0
557157,0
557158,1
557159,0
557160,0
557161,0
557162,0
557163,0
557164,0
557165,1
557166,1
557167,0
557168,1
557169,1
557170,0
557171,1
557172,0
557173,1
557174,1
557175,0
557176,1
557177,1
557178,0
557179,1
557180,0
557181,1
557182,1
557183,0
557184,1
557185,1
557186,0
557187,0
557188,1
557189,1
557190,1
557191,1
557192,1
557193,1
557194,1
557195,1
557196,0
557197,1
557198,1
557199,1
557200,0
557201,1
557202,1
557203,1
557204,0
557205,1
557206,1
557207,0
557208,0
557209,1
557210,1
557211,1
557212,1
557213,1
557214,1
557215,0
557216,1
557217,0
557218,1
557219,1
557220,0
557221,1
557222,1
557223,1
557224,1
557225,0
557226,1
557227,0
557228,0
557229,1
557230,0
557231,0
557232,1
557233,1
557234,0
557235,0
557236,1
557237,0
557238,1
557239,0
557240,1
557241,0
557242,1
557243,1
557244,1
557245,0
557246,0
557247,0
557248,0
557249,1
557250,1
557251,1
557252,0
557253,0
557254,0
557255,1
557256,0
557257,1
557258,1
557259,1
557260,0
557261,1
557262,1
557263,1
557264,0
557265,0
557266,0
557267,0
557268,1
557269,1
557270,1
557271,1
557272,1
557273,1
557274,1
557275,1
557276,1
557277,1
557278,1
557279,0
557280,1
557281,0
557282,1
557283,1
557284,1
557285,1
557286,1
557287,0
557288,0
557289,0
557290,1
557291,1
557292,1
557293,1
557294,1
557295,1
557296,0
557297,1
557298,0
557299,0
557300,1
557301,0
557302,1
557303,0
557304,1
557305,1
557306,1
557307,1
557308,1
557309,0
557310,1
557311,1
557312,1
557313,0
557314,0
557315,1
557316,1
557317,0
557318,1
557319,1
557320,1
557321,0
557322,1
557323,0
557324,1
557325,1
557326,1
557327,1
557328,0
557329,0
557330,1
557331,1
557332,1
557333,0
557334,1
557335,0
557336,1
557337,1
557338,0
557339,1
557340,1
557341,0
557342,1
557343,1
557344,0
557345,1
557346,1
557347,0
557348,1
557349,1
557350,1
557351,0
557352,1
557353,1
557354,0
557355,1
557356,0
557357,1
557358,0
557359,1
557360,0
557361,0
557362,0
557363,1
557364,0
557365,1
557366,0
557367,0
557368,1
557369,0
557370,0
557371,1
557372,0
557373,0
557374,0
557375,1
557376,1
557377,1
557378,1
557379,0
557380,0
557381,0
557382,0
557383,0
557384,1
557385,0
557386,0
557387,1
557388,1
557389,1
557390,1
557391,0
557392,1
557393,0
557394,1
557395,1
557396,1
557397,1
557398,1
557399,1
557400,1
557401,0
557402,1
557403,1
557404,0
557405,1
557406,1
557407,1
557408,0
557409,0
557410,1
557411,1
557412,1
557413,1
557414,0
557415,1
557416,0
557417,0
557418,1
557419,1
557420,1
557421,1
557422,1
557423,1
557424,0
557425,1
557426,0
557427,1
557428,0
557429,0
557430,0
557431,1
557432,0
557433,0
557434,0
557435,0
557436,0
557437,1
557438,0
557439,0
557440,0
557441,1
557442,1
557443,0
557444,0
557445,1
557446,0
557447,0
557448,0
557449,1
557450,1
557451,1
557452,1
557453,1
557454,0
557455,0
557456,0
557457,0
557458,1
557459,1
557460,1
557461,0
557462,1
557463,1
557464,1
557465,0
557466,1
557467,0
557468,0
557469,0
557470,0
557471,1
557472,0
557473,0
557474,1
557475,0
557476,1
557477,0
557478,1
557479,1
557480,0
557481,0
557482,1
557483,0
557484,0
557485,0
557486,0
557487,1
557488,1
557489,0
557490,1
557491,0
557492,1
557493,0
557494,1
557495,1
557496,0
557497,0
557498,0
557499,0
557500,1
557501,0
557502,0
557503,1
557504,0
557505,0
557506,0
557507,1
557508,0
557509,1
557510,0
557511,1
557512,1
557513,1
557514,1
557515,0
557516,1
557517,1
557518,1
557519,0
557520,1
557521,0
557522,0
557523,0
557524,0
557525,0
557526,1
557527,1
557528,0
557529,1
557530,0
557531,1
557532,0
557533,1
557534,0
557535,1
557536,1
557537,0
557538,1
557539,0
557540,0
557541,1
557542,0
557543,0
557544,1
557545,0
557546,0
557547,1
557548,0
557549,0
557550,1
557551,1
557552,1
557553,1
557554,1
557555,0
557556,0
557557,1
557558,1
557559,0
557560,0
557561,1
557562,1
557563,1
557564,0
557565,0
557566,1
557567,1
557568,0
557569,0
557570,1
557571,1
557572,0
557573,1
557574,1
557575,1
557576,0
557577,0
557578,1
557579,0
557580,1
557581,1
557582,0
557583,1
557584,1
557585,1
557586,1
557587,0
557588,1
557589,0
557590,1
557591,1
557592,1
557593,0
557594,1
557595,1
557596,1
557597,1
557598,1
557599,0
557600,0
557601,1
557602,0
557603,1
557604,1
557605,1
557606,0
557607,1
557608,1
557609,1
557610,0
557611,0
557612,0
557613,1
557614,0
557615,1
557616,0
557617,0
557618,1
557619,1
557620,0
557621,1
557622,0
557623,1
557624,1
557625,1
557626,0
557627,1
557628,0
557629,1
557630,1
557631,1
557632,1
557633,1
557634,1
557635,0
557636,0
557637,1
557638,1
557639,0
557640,1
557641,1
557642,0
557643,0
557644,0
557645,0
557646,1
557647,0
557648,0
557649,1
557650,0
557651,0
557652,0
557653,1
557654,0
557655,1
557656,1
557657,0
557658,0
557659,1
557660,0
557661,0
557662,1
557663,0
557664,1
557665,1
557666,1
557667,1
557668,0
557669,1
557670,1
557671,0
557672,1
557673,0
557674,1
557675,0
557676,1
557677,1
557678,0
557679,1
557680,1
557681,1
557682,0
557683,1
557684,1
557685,0
557686,1
557687,1
557688,1
557689,1
557690,1
557691,0
557692,0
557693,1
557694,0
557695,0
557696,1
557697,1
557698,1
557699,1
557700,1
557701,0
557702,1
557703,1
557704,0
557705,1
557706,1
557707,0
557708,1
557709,0
557710,1
557711,0
557712,0
557713,0
557714,0
557715,0
557716,0
557717,1
557718,1
557719,1
557720,0
557721,1
557722,1
557723,1
557724,0
557725,0
557726,0
557727,1
557728,1
557729,1
557730,1
557731,0
557732,1
557733,1
557734,0
557735,1
557736,1
557737,1
557738,0
557739,0
557740,1
557741,1
557742,1
557743,0
557744,0
557745,0
557746,0
557747,1
557748,1
557749,1
557750,1
557751,0
557752,1
557753,0
557754,1
557755,1
557756,0
557757,1
557758,1
557759,0
557760,0
557761,0
557762,1
557763,0
557764,1
557765,0
557766,1
557767,1
557768,1
557769,1
557770,1
557771,1
557772,1
557773,0
557774,1
557775,1
557776,0
557777,0
557778,1
557779,0
557780,0
557781,0
557782,0
557783,0
557784,0
557785,1
557786,1
557787,1
557788,0
557789,1
557790,0
557791,1
557792,1
557793,0
557794,1
557795,1
557796,1
557797,1
557798,1
557799,0
557800,0
557801,1
557802,0
557803,0
557804,1
557805,1
557806,1
557807,1
557808,0
557809,0
557810,0
557811,0
557812,1
557813,1
557814,1
557815,0
557816,0
557817,1
557818,1
557819,1
557820,0
557821,0
557822,1
557823,0
557824,1
557825,0
557826,0
557827,0
557828,1
557829,1
557830,1
557831,1
557832,1
557833,1
557834,1
557835,0
557836,1
557837,1
557838,1
557839,0
557840,1
557841,1
557842,0
557843,0
557844,1
557845,1
557846,1
557847,0
557848,1
557849,1
557850,1
557851,1
557852,1
557853,0
557854,1
557855,1
557856,1
557857,0
557858,1
557859,0
557860,1
557861,0
557862,1
557863,1
557864,1
557865,1
557866,1
557867,0
557868,1
557869,1
557870,1
557871,1
557872,1
557873,1
557874,1
557875,1
557876,0
557877,1
557878,1
557879,1
557880,1
557881,1
557882,1
557883,1
557884,0
557885,1
557886,1
557887,1
557888,0
557889,1
557890,0
557891,1
557892,0
557893,1
557894,1
557895,1
557896,1
557897,1
557898,0
557899,1
557900,0
557901,1
557902,1
557903,1
557904,0
557905,1
557906,0
557907,0
557908,1
557909,1
557910,1
557911,1
557912,0
557913,1
557914,1
557915,1
557916,1
557917,1
557918,1
557919,1
557920,1
557921,0
557922,1
557923,1
557924,1
557925,1
557926,0
557927,1
557928,0
557929,1
557930,0
557931,1
557932,1
557933,0
557934,1
557935,0
557936,1
557937,0
557938,1
557939,1
557940,1
557941,1
557942,1
557943,1
557944,1
557945,0
557946,1
557947,0
557948,1
557949,0
557950,1
557951,0
557952,1
557953,1
557954,1
557955,1
557956,1
557957,1
557958,1
557959,1
557960,1
557961,1
557962,1
557963,1
557964,1
557965,1
557966,1
557967,1
557968,1
557969,1
557970,1
557971,1
557972,1
557973,1
557974,1
557975,1
557976,1
557977,0
557978,1
557979,0
557980,1
557981,1
557982,0
557983,0
557984,1
557985,1
557986,1
557987,1
557988,1
557989,1
557990,1
557991,0
557992,1
557993,1
557994,0
557995,1
557996,0
557997,1
557998,0
557999,1
558000,1
558001,1
558002,0
558003,0
558004,1
558005,1
558006,1
558007,1
558008,1
558009,1
558010,1
558011,1
558012,1
558013,1
558014,1
558015,1
558016,1
558017,0
558018,1
558019,1
558020,0
558021,0
558022,0
558023,1
558024,1
558025,1
558026,1
558027,1
558028,1
558029,0
558030,1
558031,1
558032,1
558033,1
558034,0
558035,1
558036,1
558037,1
558038,0
558039,1
558040,1
558041,0
558042,1
558043,1
558044,1
558045,1
558046,1
558047,1
558048,1
558049,1
558050,1
558051,1
558052,1
558053,1
558054,1
558055,1
558056,1
558057,1
558058,1
558059,0
558060,1
558061,1
558062,1
558063,0
558064,1
558065,0
558066,0
558067,1
558068,0
558069,1
558070,1
558071,1
558072,1
558073,1
558074,1
558075,0
558076,1
558077,0
558078,1
558079,0
558080,1
558081,0
558082,1
558083,0
558084,1
558085,1
558086,0
558087,1
558088,0
558089,1
558090,1
558091,1
558092,1
558093,0
558094,1
558095,1
558096,1
558097,1
558098,0
558099,0
558100,0
558101,0
558102,1
558103,0
558104,1
558105,1
558106,1
558107,1
558108,1
558109,1
558110,1
558111,0
558112,1
558113,0
558114,1
558115,1
558116,1
558117,0
558118,1
558119,1
558120,0
558121,0
558122,0
558123,0
558124,1
558125,0
558126,1
558127,1
558128,1
558129,1
558130,1
558131,1
558132,1
558133,0
558134,1
558135,0
558136,1
558137,0
558138,1
558139,1
558140,1
558141,1
558142,1
558143,0
558144,1
558145,0
558146,1
558147,0
558148,1
558149,1
558150,1
558151,1
558152,1
558153,0
558154,1
558155,1
558156,1
558157,0
558158,1
558159,1
558160,1
558161,0
558162,0
558163,0
558164,1
558165,1
558166,0
558167,0
558168,0
558169,1
558170,0
558171,1
558172,1
558173,0
558174,0
558175,1
558176,0
558177,1
558178,1
558179,1
558180,1
558181,1
558182,0
558183,1
558184,0
558185,1
558186,1
558187,1
558188,1
558189,0
558190,0
558191,1
558192,1
558193,1
558194,1
558195,0
558196,1
558197,1
558198,0
558199,1
558200,1
558201,1
558202,1
558203,1
558204,0
558205,1
558206,0
558207,0
558208,0
558209,1
558210,1
558211,1
558212,1
558213,0
558214,0
558215,1
558216,1
558217,0
558218,1
558219,1
558220,1
558221,1
558222,1
558223,0
558224,1
558225,1
558226,1
558227,0
558228,1
558229,0
558230,1
558231,0
558232,1
558233,0
558234,1
558235,1
558236,1
558237,1
558238,0
558239,1
558240,1
558241,1
558242,0
558243,1
558244,1
558245,1
558246,1
558247,1
558248,1
558249,1
558250,1
558251,0
558252,1
558253,1
558254,1
558255,1
558256,1
558257,0
558258,1
558259,1
558260,0
558261,1
558262,1
558263,0
558264,1
558265,0
558266,1
558267,0
558268,1
558269,1
558270,0
558271,1
558272,0
558273,1
558274,0
558275,1
558276,0
558277,1
558278,0
558279,0
558280,1
558281,1
558282,0
558283,1
558284,1
558285,1
558286,1
558287,0
558288,0
558289,1
558290,1
558291,1
558292,1
558293,1
558294,1
558295,0
558296,1
558297,1
558298,0
558299,0
558300,0
558301,1
558302,1
558303,0
558304,1
558305,1
558306,0
558307,1
558308,1
558309,1
558310,1
558311,1
558312,0
558313,1
558314,1
558315,0
558316,0
558317,1
558318,1
558319,0
558320,0
558321,0
558322,1
558323,1
558324,1
558325,0
558326,1
558327,1
558328,1
558329,1
558330,1
558331,1
558332,0
558333,1
558334,1
558335,1
558336,1
558337,0
558338,1
558339,1
558340,0
558341,1
558342,0
558343,1
558344,1
558345,1
558346,0
558347,0
558348,1
558349,1
558350,1
558351,1
558352,1
558353,0
558354,1
558355,0
558356,0
558357,0
558358,0
558359,0
558360,1
558361,1
558362,1
558363,1
558364,1
558365,1
558366,1
558367,1
558368,0
558369,1
558370,1
558371,1
558372,1
558373,1
558374,1
558375,1
558376,0
558377,0
558378,1
558379,0
558380,1
558381,1
558382,1
558383,1
558384,1
558385,1
558386,1
558387,1
558388,1
558389,1
558390,0
558391,1
558392,1
558393,0
558394,1
558395,1
558396,1
558397,1
558398,1
558399,1
558400,0
558401,0
558402,1
558403,1
558404,1
558405,1
558406,0
558407,1
558408,1
558409,0
558410,0
558411,0
558412,1
558413,0
558414,1
558415,0
558416,0
558417,0
558418,0
558419,1
558420,1
558421,0
558422,0
558423,1
558424,1
558425,0
558426,1
558427,0
558428,0
558429,0
558430,1
558431,1
558432,0
558433,0
558434,1
558435,0
558436,0
558437,1
558438,0
558439,0
558440,0
558441,0
558442,1
558443,0
558444,0
558445,1
558446,1
558447,1
558448,1
558449,0
558450,1
558451,0
558452,1
558453,0
558454,1
558455,0
558456,0
558457,1
558458,0
558459,1
558460,1
558461,1
558462,1
558463,1
558464,1
558465,1
558466,0
558467,0
558468,0
558469,0
558470,1
558471,0
558472,0
558473,0
558474,1
558475,0
558476,1
558477,0
558478,1
558479,1
558480,0
558481,1
558482,1
558483,1
558484,0
558485,0
558486,1
558487,1
558488,1
558489,1
558490,0
558491,1
558492,1
558493,0
558494,1
558495,1
558496,0
558497,0
558498,1
558499,1
558500,1
558501,0
558502,1
558503,1
558504,0
558505,1
558506,1
558507,1
558508,0
558509,1
558510,1
558511,0
558512,0
558513,1
558514,1
558515,0
558516,1
558517,1
558518,1
558519,1
558520,1
558521,0
558522,0
558523,0
558524,0
558525,0
558526,1
558527,0
558528,0
558529,1
558530,1
558531,1
558532,1
558533,1
558534,0
558535,1
558536,0
558537,1
558538,0
558539,0
558540,0
558541,0
558542,0
558543,0
558544,0
558545,1
558546,0
558547,0
558548,0
558549,0
558550,0
558551,1
558552,0
558553,0
558554,1
558555,0
558556,0
558557,0
558558,1
558559,0
558560,1
558561,1
558562,0
558563,1
558564,1
558565,0
558566,1
558567,0
558568,1
558569,0
558570,1
558571,1
558572,0
558573,1
558574,1
558575,1
558576,0
558577,1
558578,0
558579,0
558580,0
558581,1
558582,1
558583,0
558584,1
558585,0
558586,0
558587,1
558588,0
558589,1
558590,1
558591,1
558592,0
558593,1
558594,0
558595,0
558596,0
558597,0
558598,0
558599,1
558600,0
558601,0
558602,0
558603,1
558604,1
558605,1
558606,0
558607,1
558608,0
558609,0
558610,1
558611,0
558612,0
558613,0
558614,1
558615,0
558616,1
558617,0
558618,0
558619,0
558620,1
558621,1
558622,0
558623,0
558624,1
558625,1
558626,1
558627,0
558628,1
558629,1
558630,1
558631,1
558632,0
558633,0
558634,0
558635,0
558636,0
558637,1
558638,1
558639,0
558640,1
558641,0
558642,0
558643,1
558644,1
558645,1
558646,1
558647,0
558648,1
558649,1
558650,1
558651,1
558652,0
558653,0
558654,1
558655,1
558656,1
558657,1
558658,0
558659,0
558660,1
558661,1
558662,0
558663,1
558664,1
558665,0
558666,0
558667,0
558668,1
558669,0
558670,1
558671,1
558672,1
558673,1
558674,1
558675,0
558676,1
558677,1
558678,0
558679,0
558680,1
558681,1
558682,0
558683,1
558684,1
558685,1
558686,1
558687,0
558688,1
558689,1
558690,1
558691,0
558692,0
558693,0
558694,1
558695,1
558696,1
558697,1
558698,0
558699,1
558700,1
558701,1
558702,0
558703,0
558704,1
558705,0
558706,1
558707,0
558708,0
558709,0
558710,0
558711,1
558712,0
558713,1
558714,1
558715,1
558716,0
558717,1
558718,1
558719,1
558720,0
558721,0
558722,1
558723,0
558724,1
558725,0
558726,0
558727,1
558728,1
558729,0
558730,1
558731,0
558732,0
558733,1
558734,1
558735,0
558736,1
558737,1
558738,1
558739,1
558740,1
558741,1
558742,1
558743,0
558744,0
558745,0
558746,1
558747,1
558748,0
558749,1
558750,1
558751,0
558752,0
558753,1
558754,1
558755,1
558756,1
558757,1
558758,1
558759,1
558760,1
558761,0
558762,0
558763,0
558764,0
558765,1
558766,0
558767,1
558768,1
558769,1
558770,1
558771,1
558772,0
558773,1
558774,1
558775,1
558776,0
558777,0
558778,1
558779,1
558780,1
558781,1
558782,0
558783,1
558784,0
558785,1
558786,1
558787,0
558788,1
558789,1
558790,1
558791,0
558792,1
558793,1
558794,1
558795,0
558796,1
558797,1
558798,1
558799,1
558800,1
558801,0
558802,1
558803,0
558804,0
558805,1
558806,1
558807,1
558808,1
558809,1
558810,1
558811,1
558812,1
558813,0
558814,0
558815,1
558816,1
558817,1
558818,0
558819,1
558820,1
558821,1
558822,1
558823,1
558824,0
558825,0
558826,0
558827,0
558828,1
558829,1
558830,1
558831,1
558832,0
558833,1
558834,1
558835,0
558836,1
558837,1
558838,0
558839,0
558840,0
558841,1
558842,0
558843,1
558844,1
558845,0
558846,1
558847,1
558848,0
558849,1
558850,1
558851,0
558852,0
558853,0
558854,1
558855,0
558856,1
558857,1
558858,1
558859,1
558860,1
558861,0
558862,0
558863,1
558864,0
558865,1
558866,1
558867,0
558868,1
558869,1
558870,0
558871,1
558872,0
558873,1
558874,0
558875,1
558876,0
558877,1
558878,1
558879,1
558880,1
558881,0
558882,0
558883,1
558884,0
558885,0
558886,1
558887,1
558888,0
558889,0
558890,1
558891,0
558892,1
558893,1
558894,1
558895,0
558896,1
558897,1
558898,0
558899,0
558900,1
558901,1
558902,1
558903,1
558904,1
558905,1
558906,1
558907,0
558908,0
558909,1
558910,0
558911,0
558912,1
558913,0
558914,1
558915,1
558916,0
558917,0
558918,0
558919,1
558920,0
558921,1
558922,1
558923,1
558924,0
558925,1
558926,1
558927,1
558928,0
558929,0
558930,0
558931,1
558932,0
558933,1
558934,0
558935,0
558936,1
558937,0
558938,1
558939,1
558940,1
558941,1
558942,0
