ROW_ID,prediction
527073,0
527074,0
527075,0
527076,0
527077,0
527078,1
527079,1
527080,0
527081,0
527082,0
527083,1
527084,0
527085,0
527086,0
527087,0
527088,0
527089,1
527090,0
527091,0
527092,0
527093,1
527094,0
527095,0
527096,0
527097,0
527098,1
527099,0
527100,1
527101,1
527102,0
527103,1
527104,1
527105,0
527106,0
527107,0
527108,0
527109,0
527110,1
527111,0
527112,1
527113,0
527114,0
527115,0
527116,0
527117,0
527118,0
527119,0
527120,0
527121,0
527122,0
527123,1
527124,0
527125,0
527126,0
527127,0
527128,0
527129,1
527130,0
527131,0
527132,0
527133,1
527134,0
527135,1
527136,0
527137,0
527138,0
527139,0
527140,0
527141,1
527142,1
527143,1
527144,0
527145,1
527146,0
527147,1
527148,0
527149,0
527150,1
527151,0
527152,0
527153,0
527154,1
527155,0
527156,0
527157,1
527158,0
527159,0
527160,0
527161,0
527162,0
527163,1
527164,0
527165,0
527166,1
527167,0
527168,1
527169,0
527170,0
527171,0
527172,0
527173,0
527174,1
527175,0
527176,0
527177,0
527178,1
527179,1
527180,0
527181,0
527182,0
527183,0
527184,0
527185,0
527186,0
527187,0
527188,0
527189,0
527190,0
527191,0
527192,0
527193,0
527194,1
527195,0
527196,1
527197,0
527198,1
527199,1
527200,0
527201,0
527202,0
527203,0
527204,0
527205,0
527206,0
527207,0
527208,1
527209,0
527210,1
527211,0
527212,0
527213,0
527214,0
527215,0
527216,1
527217,1
527218,0
527219,0
527220,0
527221,0
527222,0
527223,0
527224,0
527225,0
527226,0
527227,0
527228,0
527229,0
527230,0
527231,1
527232,1
527233,0
527234,1
527235,1
527236,0
527237,0
527238,0
527239,0
527240,0
527241,0
527242,1
527243,0
527244,1
527245,0
527246,0
527247,0
527248,1
527249,1
527250,1
527251,0
527252,0
527253,0
527254,0
527255,0
527256,0
527257,0
527258,0
527259,1
527260,1
527261,0
527262,0
527263,0
527264,0
527265,0
527266,0
527267,0
527268,0
527269,0
527270,0
527271,0
527272,1
527273,0
527274,0
527275,0
527276,0
527277,1
527278,0
527279,0
527280,1
527281,0
527282,0
527283,1
527284,0
527285,1
527286,0
527287,0
527288,1
527289,1
527290,1
527291,0
527292,1
527293,0
527294,0
527295,1
527296,0
527297,1
527298,0
527299,0
527300,1
527301,0
527302,0
527303,1
527304,0
527305,0
527306,0
527307,1
527308,1
527309,0
527310,0
527311,0
527312,0
527313,1
527314,0
527315,1
527316,0
527317,1
527318,1
527319,1
527320,1
527321,1
527322,0
527323,0
527324,0
527325,0
527326,0
527327,0
527328,0
527329,0
527330,1
527331,0
527332,1
527333,1
527334,0
527335,1
527336,1
527337,1
527338,1
527339,0
527340,1
527341,0
527342,0
527343,1
527344,0
527345,0
527346,0
527347,1
527348,0
527349,0
527350,1
527351,0
527352,1
527353,0
527354,0
527355,1
527356,1
527357,0
527358,0
527359,0
527360,0
527361,0
527362,0
527363,1
527364,1
527365,0
527366,0
527367,0
527368,0
527369,1
527370,0
527371,0
527372,0
527373,1
527374,1
527375,1
527376,0
527377,0
527378,0
527379,0
527380,0
527381,0
527382,0
527383,0
527384,0
527385,0
527386,0
527387,1
527388,1
527389,0
527390,0
527391,0
527392,0
527393,0
527394,1
527395,1
527396,0
527397,1
527398,0
527399,1
527400,0
527401,0
527402,0
527403,0
527404,0
527405,1
527406,0
527407,1
527408,1
527409,0
527410,1
527411,0
527412,1
527413,1
527414,0
527415,0
527416,1
527417,0
527418,0
527419,0
527420,0
527421,0
527422,1
527423,1
527424,0
527425,0
527426,0
527427,0
527428,0
527429,0
527430,0
527431,1
527432,0
527433,0
527434,0
527435,1
527436,0
527437,1
527438,1
527439,0
527440,1
527441,1
527442,1
527443,1
527444,0
527445,0
527446,1
527447,1
527448,1
527449,0
527450,1
527451,0
527452,1
527453,1
527454,0
527455,0
527456,0
527457,0
527458,0
527459,1
527460,0
527461,0
527462,0
527463,1
527464,1
527465,1
527466,1
527467,0
527468,1
527469,0
527470,1
527471,1
527472,1
527473,1
527474,1
527475,1
527476,1
527477,0
527478,0
527479,1
527480,0
527481,1
527482,0
527483,0
527484,0
527485,1
527486,0
527487,1
527488,0
527489,0
527490,1
527491,1
527492,1
527493,1
527494,0
527495,0
527496,0
527497,1
527498,0
527499,1
527500,1
527501,1
527502,1
527503,0
527504,1
527505,0
527506,0
527507,0
527508,0
527509,0
527510,0
527511,1
527512,1
527513,0
527514,0
527515,1
527516,1
527517,1
527518,1
527519,1
527520,1
527521,0
527522,0
527523,1
527524,0
527525,0
527526,0
527527,1
527528,0
527529,1
527530,0
527531,0
527532,1
527533,1
527534,0
527535,1
527536,0
527537,1
527538,1
527539,1
527540,1
527541,0
527542,1
527543,0
527544,1
527545,1
527546,1
527547,1
527548,1
527549,1
527550,1
527551,1
527552,1
527553,1
527554,0
527555,0
527556,0
527557,1
527558,1
527559,0
527560,1
527561,1
527562,0
527563,0
527564,1
527565,1
527566,0
527567,0
527568,1
527569,0
527570,0
527571,0
527572,1
527573,0
527574,1
527575,1
527576,1
527577,1
527578,1
527579,0
527580,0
527581,1
527582,1
527583,0
527584,1
527585,0
527586,1
527587,0
527588,0
527589,0
527590,1
527591,0
527592,1
527593,0
527594,1
527595,0
527596,0
527597,1
527598,0
527599,0
527600,0
527601,1
527602,0
527603,0
527604,0
527605,1
527606,1
527607,1
527608,0
527609,0
527610,0
527611,1
527612,0
527613,0
527614,1
527615,1
527616,0
527617,0
527618,1
527619,1
527620,1
527621,0
527622,0
527623,0
527624,0
527625,0
527626,0
527627,0
527628,0
527629,0
527630,0
527631,0
527632,0
527633,0
527634,1
527635,0
527636,1
527637,1
527638,0
527639,0
527640,1
527641,1
527642,0
527643,0
527644,0
527645,0
527646,0
527647,0
527648,0
527649,0
527650,0
527651,0
527652,1
527653,0
527654,0
527655,0
527656,0
527657,0
527658,1
527659,0
527660,0
527661,0
527662,0
527663,0
527664,0
527665,0
527666,1
527667,0
527668,1
527669,0
527670,0
527671,0
527672,0
527673,0
527674,0
527675,1
527676,0
527677,1
527678,0
527679,0
527680,0
527681,0
527682,0
527683,0
527684,0
527685,0
527686,1
527687,0
527688,0
527689,0
527690,0
527691,1
527692,1
527693,0
527694,0
527695,0
527696,1
527697,0
527698,1
527699,0
527700,1
527701,0
527702,0
527703,0
527704,1
527705,0
527706,0
527707,0
527708,0
527709,0
527710,0
527711,0
527712,0
527713,1
527714,1
527715,0
527716,0
527717,0
527718,1
527719,0
527720,1
527721,0
527722,0
527723,0
527724,0
527725,0
527726,0
527727,0
527728,0
527729,1
527730,0
527731,0
527732,1
527733,1
527734,1
527735,0
527736,0
527737,1
527738,0
527739,1
527740,0
527741,0
527742,0
527743,0
527744,0
527745,0
527746,0
527747,0
527748,0
527749,1
527750,0
527751,0
527752,1
527753,1
527754,0
527755,0
527756,0
527757,0
527758,0
527759,1
527760,0
527761,0
527762,1
527763,0
527764,0
527765,0
527766,0
527767,0
527768,0
527769,0
527770,0
527771,0
527772,0
527773,0
527774,0
527775,0
527776,0
527777,0
527778,0
527779,0
527780,1
527781,0
527782,0
527783,0
527784,0
527785,0
527786,0
527787,0
527788,0
527789,0
527790,0
527791,0
527792,0
527793,0
527794,0
527795,0
527796,0
527797,0
527798,0
527799,1
527800,0
527801,0
527802,1
527803,1
527804,0
527805,0
527806,0
527807,0
527808,0
527809,0
527810,1
527811,1
527812,0
527813,0
527814,1
527815,1
527816,1
527817,0
527818,0
527819,0
527820,0
527821,0
527822,1
527823,0
527824,0
527825,0
527826,0
527827,0
527828,0
527829,1
527830,0
527831,1
527832,0
527833,0
527834,0
527835,1
527836,0
527837,0
527838,1
527839,0
527840,1
527841,1
527842,1
527843,0
527844,0
527845,0
527846,0
527847,0
527848,0
527849,0
527850,0
527851,0
527852,0
527853,0
527854,1
527855,1
527856,1
527857,1
527858,1
527859,1
527860,1
527861,0
527862,1
527863,0
527864,0
527865,1
527866,0
527867,0
527868,0
527869,0
527870,1
527871,1
527872,1
527873,0
527874,0
527875,1
527876,1
527877,0
527878,0
527879,1
527880,0
527881,0
527882,0
527883,0
527884,0
527885,0
527886,0
527887,0
527888,0
527889,0
527890,1
527891,0
527892,0
527893,0
527894,0
527895,1
527896,1
527897,1
527898,0
527899,0
527900,0
527901,0
527902,1
527903,0
527904,0
527905,0
527906,0
527907,0
527908,0
527909,0
527910,0
527911,0
527912,1
527913,1
527914,0
527915,1
527916,0
527917,0
527918,0
527919,0
527920,0
527921,0
527922,1
527923,0
527924,1
527925,0
527926,0
527927,0
527928,0
527929,1
527930,0
527931,0
527932,1
527933,1
527934,1
527935,1
527936,1
527937,0
527938,0
527939,0
527940,0
527941,1
527942,1
527943,1
527944,0
527945,1
527946,0
527947,0
527948,0
527949,0
527950,0
527951,0
527952,0
527953,1
527954,0
527955,1
527956,0
527957,0
527958,1
527959,0
527960,1
527961,0
527962,0
527963,0
527964,1
527965,1
527966,1
527967,0
527968,1
527969,1
527970,1
527971,0
527972,0
527973,0
527974,1
527975,0
527976,1
527977,0
527978,1
527979,1
527980,1
527981,1
527982,1
527983,0
527984,0
527985,1
527986,0
527987,0
527988,0
527989,0
527990,0
527991,1
527992,0
527993,0
527994,0
527995,0
527996,1
527997,0
527998,1
527999,0
528000,0
528001,0
528002,0
528003,0
528004,0
528005,0
528006,0
528007,1
528008,0
528009,1
528010,1
528011,0
528012,1
528013,0
528014,0
528015,1
528016,0
528017,1
528018,1
528019,0
528020,1
528021,0
528022,0
528023,0
528024,1
528025,0
528026,0
528027,1
528028,0
528029,0
528030,0
528031,1
528032,0
528033,0
528034,1
528035,0
528036,0
528037,0
528038,1
528039,0
528040,1
528041,0
528042,0
528043,0
528044,0
528045,0
528046,0
528047,1
528048,1
528049,0
528050,1
528051,1
528052,0
528053,0
528054,0
528055,1
528056,1
528057,0
528058,0
528059,0
528060,0
528061,0
528062,1
528063,0
528064,0
528065,0
528066,1
528067,1
528068,0
528069,1
528070,0
528071,1
528072,0
528073,0
528074,0
528075,0
528076,0
528077,0
528078,0
528079,0
528080,0
528081,1
528082,1
528083,0
528084,0
528085,0
528086,1
528087,0
528088,0
528089,0
528090,1
528091,1
528092,0
528093,1
528094,0
528095,0
528096,0
528097,0
528098,0
528099,1
528100,0
528101,0
528102,0
528103,0
528104,1
528105,1
528106,0
528107,1
528108,1
528109,1
528110,0
528111,0
528112,0
528113,0
528114,0
528115,0
528116,0
528117,1
528118,0
528119,0
528120,0
528121,1
528122,0
528123,0
528124,1
528125,0
528126,0
528127,1
528128,0
528129,1
528130,0
528131,1
528132,0
528133,0
528134,0
528135,0
528136,0
528137,1
528138,0
528139,1
528140,0
528141,0
528142,1
528143,1
528144,0
528145,0
528146,0
528147,0
528148,0
528149,0
528150,0
528151,0
528152,0
528153,0
528154,0
528155,1
528156,0
528157,1
528158,0
528159,1
528160,0
528161,0
528162,0
528163,1
528164,0
528165,1
528166,0
528167,0
528168,0
528169,1
528170,1
528171,1
528172,0
528173,1
528174,0
528175,0
528176,0
528177,0
528178,0
528179,1
528180,0
528181,1
528182,1
528183,0
528184,1
528185,0
528186,0
528187,0
528188,1
528189,0
528190,1
528191,1
528192,0
528193,1
528194,0
528195,0
528196,0
528197,0
528198,0
528199,0
528200,0
528201,1
528202,1
528203,0
528204,0
528205,0
528206,0
528207,0
528208,1
528209,0
528210,1
528211,1
528212,1
528213,0
528214,1
528215,1
528216,1
528217,0
528218,0
528219,0
528220,1
528221,1
528222,0
528223,1
528224,1
528225,0
528226,1
528227,1
528228,0
528229,0
528230,1
528231,1
528232,0
528233,0
528234,0
528235,0
528236,1
528237,0
528238,0
528239,0
528240,1
528241,0
528242,0
528243,0
528244,1
528245,1
528246,1
528247,0
528248,1
528249,0
528250,0
528251,1
528252,1
528253,1
528254,0
528255,0
528256,1
528257,1
528258,1
528259,1
528260,0
528261,0
528262,0
528263,1
528264,0
528265,1
528266,0
528267,0
528268,0
528269,1
528270,0
528271,1
528272,1
528273,0
528274,1
528275,0
528276,1
528277,0
528278,1
528279,1
528280,0
528281,0
528282,0
528283,1
528284,1
528285,1
528286,0
528287,0
528288,1
528289,1
528290,1
528291,0
528292,0
528293,1
528294,0
528295,1
528296,0
528297,0
528298,1
528299,0
528300,1
528301,0
528302,1
528303,0
528304,1
528305,1
528306,1
528307,0
528308,1
528309,0
528310,0
528311,1
528312,0
528313,0
528314,1
528315,0
528316,0
528317,0
528318,0
528319,0
528320,0
528321,0
528322,0
528323,0
528324,0
528325,1
528326,1
528327,0
528328,1
528329,0
528330,1
528331,0
528332,0
528333,1
528334,1
528335,0
528336,0
528337,0
528338,0
528339,1
528340,0
528341,0
528342,0
528343,1
528344,0
528345,0
528346,0
528347,1
528348,0
528349,0
528350,0
528351,0
528352,0
528353,0
528354,0
528355,0
528356,1
528357,1
528358,0
528359,1
528360,0
528361,0
528362,1
528363,0
528364,0
528365,0
528366,1
528367,0
528368,1
528369,1
528370,0
528371,0
528372,0
528373,0
528374,0
528375,0
528376,1
528377,1
528378,0
528379,0
528380,1
528381,0
528382,0
528383,0
528384,0
528385,1
528386,1
528387,1
528388,0
528389,0
528390,1
528391,0
528392,0
528393,0
528394,1
528395,0
528396,0
528397,0
528398,0
528399,1
528400,0
528401,1
528402,1
528403,1
528404,0
528405,1
528406,1
528407,0
528408,0
528409,0
528410,0
528411,0
528412,1
528413,0
528414,0
528415,0
528416,0
528417,0
528418,0
528419,0
528420,0
528421,0
528422,0
528423,0
528424,0
528425,0
528426,1
528427,1
528428,0
528429,0
528430,0
528431,0
528432,0
528433,0
528434,0
528435,1
528436,0
528437,0
528438,0
528439,1
528440,1
528441,1
528442,0
528443,0
528444,1
528445,1
528446,1
528447,1
528448,0
528449,0
528450,0
528451,1
528452,0
528453,0
528454,1
528455,0
528456,0
528457,0
528458,1
528459,1
528460,1
528461,0
528462,0
528463,1
528464,0
528465,1
528466,1
528467,1
528468,1
528469,1
528470,0
528471,1
528472,1
528473,1
528474,1
528475,0
528476,0
528477,1
528478,1
528479,1
528480,0
528481,0
528482,1
528483,1
528484,0
528485,1
528486,0
528487,0
528488,1
528489,1
528490,1
528491,1
528492,1
528493,1
528494,1
528495,0
528496,0
528497,1
528498,1
528499,1
528500,0
528501,1
528502,0
528503,0
528504,0
528505,1
528506,0
528507,1
528508,1
528509,0
528510,0
528511,0
528512,0
528513,0
528514,0
528515,0
528516,1
528517,1
528518,0
528519,0
528520,1
528521,1
528522,1
528523,0
528524,0
528525,1
528526,1
528527,1
528528,0
528529,1
528530,1
528531,1
528532,0
528533,1
528534,1
528535,0
528536,1
528537,0
528538,0
528539,0
528540,1
528541,1
528542,1
528543,1
528544,1
528545,1
528546,1
528547,1
528548,0
528549,0
528550,1
528551,1
528552,0
528553,1
528554,1
528555,1
528556,0
528557,1
528558,0
528559,1
528560,1
528561,0
528562,0
528563,1
528564,1
528565,0
528566,1
528567,0
528568,0
528569,1
528570,1
528571,1
528572,0
528573,1
528574,1
528575,0
528576,0
528577,0
528578,0
528579,0
528580,1
528581,0
528582,1
528583,1
528584,1
528585,1
528586,0
528587,0
528588,1
528589,0
528590,1
528591,0
528592,0
528593,1
528594,1
528595,0
528596,0
528597,0
528598,1
528599,1
528600,1
528601,1
528602,1
528603,0
528604,1
528605,0
528606,0
528607,0
528608,0
528609,0
528610,0
528611,0
528612,0
528613,1
528614,1
528615,1
528616,1
528617,0
528618,0
528619,0
528620,1
528621,1
528622,1
528623,1
528624,0
528625,0
528626,1
528627,0
528628,1
528629,0
528630,0
528631,1
528632,0
528633,0
528634,0
528635,1
528636,1
528637,1
528638,1
528639,1
528640,1
528641,1
528642,0
528643,0
528644,0
528645,0
528646,0
528647,1
528648,0
528649,0
528650,1
528651,1
528652,1
528653,1
528654,1
528655,1
528656,0
528657,1
528658,1
528659,1
528660,1
528661,1
528662,0
528663,1
528664,0
528665,1
528666,0
528667,1
528668,1
528669,0
528670,1
528671,0
528672,0
528673,0
528674,0
528675,0
528676,1
528677,1
528678,1
528679,1
528680,0
528681,1
528682,1
528683,0
528684,0
528685,1
528686,1
528687,1
528688,0
528689,1
528690,0
528691,0
528692,0
528693,0
528694,0
528695,0
528696,0
528697,0
528698,1
528699,1
528700,0
528701,0
528702,0
528703,0
528704,0
528705,0
528706,0
528707,1
528708,1
528709,0
528710,0
528711,0
528712,1
528713,0
528714,0
528715,1
528716,0
528717,0
528718,1
528719,0
528720,0
528721,1
528722,1
528723,1
528724,0
528725,0
528726,1
528727,0
528728,1
528729,1
528730,0
528731,1
528732,1
528733,1
528734,0
528735,1
528736,0
528737,0
528738,0
528739,0
528740,1
528741,1
528742,0
528743,1
528744,0
528745,0
528746,1
528747,0
528748,0
528749,1
528750,1
528751,1
528752,1
528753,0
528754,1
528755,0
528756,0
528757,1
528758,1
528759,0
528760,1
528761,1
528762,1
528763,1
528764,1
528765,1
528766,0
528767,0
528768,1
528769,0
528770,1
528771,1
528772,0
528773,0
528774,0
528775,1
528776,0
528777,0
528778,0
528779,1
528780,1
528781,1
528782,1
528783,1
528784,0
528785,1
528786,0
528787,0
528788,0
528789,1
528790,0
528791,0
528792,0
528793,0
528794,0
528795,1
528796,0
528797,0
528798,1
528799,0
528800,0
528801,0
528802,1
528803,0
528804,1
528805,0
528806,0
528807,0
528808,1
528809,0
528810,0
528811,0
528812,1
528813,1
528814,1
528815,0
528816,0
528817,0
528818,1
528819,0
528820,1
528821,1
528822,1
528823,1
528824,1
528825,1
528826,0
528827,1
528828,1
528829,1
528830,0
528831,1
528832,1
528833,1
528834,0
528835,1
528836,0
528837,1
528838,0
528839,0
528840,0
528841,0
528842,1
528843,1
528844,1
528845,0
528846,1
528847,1
528848,0
528849,0
528850,0
528851,1
528852,0
528853,0
528854,0
528855,0
528856,0
528857,0
528858,1
528859,1
528860,1
528861,1
528862,0
528863,1
528864,0
528865,1
528866,1
528867,0
528868,0
528869,0
528870,0
528871,0
528872,0
528873,0
528874,0
528875,0
528876,1
528877,1
528878,1
528879,1
528880,1
528881,0
528882,0
528883,0
528884,0
528885,0
528886,0
528887,0
528888,0
528889,0
528890,0
528891,1
528892,0
528893,1
528894,1
528895,0
528896,0
528897,1
528898,1
528899,0
528900,0
528901,0
528902,1
528903,1
528904,0
528905,0
528906,1
528907,0
528908,1
528909,1
528910,0
528911,0
528912,1
528913,0
528914,0
528915,0
528916,0
528917,1
528918,1
528919,0
528920,0
528921,0
528922,0
528923,0
528924,0
528925,0
528926,1
528927,0
528928,0
528929,1
528930,1
528931,1
528932,0
528933,0
528934,0
528935,1
528936,0
528937,1
528938,1
528939,0
528940,0
528941,0
528942,0
528943,1
528944,1
528945,1
528946,0
528947,1
528948,1
528949,1
528950,1
528951,0
528952,0
528953,0
528954,0
528955,0
528956,0
528957,0
528958,0
528959,0
528960,1
528961,1
528962,0
528963,1
528964,1
528965,0
528966,0
528967,0
528968,0
528969,0
528970,0
528971,1
528972,0
528973,1
528974,0
528975,0
528976,1
528977,0
528978,0
528979,0
528980,0
528981,1
528982,1
528983,0
528984,0
528985,1
528986,1
528987,0
528988,0
528989,0
528990,0
528991,1
528992,0
528993,0
528994,1
528995,0
528996,1
528997,0
528998,1
528999,0
529000,0
529001,0
529002,0
529003,0
529004,0
529005,1
529006,0
529007,1
529008,1
529009,0
529010,1
529011,1
529012,0
529013,0
529014,0
529015,0
529016,0
529017,0
529018,1
529019,0
529020,1
529021,1
529022,0
529023,0
529024,1
529025,1
529026,1
529027,1
529028,0
529029,1
529030,0
529031,1
529032,0
529033,1
529034,0
529035,0
529036,1
529037,1
529038,1
529039,1
529040,0
529041,1
529042,0
529043,0
529044,1
529045,1
529046,0
529047,1
529048,1
529049,0
529050,0
529051,1
529052,1
529053,1
529054,1
529055,1
529056,0
529057,1
529058,1
529059,0
529060,1
529061,1
529062,1
529063,1
529064,1
529065,1
529066,0
529067,0
529068,1
529069,1
529070,1
529071,1
529072,1
529073,1
529074,0
529075,1
529076,1
529077,0
529078,1
529079,1
529080,0
529081,1
529082,0
529083,0
529084,1
529085,1
529086,1
529087,1
529088,1
529089,1
529090,1
529091,1
529092,1
529093,1
529094,1
529095,1
529096,0
529097,1
529098,1
529099,1
529100,1
529101,1
529102,1
529103,1
529104,1
529105,0
529106,1
529107,0
529108,1
529109,1
529110,1
529111,0
529112,1
529113,0
529114,1
529115,1
529116,1
529117,1
529118,0
529119,1
529120,0
529121,1
529122,1
529123,1
529124,1
529125,1
529126,1
529127,1
529128,1
529129,1
529130,1
529131,0
529132,0
529133,1
529134,1
529135,0
529136,1
529137,0
529138,0
529139,1
529140,1
529141,1
529142,1
529143,0
529144,1
529145,1
529146,1
529147,1
529148,0
529149,1
529150,1
529151,1
529152,0
529153,0
529154,1
529155,0
529156,1
529157,1
529158,1
529159,0
529160,1
529161,0
529162,1
529163,1
529164,1
529165,1
529166,0
529167,1
529168,1
529169,1
529170,1
529171,0
529172,1
529173,0
529174,1
529175,0
529176,1
529177,1
529178,1
529179,1
529180,1
529181,0
529182,0
529183,1
529184,1
529185,1
529186,0
529187,0
529188,1
529189,0
529190,1
529191,1
529192,0
529193,0
529194,1
529195,1
529196,1
529197,1
529198,1
529199,1
529200,0
529201,0
529202,0
529203,1
529204,0
529205,0
529206,1
529207,0
529208,1
529209,1
529210,1
529211,1
529212,1
529213,0
529214,1
529215,1
529216,1
529217,1
529218,0
529219,1
529220,1
529221,1
529222,0
529223,1
529224,1
529225,0
529226,0
529227,1
529228,1
529229,0
529230,1
529231,1
529232,1
529233,1
529234,0
529235,1
529236,1
529237,1
529238,1
529239,1
529240,1
529241,1
529242,1
529243,1
529244,1
529245,0
529246,0
529247,1
529248,1
529249,1
529250,0
529251,1
529252,1
529253,0
529254,1
529255,1
529256,0
529257,0
529258,1
529259,1
529260,0
529261,0
529262,0
529263,1
529264,1
529265,0
529266,1
529267,1
529268,1
529269,1
529270,1
529271,1
529272,1
529273,0
529274,0
529275,1
529276,1
529277,0
529278,1
529279,1
529280,1
529281,1
529282,1
529283,0
529284,1
529285,1
529286,1
529287,0
529288,1
529289,1
529290,1
529291,1
529292,1
529293,1
529294,1
529295,0
529296,1
529297,1
529298,0
529299,0
529300,1
529301,0
529302,0
529303,1
529304,1
529305,1
529306,1
529307,1
529308,0
529309,0
529310,1
529311,1
529312,1
529313,1
529314,1
529315,0
529316,0
529317,1
529318,1
529319,0
529320,0
529321,0
529322,1
529323,1
529324,1
529325,1
529326,1
529327,1
529328,1
529329,1
529330,1
529331,0
529332,1
529333,1
529334,0
529335,1
529336,0
529337,0
529338,1
529339,1
529340,1
529341,1
529342,0
529343,1
529344,0
529345,1
529346,0
529347,1
529348,1
529349,1
529350,1
529351,1
529352,1
529353,0
529354,1
529355,1
529356,1
529357,1
529358,0
529359,1
529360,1
529361,0
529362,1
529363,1
529364,1
529365,1
529366,1
529367,0
529368,0
529369,1
529370,1
529371,0
529372,0
529373,1
529374,0
529375,1
529376,1
529377,1
529378,1
529379,0
529380,1
529381,1
529382,1
529383,1
529384,1
529385,0
529386,1
529387,1
529388,1
529389,1
529390,1
529391,1
529392,1
529393,0
529394,1
529395,1
529396,1
529397,1
529398,1
529399,0
529400,1
529401,1
529402,1
529403,1
529404,1
529405,0
529406,0
529407,1
529408,1
529409,0
529410,1
529411,1
529412,0
529413,1
529414,1
529415,1
529416,0
529417,0
529418,1
529419,1
529420,1
529421,1
529422,1
529423,1
529424,1
529425,0
529426,1
529427,1
529428,1
529429,0
529430,0
529431,1
529432,1
529433,1
529434,1
529435,0
529436,0
529437,0
529438,1
529439,1
529440,1
529441,1
529442,1
529443,0
529444,0
529445,1
529446,0
529447,0
529448,1
529449,1
529450,0
529451,1
529452,0
529453,0
529454,1
529455,1
529456,1
529457,1
529458,1
529459,0
529460,1
529461,1
529462,1
529463,0
529464,1
529465,1
529466,0
529467,1
529468,1
529469,1
529470,1
529471,1
529472,1
529473,0
529474,1
529475,1
529476,1
529477,1
529478,1
529479,0
529480,0
529481,0
529482,1
529483,0
529484,1
529485,0
529486,0
529487,0
529488,0
529489,0
529490,1
529491,1
529492,1
529493,1
529494,1
529495,1
529496,0
529497,1
529498,1
529499,1
529500,0
529501,0
529502,0
529503,0
529504,0
529505,1
529506,0
529507,0
529508,0
529509,1
529510,1
529511,1
529512,0
529513,0
529514,0
529515,0
529516,1
529517,0
529518,1
529519,0
529520,0
529521,1
529522,0
529523,1
529524,1
529525,0
529526,1
529527,1
529528,1
529529,1
529530,1
529531,0
529532,0
529533,0
529534,1
529535,0
529536,0
529537,1
529538,1
529539,1
529540,0
529541,0
529542,1
529543,0
529544,1
529545,0
529546,0
529547,1
529548,0
529549,0
529550,1
529551,1
529552,0
529553,1
529554,0
529555,0
529556,0
529557,0
529558,0
529559,1
529560,0
529561,0
529562,0
529563,1
529564,1
529565,0
529566,1
529567,0
529568,1
529569,1
529570,1
529571,0
529572,1
529573,1
529574,0
529575,0
529576,1
529577,1
529578,1
529579,1
529580,0
529581,0
529582,1
529583,1
529584,0
529585,1
529586,0
529587,1
529588,0
529589,1
529590,0
529591,0
529592,1
529593,0
529594,1
529595,1
529596,0
529597,1
529598,0
529599,1
529600,0
529601,0
529602,0
529603,0
529604,1
529605,0
529606,1
529607,0
529608,1
529609,0
529610,1
529611,1
529612,0
529613,1
529614,1
529615,0
529616,0
529617,0
529618,1
529619,0
529620,1
529621,0
529622,0
529623,0
529624,0
529625,1
529626,1
529627,0
529628,1
529629,1
529630,0
529631,0
529632,0
529633,0
529634,0
529635,0
529636,1
529637,1
529638,1
529639,1
529640,1
529641,1
529642,1
529643,1
529644,1
529645,1
529646,1
529647,0
529648,1
529649,1
529650,0
529651,1
529652,1
529653,1
529654,0
529655,0
529656,1
529657,0
529658,1
529659,0
529660,1
529661,0
529662,0
529663,1
529664,0
529665,1
529666,0
529667,0
529668,1
529669,0
529670,0
529671,1
529672,0
529673,1
529674,0
529675,1
529676,1
529677,1
529678,0
529679,1
529680,1
529681,1
529682,1
529683,1
529684,0
529685,0
529686,1
529687,0
529688,1
529689,1
529690,0
529691,1
529692,1
529693,1
529694,0
529695,0
529696,1
529697,1
529698,1
529699,1
529700,0
529701,0
529702,1
529703,0
529704,0
529705,0
529706,1
529707,1
529708,0
529709,0
529710,1
529711,1
529712,0
529713,0
529714,0
529715,0
529716,0
529717,1
529718,1
529719,0
529720,1
529721,1
529722,0
529723,0
529724,0
529725,0
529726,1
529727,1
529728,1
529729,0
529730,1
529731,1
529732,0
529733,1
529734,0
529735,0
529736,0
529737,0
529738,0
529739,1
529740,1
529741,0
529742,1
529743,0
529744,1
529745,0
529746,1
529747,0
529748,0
529749,0
529750,1
529751,1
529752,1
529753,1
529754,1
529755,1
529756,0
529757,0
529758,0
529759,0
529760,1
529761,1
529762,1
529763,0
529764,0
529765,1
529766,0
529767,0
529768,0
529769,0
529770,0
529771,0
529772,1
529773,1
529774,1
529775,1
529776,1
529777,0
529778,0
529779,0
529780,1
529781,1
529782,0
529783,0
529784,0
529785,0
529786,0
529787,0
529788,1
529789,1
529790,0
529791,0
529792,0
529793,0
529794,0
529795,1
529796,1
529797,0
529798,0
529799,0
529800,0
529801,0
529802,0
529803,0
529804,1
529805,1
529806,1
529807,0
529808,1
529809,0
529810,0
529811,1
529812,1
529813,0
529814,0
529815,0
529816,0
529817,0
529818,0
529819,1
529820,0
529821,1
529822,1
529823,0
529824,0
529825,0
529826,0
529827,0
529828,1
529829,1
529830,0
529831,1
529832,0
529833,0
529834,0
529835,0
529836,0
529837,0
529838,0
529839,0
529840,0
529841,0
529842,0
529843,0
529844,0
529845,0
529846,0
529847,0
529848,0
529849,1
529850,1
529851,1
529852,1
529853,0
529854,1
529855,0
529856,0
529857,0
529858,1
529859,0
529860,0
529861,1
529862,0
529863,0
529864,0
529865,0
529866,0
529867,1
529868,0
529869,0
529870,0
529871,1
529872,1
529873,0
529874,0
529875,1
529876,0
529877,0
529878,1
529879,0
529880,0
529881,0
529882,0
529883,0
529884,0
529885,0
529886,0
529887,0
529888,1
529889,0
529890,0
529891,1
529892,0
529893,0
529894,0
529895,0
529896,0
529897,0
529898,1
529899,0
529900,0
529901,0
529902,1
529903,0
529904,1
529905,0
529906,1
529907,1
529908,0
529909,1
529910,0
529911,0
529912,0
529913,1
529914,1
529915,1
529916,0
529917,0
529918,0
529919,1
529920,0
529921,0
529922,0
529923,0
529924,1
529925,0
529926,0
529927,1
529928,0
529929,0
529930,0
529931,0
529932,0
529933,0
529934,0
529935,0
529936,0
529937,0
529938,1
529939,0
529940,0
529941,1
529942,0
529943,0
529944,0
529945,1
529946,0
529947,0
529948,0
529949,1
529950,0
529951,0
529952,0
529953,0
529954,0
529955,0
529956,0
529957,1
529958,0
529959,0
529960,0
529961,0
529962,0
529963,0
529964,0
529965,0
529966,0
529967,0
529968,0
529969,0
529970,0
529971,0
529972,0
529973,0
529974,0
529975,1
529976,0
529977,0
529978,1
529979,0
529980,1
529981,0
529982,0
529983,1
529984,0
529985,0
529986,0
529987,0
529988,0
529989,0
529990,0
529991,0
529992,0
529993,0
529994,0
529995,0
529996,0
529997,0
529998,0
529999,1
530000,0
530001,0
530002,0
530003,0
530004,0
530005,0
530006,0
530007,0
530008,0
530009,1
530010,0
530011,0
530012,0
530013,0
530014,0
530015,0
530016,1
530017,0
530018,1
530019,0
530020,1
530021,0
530022,1
530023,0
530024,1
530025,0
530026,0
530027,0
530028,0
530029,0
530030,0
530031,0
530032,0
530033,0
530034,0
530035,0
530036,0
530037,0
530038,0
530039,0
530040,0
530041,0
530042,1
530043,0
530044,1
530045,1
530046,0
530047,0
530048,1
530049,0
530050,0
530051,0
530052,0
530053,0
530054,0
530055,1
530056,0
530057,0
530058,0
530059,0
530060,0
530061,0
530062,0
530063,1
530064,1
530065,1
530066,1
530067,1
530068,0
530069,1
530070,0
530071,0
530072,1
530073,1
530074,1
530075,1
530076,0
530077,1
530078,0
530079,0
530080,1
530081,0
530082,1
530083,0
530084,1
530085,1
530086,1
530087,0
530088,0
530089,0
530090,1
530091,0
530092,1
530093,0
530094,0
530095,0
530096,0
530097,1
530098,1
530099,1
530100,1
530101,1
530102,1
530103,0
530104,0
530105,0
530106,1
530107,1
530108,1
530109,1
530110,1
530111,0
530112,0
530113,1
530114,0
530115,0
530116,1
530117,1
530118,1
530119,0
530120,1
530121,0
530122,1
530123,0
530124,1
530125,1
530126,1
530127,1
530128,1
530129,0
530130,1
530131,0
530132,1
530133,1
530134,1
530135,1
530136,1
530137,1
530138,1
530139,1
530140,1
530141,1
530142,0
530143,0
530144,0
530145,1
530146,0
530147,0
530148,0
530149,1
530150,0
530151,0
530152,0
530153,0
530154,1
530155,0
530156,1
530157,1
530158,0
530159,0
530160,0
530161,1
530162,1
530163,0
530164,1
530165,0
530166,1
530167,1
530168,1
530169,1
530170,1
530171,1
530172,0
530173,0
530174,1
530175,0
530176,1
530177,0
530178,1
530179,0
530180,0
530181,1
530182,1
530183,0
530184,1
530185,1
530186,0
530187,0
530188,1
530189,0
530190,1
530191,1
530192,0
530193,0
530194,1
530195,1
530196,0
530197,0
530198,0
530199,0
530200,1
530201,1
530202,1
530203,0
530204,0
530205,0
530206,0
530207,0
530208,1
530209,0
530210,1
530211,0
530212,1
530213,0
530214,0
530215,0
530216,1
530217,1
530218,0
530219,1
530220,0
530221,1
530222,0
530223,0
530224,0
530225,0
530226,0
530227,0
530228,1
530229,0
530230,0
530231,1
530232,1
530233,1
530234,0
530235,1
530236,1
530237,0
530238,0
530239,1
530240,0
530241,1
530242,1
530243,1
530244,1
530245,0
530246,1
530247,1
530248,1
530249,0
530250,0
530251,0
530252,0
530253,1
530254,0
530255,0
530256,1
530257,1
530258,1
530259,1
530260,0
530261,0
530262,0
530263,1
530264,0
530265,1
530266,1
530267,1
530268,0
530269,0
530270,1
530271,0
530272,1
530273,0
530274,0
530275,1
530276,1
530277,1
530278,0
530279,1
530280,0
530281,1
530282,0
530283,0
530284,0
530285,0
530286,0
530287,1
530288,0
530289,0
530290,1
530291,0
530292,0
530293,0
530294,1
530295,0
530296,1
530297,0
530298,1
530299,1
530300,1
530301,0
530302,1
530303,0
530304,0
530305,0
530306,0
530307,1
530308,1
530309,0
530310,0
530311,1
530312,1
530313,1
530314,1
530315,1
530316,1
530317,0
530318,0
530319,0
530320,1
530321,0
530322,1
530323,0
530324,0
530325,0
530326,1
530327,0
530328,0
530329,1
530330,0
530331,0
530332,0
530333,0
530334,1
530335,0
530336,0
530337,1
530338,0
530339,1
530340,1
530341,1
530342,0
530343,1
530344,1
530345,1
530346,0
530347,0
530348,1
530349,1
530350,0
530351,0
530352,0
530353,1
530354,0
530355,1
530356,0
530357,1
530358,1
530359,1
530360,0
530361,0
530362,1
530363,0
530364,1
530365,1
530366,0
530367,0
530368,1
530369,1
530370,1
530371,1
530372,1
530373,1
530374,0
530375,0
530376,0
530377,1
530378,1
530379,1
530380,0
530381,1
530382,1
530383,1
530384,1
530385,0
530386,1
530387,0
530388,0
530389,1
530390,1
530391,1
530392,1
530393,1
530394,0
530395,1
530396,1
530397,1
530398,1
530399,1
530400,0
530401,1
530402,0
530403,1
530404,0
530405,0
530406,0
530407,0
530408,0
530409,1
530410,0
530411,1
530412,1
530413,0
530414,1
530415,1
530416,1
530417,1
530418,1
530419,1
530420,1
530421,1
530422,1
530423,1
530424,0
530425,1
530426,1
530427,0
530428,0
530429,1
530430,0
530431,1
530432,0
530433,1
530434,0
530435,1
530436,1
530437,0
530438,0
530439,0
530440,0
530441,1
530442,1
530443,0
530444,1
530445,1
530446,0
530447,1
530448,0
530449,1
530450,0
530451,1
530452,0
530453,0
530454,1
530455,1
530456,0
530457,0
530458,1
530459,0
530460,1
530461,1
530462,0
530463,1
530464,1
530465,0
530466,0
530467,1
530468,0
530469,1
530470,0
530471,1
530472,0
530473,1
530474,1
530475,1
530476,1
530477,1
530478,0
530479,1
530480,1
530481,1
530482,1
530483,0
530484,1
530485,1
530486,0
530487,1
530488,1
530489,1
530490,1
530491,1
530492,1
530493,0
530494,1
530495,0
530496,1
530497,1
530498,0
530499,1
530500,1
530501,0
530502,1
530503,0
530504,1
530505,0
530506,1
530507,1
530508,0
530509,1
530510,1
530511,1
530512,1
530513,1
530514,0
530515,1
530516,1
530517,1
530518,1
530519,1
530520,0
530521,0
530522,1
530523,0
530524,1
530525,0
530526,0
530527,1
530528,1
530529,1
530530,0
530531,1
530532,0
530533,1
530534,0
530535,1
530536,0
530537,0
530538,1
530539,1
530540,0
530541,0
530542,1
530543,1
530544,0
530545,0
530546,1
530547,0
530548,1
530549,0
530550,0
530551,0
530552,0
530553,1
530554,1
530555,1
530556,1
530557,1
530558,1
530559,1
530560,0
530561,1
530562,1
530563,1
530564,1
530565,1
530566,0
530567,0
530568,0
530569,0
530570,0
530571,1
530572,0
530573,0
530574,0
530575,0
530576,1
530577,1
530578,0
530579,1
530580,1
530581,0
530582,0
530583,1
530584,1
530585,0
530586,0
530587,0
530588,0
530589,1
530590,0
530591,0
530592,0
530593,0
530594,0
530595,1
530596,1
530597,0
530598,0
530599,1
530600,1
530601,0
530602,1
530603,0
530604,0
530605,0
530606,1
530607,0
530608,1
530609,1
530610,0
530611,0
530612,0
530613,0
530614,1
530615,0
530616,1
530617,1
530618,0
530619,0
530620,0
530621,0
530622,1
530623,1
530624,1
530625,1
530626,0
530627,0
530628,0
530629,1
530630,0
530631,0
530632,1
530633,1
530634,0
530635,1
530636,0
530637,0
530638,0
530639,0
530640,0
530641,1
530642,1
530643,1
530644,0
530645,0
530646,1
530647,0
530648,0
530649,1
530650,0
530651,0
530652,1
530653,0
530654,0
530655,0
530656,0
530657,0
530658,1
530659,0
530660,1
530661,0
530662,0
530663,1
530664,0
530665,0
530666,0
530667,0
530668,0
530669,1
530670,0
530671,0
530672,1
530673,0
530674,0
530675,0
530676,0
530677,1
530678,1
530679,1
530680,1
530681,1
530682,0
530683,1
530684,1
530685,0
530686,1
530687,0
530688,1
530689,1
530690,0
530691,1
530692,1
530693,0
530694,0
530695,1
530696,0
530697,1
530698,0
530699,0
530700,0
530701,1
530702,0
530703,1
530704,0
530705,0
530706,1
530707,0
530708,1
530709,0
530710,0
530711,0
530712,1
530713,1
530714,0
530715,1
530716,1
530717,1
530718,0
530719,0
530720,1
530721,0
530722,1
530723,0
530724,0
530725,1
530726,0
530727,1
530728,1
530729,0
530730,0
530731,0
530732,0
530733,0
530734,1
530735,1
530736,0
530737,1
530738,1
530739,0
530740,0
530741,0
530742,0
530743,1
530744,1
530745,0
530746,0
530747,0
530748,1
530749,1
530750,0
530751,0
530752,0
530753,0
530754,0
530755,0
530756,1
530757,0
530758,1
530759,1
530760,1
530761,1
530762,1
530763,0
530764,0
530765,1
530766,1
530767,0
530768,1
530769,0
530770,0
530771,0
530772,0
530773,0
530774,0
530775,1
530776,0
530777,0
530778,1
530779,0
530780,0
530781,0
530782,0
530783,1
530784,1
530785,0
530786,0
530787,0
530788,0
530789,1
530790,0
530791,0
530792,0
530793,0
530794,0
530795,0
530796,0
530797,0
530798,0
530799,0
530800,0
530801,1
530802,0
530803,0
530804,0
530805,0
530806,0
530807,0
530808,0
530809,1
530810,0
530811,0
530812,0
530813,0
530814,1
530815,0
530816,1
530817,0
530818,1
530819,1
530820,1
530821,0
530822,0
530823,0
530824,0
530825,0
530826,1
530827,0
530828,1
530829,0
530830,1
530831,1
530832,0
530833,1
530834,1
530835,0
530836,0
530837,0
530838,0
530839,0
530840,0
530841,0
530842,1
530843,0
530844,0
530845,1
530846,1
530847,1
530848,0
530849,1
530850,1
530851,1
530852,0
530853,0
530854,1
530855,0
530856,0
530857,1
530858,0
530859,0
530860,0
530861,0
530862,0
530863,0
530864,0
530865,1
530866,0
530867,1
530868,0
530869,0
530870,0
530871,0
530872,1
530873,1
530874,0
530875,0
530876,1
530877,0
530878,1
530879,1
530880,1
530881,0
530882,0
530883,1
530884,0
530885,0
530886,0
530887,0
530888,1
530889,0
530890,0
530891,1
530892,1
530893,0
530894,0
530895,1
530896,0
530897,1
530898,1
530899,0
530900,1
530901,1
530902,1
530903,0
530904,1
530905,1
530906,0
530907,0
530908,1
530909,0
530910,0
530911,1
530912,1
530913,0
530914,1
530915,1
530916,0
530917,1
530918,0
530919,1
530920,1
530921,1
530922,1
530923,1
530924,1
530925,1
530926,1
530927,0
530928,0
530929,1
530930,1
530931,1
530932,0
530933,1
530934,0
530935,0
530936,0
530937,1
530938,0
530939,1
530940,1
530941,0
530942,0
530943,1
530944,0
530945,1
530946,1
530947,0
530948,1
530949,1
530950,0
530951,0
530952,1
530953,0
530954,1
530955,0
530956,1
530957,1
530958,0
530959,0
530960,1
530961,1
530962,1
530963,1
530964,0
530965,1
530966,1
530967,1
530968,1
530969,1
530970,1
530971,0
530972,1
530973,1
530974,1
530975,1
530976,1
530977,1
530978,1
530979,1
530980,1
530981,1
530982,1
530983,1
530984,0
530985,1
530986,0
530987,1
530988,0
530989,1
530990,0
530991,1
530992,1
530993,1
530994,1
530995,0
530996,0
530997,0
530998,1
530999,0
531000,1
531001,1
531002,1
531003,1
531004,1
531005,1
531006,1
531007,0
531008,1
531009,0
531010,1
531011,0
531012,0
531013,1
531014,1
531015,1
531016,1
531017,1
531018,1
531019,0
531020,1
531021,0
531022,1
531023,0
531024,0
531025,1
531026,0
531027,1
531028,1
531029,0
531030,1
531031,1
531032,1
531033,1
531034,1
531035,1
531036,0
531037,0
531038,1
531039,0
531040,0
531041,0
531042,0
531043,0
531044,1
531045,1
531046,1
531047,1
531048,1
531049,0
531050,0
531051,0
531052,1
531053,1
531054,0
531055,1
531056,0
531057,1
531058,0
531059,1
531060,1
531061,0
531062,0
531063,1
531064,1
531065,0
531066,1
531067,1
531068,1
531069,0
531070,0
531071,1
531072,1
531073,1
531074,0
531075,1
531076,0
531077,1
531078,1
531079,1
531080,0
531081,1
531082,0
531083,1
531084,1
531085,1
531086,0
531087,0
531088,0
531089,1
531090,1
531091,1
531092,1
531093,1
531094,0
531095,0
531096,1
531097,0
531098,0
531099,1
531100,1
531101,0
531102,1
531103,1
531104,0
531105,1
531106,0
531107,0
531108,1
531109,1
531110,1
531111,1
531112,1
531113,1
531114,1
531115,0
531116,1
531117,1
531118,1
531119,1
531120,0
531121,0
531122,0
531123,0
531124,0
531125,0
531126,1
531127,0
531128,0
531129,0
531130,0
531131,1
531132,0
531133,0
531134,1
531135,0
531136,0
531137,0
531138,0
531139,1
531140,1
531141,1
531142,0
531143,0
531144,1
531145,1
531146,0
531147,1
531148,0
531149,0
531150,1
531151,1
531152,1
531153,0
531154,1
531155,1
531156,1
531157,1
531158,1
531159,0
531160,0
531161,0
531162,1
531163,1
531164,1
531165,1
531166,1
531167,1
531168,0
531169,1
531170,1
531171,0
531172,1
531173,1
531174,1
531175,1
531176,1
531177,0
531178,0
531179,1
531180,1
531181,0
531182,0
531183,1
531184,1
531185,1
531186,1
531187,1
531188,1
531189,1
531190,1
531191,0
531192,1
531193,1
531194,0
531195,1
531196,1
531197,1
531198,1
531199,0
531200,0
531201,1
531202,0
531203,0
531204,1
531205,1
531206,0
531207,1
531208,0
531209,0
531210,1
531211,1
531212,1
531213,1
531214,1
531215,0
531216,1
531217,0
531218,1
531219,0
531220,0
531221,1
531222,1
531223,0
531224,1
531225,1
531226,0
531227,1
531228,1
531229,1
531230,1
531231,1
531232,0
531233,1
531234,1
531235,1
531236,1
531237,1
531238,1
531239,1
531240,0
531241,1
531242,1
531243,1
531244,1
531245,0
531246,1
531247,0
531248,1
531249,0
531250,0
531251,0
531252,1
531253,0
531254,0
531255,1
531256,0
531257,1
531258,1
531259,0
531260,1
531261,0
531262,1
531263,1
531264,0
531265,0
531266,0
531267,1
531268,0
531269,1
531270,0
531271,1
531272,1
531273,1
531274,1
531275,1
531276,0
531277,1
531278,0
531279,1
531280,1
531281,1
531282,1
531283,1
531284,1
531285,0
531286,1
531287,1
531288,1
531289,1
531290,1
531291,1
531292,1
531293,1
531294,1
531295,0
531296,1
531297,0
531298,1
531299,1
531300,1
531301,1
531302,1
531303,0
531304,0
531305,1
531306,1
531307,0
531308,0
531309,1
531310,1
531311,0
531312,1
531313,1
531314,1
531315,1
531316,1
531317,0
531318,0
531319,1
531320,1
531321,1
531322,1
531323,1
531324,0
531325,1
531326,1
531327,1
531328,1
531329,1
531330,1
531331,1
531332,1
531333,1
531334,0
531335,1
531336,0
531337,1
531338,0
531339,1
531340,0
531341,0
531342,0
531343,1
531344,1
531345,0
531346,0
531347,1
531348,0
531349,0
531350,1
531351,1
531352,1
531353,1
531354,1
531355,1
531356,1
531357,1
531358,1
531359,1
531360,1
531361,1
531362,1
531363,1
531364,0
531365,0
531366,0
531367,1
531368,0
531369,1
531370,1
531371,1
531372,1
531373,0
531374,1
531375,0
531376,0
531377,0
531378,1
531379,0
531380,1
531381,1
531382,1
531383,0
531384,0
531385,0
531386,0
531387,0
531388,1
531389,1
531390,1
531391,0
531392,0
531393,0
531394,0
531395,0
531396,0
531397,1
531398,1
531399,0
531400,1
531401,0
531402,0
531403,0
531404,0
531405,0
531406,1
531407,0
531408,0
531409,1
531410,1
531411,1
531412,1
531413,0
531414,1
531415,0
531416,0
531417,1
531418,1
531419,0
531420,1
531421,1
531422,1
531423,0
531424,1
531425,0
531426,1
531427,1
531428,0
531429,1
531430,0
531431,1
531432,0
531433,1
531434,0
531435,0
531436,0
531437,1
531438,0
531439,1
531440,1
531441,0
531442,0
531443,1
531444,1
531445,1
531446,0
531447,0
531448,0
531449,0
531450,0
531451,0
531452,0
531453,1
531454,1
531455,0
531456,1
531457,1
531458,0
531459,1
531460,0
531461,0
531462,0
531463,0
531464,0
531465,0
531466,1
531467,0
531468,1
531469,1
531470,0
531471,0
531472,0
531473,0
531474,0
531475,0
531476,0
531477,0
531478,0
531479,0
531480,1
531481,1
531482,0
531483,0
531484,0
531485,1
531486,1
531487,0
531488,0
531489,0
531490,1
531491,1
531492,0
531493,1
531494,0
531495,0
531496,1
531497,0
531498,1
531499,0
531500,0
531501,1
531502,1
531503,0
531504,0
531505,0
531506,0
531507,1
531508,1
531509,1
531510,1
531511,0
531512,1
531513,0
531514,1
531515,1
531516,0
531517,0
531518,1
531519,1
531520,0
531521,0
531522,0
531523,1
531524,0
531525,0
531526,0
531527,1
531528,1
531529,1
531530,1
531531,1
531532,1
531533,1
531534,0
531535,0
531536,1
531537,1
531538,0
531539,0
531540,0
531541,1
531542,1
531543,0
531544,1
531545,1
531546,1
531547,1
531548,1
531549,0
531550,1
531551,1
531552,1
531553,0
531554,0
531555,0
531556,1
531557,0
531558,0
531559,0
531560,1
531561,1
531562,0
531563,1
531564,0
531565,0
531566,1
531567,1
531568,0
531569,0
531570,0
531571,0
531572,0
531573,0
531574,1
531575,0
531576,0
531577,0
531578,0
531579,0
531580,0
531581,1
531582,1
531583,1
531584,0
531585,0
531586,0
531587,0
531588,0
531589,0
531590,0
531591,1
531592,1
531593,0
531594,0
531595,1
531596,0
531597,0
531598,1
531599,1
531600,0
531601,0
531602,0
531603,0
531604,1
531605,0
531606,1
531607,1
531608,1
531609,0
531610,1
531611,1
531612,0
531613,0
531614,0
531615,1
531616,1
531617,1
531618,1
531619,0
531620,0
531621,0
531622,1
531623,1
531624,1
531625,0
531626,0
531627,0
531628,0
531629,1
531630,0
531631,0
531632,0
531633,0
531634,1
531635,0
531636,1
531637,1
531638,0
531639,1
531640,0
531641,1
531642,1
531643,1
531644,1
531645,0
531646,1
531647,0
531648,0
531649,0
531650,0
531651,0
531652,1
531653,1
531654,1
531655,1
531656,1
531657,1
531658,0
531659,0
531660,0
531661,0
531662,1
531663,0
531664,1
531665,0
531666,1
531667,0
531668,0
531669,0
531670,0
531671,0
531672,0
531673,1
531674,0
531675,1
531676,0
531677,0
531678,0
531679,1
531680,1
531681,1
531682,0
531683,0
531684,1
531685,0
531686,0
531687,0
531688,1
531689,0
531690,0
531691,0
531692,0
531693,1
531694,0
531695,1
531696,1
531697,1
531698,0
531699,1
531700,0
531701,1
531702,1
531703,0
531704,1
531705,0
531706,0
531707,0
531708,0
531709,1
531710,0
531711,0
531712,0
531713,1
531714,0
531715,0
531716,1
531717,1
531718,1
531719,0
531720,0
531721,0
531722,0
531723,0
531724,0
531725,1
531726,1
531727,1
531728,0
531729,0
531730,1
531731,1
531732,0
531733,0
531734,1
531735,0
531736,0
531737,1
531738,0
531739,0
531740,1
531741,0
531742,0
531743,1
531744,0
531745,0
531746,0
531747,0
531748,0
531749,0
531750,1
531751,0
531752,0
531753,0
531754,0
531755,0
531756,1
531757,1
531758,0
531759,0
531760,0
531761,0
531762,1
531763,0
531764,1
531765,0
531766,1
531767,1
531768,0
531769,0
531770,0
531771,0
531772,0
531773,0
531774,0
531775,0
531776,0
531777,1
531778,0
531779,1
531780,1
531781,0
531782,0
531783,1
531784,1
531785,0
531786,1
531787,1
531788,0
531789,1
531790,0
531791,0
531792,0
531793,0
531794,1
531795,0
531796,0
531797,1
531798,1
531799,0
531800,0
531801,0
531802,0
531803,0
531804,0
531805,0
531806,0
531807,0
531808,1
531809,1
531810,1
531811,0
531812,0
531813,0
531814,0
531815,1
531816,0
531817,1
531818,1
531819,0
531820,0
531821,1
531822,0
531823,0
531824,0
531825,0
531826,1
531827,0
531828,0
531829,1
531830,1
531831,1
531832,1
531833,1
531834,1
531835,0
531836,0
531837,0
531838,0
531839,1
531840,0
531841,0
531842,0
531843,0
531844,0
531845,0
531846,0
531847,0
531848,0
531849,0
531850,0
531851,0
531852,1
531853,0
531854,1
531855,0
531856,1
531857,1
531858,0
531859,0
531860,0
531861,0
531862,0
531863,0
531864,1
531865,0
531866,0
531867,0
531868,0
531869,0
531870,0
531871,1
531872,0
531873,0
531874,1
531875,1
531876,0
531877,1
531878,1
531879,0
531880,0
531881,0
531882,0
531883,0
531884,0
531885,1
531886,0
531887,0
531888,0
531889,0
531890,0
531891,1
531892,0
531893,1
531894,1
531895,0
531896,1
531897,0
531898,1
531899,0
531900,0
531901,0
531902,0
531903,0
531904,1
531905,0
531906,0
531907,0
531908,0
531909,0
531910,0
531911,1
531912,0
531913,0
531914,0
531915,0
531916,1
531917,0
531918,1
531919,0
531920,1
531921,0
531922,0
531923,0
531924,1
531925,0
531926,1
531927,0
531928,0
531929,0
531930,0
531931,0
531932,0
531933,0
531934,0
531935,0
531936,0
531937,1
531938,1
531939,1
531940,0
531941,1
531942,1
531943,1
531944,0
531945,1
531946,1
531947,1
531948,0
531949,1
531950,1
531951,1
531952,1
531953,1
531954,1
531955,1
531956,1
531957,1
531958,1
531959,0
531960,1
531961,1
531962,1
531963,1
531964,1
531965,1
531966,0
531967,1
531968,1
531969,1
531970,0
531971,1
531972,1
531973,1
531974,0
531975,1
531976,1
531977,1
531978,1
531979,1
531980,0
531981,1
531982,1
531983,1
531984,0
531985,1
531986,1
531987,1
531988,1
531989,1
531990,1
531991,0
531992,1
531993,0
531994,1
531995,1
531996,1
531997,1
531998,1
531999,1
532000,1
532001,1
532002,0
532003,0
532004,0
532005,1
532006,1
532007,0
532008,1
532009,1
532010,1
532011,0
532012,0
532013,1
532014,1
532015,1
532016,1
532017,1
532018,1
532019,1
532020,1
532021,1
532022,1
532023,1
532024,1
532025,1
532026,1
532027,1
532028,1
532029,1
532030,1
532031,1
532032,1
532033,1
532034,1
532035,1
532036,1
532037,1
532038,1
532039,1
532040,1
532041,1
532042,1
532043,1
532044,1
532045,1
532046,0
532047,0
532048,0
532049,1
532050,1
532051,1
532052,1
532053,1
532054,1
532055,1
532056,1
532057,1
532058,1
532059,1
532060,1
532061,1
532062,1
532063,0
532064,1
532065,1
532066,0
532067,1
532068,0
532069,0
532070,1
532071,1
532072,0
532073,1
532074,0
532075,1
532076,1
532077,0
532078,1
532079,0
532080,1
532081,1
532082,1
532083,1
532084,1
532085,1
532086,1
532087,1
532088,0
532089,1
532090,0
532091,1
532092,0
532093,0
532094,1
532095,1
532096,1
532097,1
532098,1
532099,0
532100,1
532101,1
532102,0
532103,0
532104,1
532105,0
532106,0
532107,1
532108,1
532109,0
532110,1
532111,1
532112,1
532113,1
532114,1
532115,1
532116,1
532117,0
532118,1
532119,1
532120,0
532121,0
532122,1
532123,1
532124,1
532125,1
532126,1
532127,1
532128,1
532129,1
532130,1
532131,0
532132,1
532133,1
532134,0
532135,1
532136,1
532137,1
532138,1
532139,1
532140,1
532141,1
532142,1
532143,1
532144,1
532145,1
532146,0
532147,1
532148,1
532149,0
532150,1
532151,1
532152,1
532153,1
532154,0
532155,0
532156,0
532157,0
532158,0
532159,1
532160,1
532161,1
532162,1
532163,0
532164,1
532165,0
532166,1
532167,0
532168,0
532169,0
532170,1
532171,1
532172,1
532173,1
532174,1
532175,0
532176,1
532177,0
532178,1
532179,1
532180,1
532181,1
532182,0
532183,1
532184,0
532185,1
532186,0
532187,1
532188,1
532189,0
532190,1
532191,0
532192,0
532193,0
532194,0
532195,1
532196,1
532197,1
532198,1
532199,1
532200,0
532201,0
532202,1
532203,0
532204,0
532205,0
532206,0
532207,1
532208,0
532209,1
532210,0
532211,1
532212,1
532213,1
532214,0
532215,1
532216,1
532217,0
532218,1
532219,1
532220,1
532221,1
532222,0
532223,1
532224,1
532225,0
532226,1
532227,0
532228,0
532229,1
532230,0
532231,0
532232,0
532233,1
532234,0
532235,1
532236,0
532237,1
532238,1
532239,0
532240,0
532241,1
532242,0
532243,0
532244,1
532245,1
532246,0
532247,0
532248,1
532249,0
532250,1
532251,1
532252,0
532253,1
532254,1
532255,1
532256,0
532257,0
532258,0
532259,1
532260,1
532261,0
532262,1
532263,0
532264,1
532265,0
532266,1
532267,0
532268,0
532269,1
532270,1
532271,0
532272,1
532273,0
532274,0
532275,1
532276,0
532277,1
532278,1
532279,0
532280,0
532281,1
532282,1
532283,1
532284,1
532285,0
532286,1
532287,0
532288,1
532289,0
532290,1
532291,1
532292,0
532293,1
532294,1
532295,0
532296,1
532297,0
532298,0
532299,1
532300,1
532301,0
532302,0
532303,1
532304,0
532305,0
532306,0
532307,1
532308,0
532309,1
532310,0
532311,1
532312,0
532313,0
532314,0
532315,1
532316,0
532317,1
532318,1
532319,0
532320,0
532321,0
532322,0
532323,1
532324,0
532325,1
532326,0
532327,0
532328,0
532329,1
532330,0
532331,0
532332,1
532333,1
532334,1
532335,0
532336,0
532337,1
532338,1
532339,0
532340,1
532341,1
532342,1
532343,0
532344,1
532345,1
532346,1
532347,0
532348,0
532349,1
532350,1
532351,0
532352,0
532353,0
532354,1
532355,1
532356,1
532357,1
532358,1
532359,0
532360,0
532361,1
532362,1
532363,1
532364,0
532365,1
532366,1
532367,0
532368,1
532369,1
532370,0
532371,1
532372,0
532373,1
532374,0
532375,1
532376,0
532377,0
532378,1
532379,1
532380,1
532381,1
532382,0
532383,1
532384,0
532385,0
532386,0
532387,0
532388,1
532389,0
532390,1
532391,0
532392,1
532393,0
532394,0
532395,1
532396,0
532397,0
532398,0
532399,0
532400,0
532401,1
532402,0
532403,1
532404,1
532405,0
532406,0
532407,1
532408,0
532409,1
532410,1
532411,0
532412,0
532413,1
532414,1
532415,1
532416,0
532417,1
532418,1
532419,1
532420,1
532421,1
532422,0
532423,1
532424,1
532425,1
532426,1
532427,1
532428,1
532429,1
532430,0
532431,0
532432,0
532433,0
532434,0
532435,0
532436,0
532437,1
532438,0
532439,0
532440,0
532441,1
532442,1
532443,1
532444,1
532445,1
532446,1
532447,1
532448,1
532449,1
532450,0
532451,0
532452,1
532453,1
532454,0
532455,0
532456,1
532457,1
532458,1
532459,1
532460,1
532461,1
532462,1
532463,1
532464,0
532465,0
532466,0
532467,0
532468,1
532469,1
532470,1
532471,1
532472,0
532473,1
532474,1
532475,1
532476,0
532477,1
532478,1
532479,1
532480,0
532481,1
532482,1
532483,1
532484,0
532485,1
532486,0
532487,1
532488,1
532489,1
532490,1
532491,1
532492,0
532493,1
532494,1
532495,1
532496,1
532497,1
532498,1
532499,1
532500,1
532501,1
532502,1
532503,1
532504,1
532505,1
532506,0
532507,1
532508,0
532509,0
532510,0
532511,1
532512,0
532513,1
532514,0
532515,1
532516,0
532517,0
532518,0
532519,0
532520,1
532521,1
532522,1
532523,0
532524,1
532525,1
532526,1
532527,0
532528,1
532529,1
532530,1
532531,1
532532,1
532533,0
532534,0
532535,1
532536,1
532537,0
532538,1
532539,0
532540,1
532541,0
532542,1
532543,1
532544,1
532545,0
532546,1
532547,1
532548,1
532549,1
532550,1
532551,0
532552,1
532553,1
532554,0
532555,1
532556,1
532557,1
532558,1
532559,1
532560,1
532561,1
532562,1
532563,1
532564,1
532565,1
532566,1
532567,0
532568,1
532569,1
532570,0
532571,1
532572,1
532573,0
532574,1
532575,1
532576,1
532577,0
532578,0
532579,0
532580,0
532581,1
532582,1
532583,0
532584,1
532585,1
532586,1
532587,1
532588,0
532589,0
532590,1
532591,1
532592,0
532593,1
532594,0
532595,1
532596,1
532597,1
532598,1
532599,0
532600,1
532601,1
532602,0
532603,1
532604,0
532605,1
532606,1
532607,1
532608,0
532609,1
532610,0
532611,1
532612,1
532613,0
532614,0
532615,1
532616,1
532617,0
532618,1
532619,1
532620,1
532621,0
532622,0
532623,0
532624,0
532625,0
532626,1
532627,1
532628,1
532629,1
532630,0
532631,1
532632,0
532633,1
532634,1
532635,1
532636,1
532637,0
532638,0
532639,1
532640,0
532641,1
532642,1
532643,0
532644,1
532645,1
532646,1
532647,0
532648,0
532649,0
532650,0
532651,1
532652,0
532653,1
532654,1
532655,1
532656,0
532657,0
532658,1
532659,1
532660,0
532661,0
532662,1
532663,1
532664,1
532665,1
532666,0
532667,0
532668,0
532669,1
532670,1
532671,1
532672,0
532673,1
532674,1
532675,1
532676,1
532677,0
532678,1
532679,0
532680,1
532681,0
532682,1
532683,0
532684,1
532685,1
532686,1
532687,1
532688,1
532689,0
532690,1
532691,0
532692,1
532693,1
532694,0
532695,1
532696,0
532697,1
532698,1
532699,1
532700,1
532701,0
532702,1
532703,0
532704,0
532705,0
532706,1
532707,0
532708,0
532709,1
532710,0
532711,0
532712,0
532713,1
532714,1
532715,0
532716,1
532717,0
532718,0
532719,0
532720,0
532721,0
532722,1
532723,1
532724,1
532725,1
532726,1
532727,0
532728,0
532729,1
532730,1
532731,0
532732,1
532733,0
532734,0
532735,0
532736,1
532737,1
532738,1
532739,1
532740,1
532741,0
532742,1
532743,0
532744,0
532745,0
532746,1
532747,0
532748,0
532749,0
532750,0
532751,0
532752,0
532753,0
532754,0
532755,0
532756,1
532757,0
532758,0
532759,0
532760,0
532761,0
532762,0
532763,0
532764,0
532765,1
532766,0
532767,0
532768,1
532769,0
532770,1
532771,0
532772,1
532773,1
532774,1
532775,0
532776,1
532777,0
532778,0
532779,1
532780,0
532781,0
532782,0
532783,0
532784,0
532785,1
532786,0
532787,1
532788,0
532789,1
532790,0
532791,0
532792,1
532793,0
532794,0
532795,0
532796,1
532797,0
532798,0
532799,0
532800,0
532801,1
532802,1
532803,1
532804,1
532805,0
532806,1
532807,0
532808,1
532809,0
532810,1
532811,1
532812,0
532813,1
532814,0
532815,0
532816,0
532817,0
532818,1
532819,0
532820,0
532821,1
532822,1
532823,0
532824,0
532825,1
532826,0
532827,0
532828,1
532829,0
532830,0
532831,0
532832,0
532833,1
532834,0
532835,0
532836,0
532837,1
532838,0
532839,0
532840,1
532841,0
532842,0
532843,1
532844,1
532845,0
532846,1
532847,0
532848,0
532849,1
532850,1
532851,0
532852,0
532853,0
532854,0
532855,0
532856,0
532857,1
532858,0
532859,1
532860,0
532861,1
532862,1
532863,0
532864,0
532865,0
532866,0
532867,0
532868,1
532869,0
532870,0
532871,1
532872,0
532873,1
532874,0
532875,1
532876,0
532877,0
532878,0
532879,0
532880,0
532881,0
532882,0
532883,1
532884,0
532885,1
532886,0
532887,1
532888,1
532889,0
532890,0
532891,0
532892,0
532893,0
532894,1
532895,0
532896,1
532897,0
532898,0
532899,0
532900,0
532901,0
532902,1
532903,0
532904,1
532905,0
532906,0
532907,1
532908,0
532909,0
532910,1
532911,0
532912,1
532913,1
532914,0
532915,0
532916,0
532917,1
532918,0
532919,1
532920,0
532921,1
532922,1
532923,0
532924,0
532925,0
532926,0
532927,0
532928,0
532929,1
532930,0
532931,0
532932,0
532933,1
532934,1
532935,0
532936,0
532937,0
532938,1
532939,0
532940,0
532941,1
532942,1
532943,1
532944,0
532945,0
532946,0
532947,1
532948,1
532949,0
532950,0
532951,1
532952,0
532953,1
532954,1
532955,0
532956,0
532957,1
532958,0
532959,1
532960,1
532961,0
532962,1
532963,1
532964,0
532965,0
532966,0
532967,0
532968,0
532969,1
532970,0
532971,0
532972,1
532973,1
532974,0
532975,0
532976,1
532977,1
532978,0
532979,1
532980,1
532981,1
532982,0
532983,1
532984,0
532985,1
532986,1
532987,1
532988,1
532989,1
532990,1
532991,0
532992,0
532993,1
532994,1
532995,1
532996,1
532997,1
532998,1
532999,1
533000,1
533001,1
533002,1
533003,1
533004,1
533005,1
533006,1
533007,1
533008,1
533009,1
533010,1
533011,1
533012,1
533013,1
533014,1
533015,1
533016,1
533017,1
533018,0
533019,1
533020,1
533021,1
533022,1
533023,0
533024,1
533025,1
533026,1
533027,1
533028,1
533029,1
533030,1
533031,1
533032,1
533033,1
533034,1
533035,1
533036,1
533037,1
533038,1
533039,0
533040,1
533041,1
533042,1
533043,0
533044,1
533045,1
533046,1
533047,0
533048,1
533049,1
533050,1
533051,1
533052,1
533053,0
533054,0
533055,1
533056,1
533057,1
533058,0
533059,1
533060,0
533061,1
533062,1
533063,1
533064,1
533065,0
533066,1
533067,1
533068,1
533069,0
533070,1
533071,1
533072,1
533073,0
533074,1
533075,1
533076,1
533077,1
533078,1
533079,1
533080,1
533081,1
533082,1
533083,1
533084,1
533085,1
533086,1
533087,1
533088,0
533089,1
533090,1
533091,1
533092,1
533093,1
533094,1
533095,0
533096,1
533097,0
533098,1
533099,1
533100,1
533101,1
533102,1
533103,1
533104,1
533105,0
533106,1
533107,1
533108,1
533109,1
533110,1
533111,1
533112,1
533113,1
533114,1
533115,1
533116,1
533117,1
533118,1
533119,1
533120,1
533121,1
533122,0
533123,0
533124,1
533125,1
533126,1
533127,1
533128,1
533129,1
533130,1
533131,1
533132,1
533133,1
533134,1
533135,1
533136,1
533137,1
533138,0
533139,1
533140,1
533141,1
533142,1
533143,1
533144,1
533145,1
533146,1
533147,1
533148,1
533149,1
533150,1
533151,1
533152,1
533153,1
533154,0
533155,1
533156,1
533157,1
533158,0
533159,1
533160,1
533161,1
533162,0
533163,1
533164,1
533165,1
533166,1
533167,1
533168,1
533169,0
533170,1
533171,1
533172,1
533173,1
533174,1
533175,1
533176,1
533177,1
533178,1
533179,0
533180,1
533181,1
533182,1
533183,1
533184,1
533185,1
533186,1
533187,1
533188,1
533189,1
533190,1
533191,1
533192,0
533193,1
533194,1
533195,0
533196,1
533197,1
533198,1
533199,1
533200,0
533201,1
533202,1
533203,0
533204,0
533205,1
533206,1
533207,1
533208,1
533209,1
533210,0
533211,1
533212,1
533213,1
533214,0
533215,1
533216,1
533217,1
533218,0
533219,1
533220,1
533221,1
533222,1
533223,1
533224,1
533225,1
533226,1
533227,1
533228,0
533229,0
533230,0
533231,1
533232,0
533233,0
533234,1
533235,1
533236,1
533237,1
533238,1
533239,1
533240,0
533241,0
533242,1
533243,1
533244,1
533245,1
533246,1
533247,1
533248,0
533249,1
533250,1
533251,0
533252,0
533253,1
533254,0
533255,1
533256,1
533257,1
533258,1
533259,1
533260,1
533261,1
533262,1
533263,0
533264,0
533265,0
533266,1
533267,0
533268,1
533269,0
533270,1
533271,1
533272,1
533273,1
533274,0
533275,1
533276,1
533277,1
533278,1
533279,1
533280,1
533281,0
533282,0
533283,0
533284,1
533285,0
533286,1
533287,1
533288,0
533289,1
533290,0
533291,1
533292,1
533293,1
533294,1
533295,1
533296,1
533297,0
533298,1
533299,1
533300,1
533301,0
533302,0
533303,1
533304,1
533305,1
533306,0
533307,1
533308,1
533309,1
533310,1
533311,0
533312,0
533313,1
533314,1
533315,1
533316,0
533317,1
533318,0
533319,1
533320,1
533321,1
533322,1
533323,1
533324,0
533325,1
533326,1
533327,0
533328,1
533329,1
533330,1
533331,1
533332,0
533333,1
533334,0
533335,1
533336,0
533337,1
533338,0
533339,1
533340,1
533341,0
533342,0
533343,1
533344,0
533345,0
533346,0
533347,1
533348,1
533349,0
533350,1
533351,1
533352,1
533353,1
533354,1
533355,0
533356,1
533357,0
533358,1
533359,0
533360,0
533361,1
533362,1
533363,1
533364,1
533365,0
533366,1
533367,1
533368,1
533369,0
533370,0
533371,1
533372,0
533373,0
533374,1
533375,1
533376,1
533377,0
533378,1
533379,1
533380,1
533381,1
533382,0
533383,1
533384,1
533385,1
533386,1
533387,1
533388,1
533389,1
533390,0
533391,1
533392,0
533393,0
533394,0
533395,1
533396,1
533397,1
533398,1
533399,1
533400,1
533401,1
533402,1
533403,1
533404,1
533405,1
533406,1
533407,0
533408,0
533409,0
533410,1
533411,0
533412,0
533413,1
533414,1
533415,1
533416,1
533417,1
533418,1
533419,1
533420,1
533421,0
533422,0
533423,0
533424,1
533425,1
533426,1
533427,1
533428,1
533429,1
533430,0
533431,0
533432,0
533433,0
533434,1
533435,1
533436,1
533437,1
533438,1
533439,0
533440,1
533441,0
533442,1
533443,1
533444,1
533445,0
533446,1
533447,1
533448,1
533449,0
533450,1
533451,1
533452,1
533453,1
533454,1
533455,1
533456,0
533457,0
533458,1
533459,0
533460,1
533461,1
533462,0
533463,1
533464,1
533465,0
533466,1
533467,1
533468,1
533469,0
533470,1
533471,1
533472,1
533473,1
533474,1
533475,1
533476,1
533477,0
533478,1
533479,1
533480,1
533481,1
533482,0
533483,1
533484,1
533485,1
533486,0
533487,1
533488,0
533489,1
533490,1
533491,1
533492,1
533493,1
533494,1
533495,1
533496,1
533497,0
533498,0
533499,0
533500,1
533501,1
533502,1
533503,0
533504,0
533505,1
533506,1
533507,1
533508,1
533509,1
533510,1
533511,0
533512,1
533513,0
533514,1
533515,0
533516,1
533517,0
533518,0
533519,1
533520,1
533521,0
533522,1
533523,1
533524,1
533525,0
533526,1
533527,0
533528,0
533529,0
533530,1
533531,0
533532,1
533533,0
533534,0
533535,0
533536,0
533537,1
533538,1
533539,1
533540,1
533541,1
533542,0
533543,0
533544,1
533545,1
533546,0
533547,0
533548,1
533549,1
533550,1
533551,1
533552,0
533553,0
533554,1
533555,1
533556,0
533557,1
533558,1
533559,0
533560,0
533561,1
533562,1
533563,0
533564,1
533565,0
533566,1
533567,0
533568,1
533569,1
533570,0
533571,1
533572,1
533573,1
533574,1
533575,0
533576,0
533577,1
533578,1
533579,1
533580,0
533581,1
533582,0
533583,1
533584,0
533585,1
533586,0
533587,1
533588,1
533589,1
533590,1
533591,0
533592,1
533593,1
533594,1
533595,0
533596,1
533597,1
533598,0
533599,0
533600,1
533601,1
533602,0
533603,1
533604,0
533605,1
533606,1
533607,1
533608,1
533609,0
533610,1
533611,0
533612,0
533613,0
533614,0
533615,1
533616,1
533617,1
533618,1
533619,0
533620,1
533621,0
533622,0
533623,1
533624,0
533625,1
533626,0
533627,1
533628,1
533629,0
533630,1
533631,1
533632,1
533633,1
533634,0
533635,1
533636,1
533637,1
533638,0
533639,0
533640,1
533641,1
533642,1
533643,0
533644,1
533645,0
533646,1
533647,1
533648,1
533649,1
533650,1
533651,1
533652,1
533653,1
533654,0
533655,1
533656,1
533657,1
533658,1
533659,0
533660,0
533661,0
533662,1
533663,0
533664,1
533665,1
533666,1
533667,0
533668,0
533669,1
533670,0
533671,1
533672,1
533673,1
533674,0
533675,0
533676,0
533677,1
533678,0
533679,0
533680,1
533681,0
533682,0
533683,1
533684,0
533685,0
533686,1
533687,0
533688,1
533689,0
533690,1
533691,0
533692,0
533693,0
533694,0
533695,1
533696,1
533697,1
533698,1
533699,1
533700,0
533701,1
533702,1
533703,1
533704,1
533705,1
533706,1
533707,1
533708,1
533709,0
533710,1
533711,1
533712,0
533713,0
533714,0
533715,1
533716,1
533717,1
533718,0
533719,1
533720,0
533721,0
533722,0
533723,1
533724,1
533725,0
533726,0
533727,1
533728,0
533729,1
533730,1
533731,1
533732,1
533733,1
533734,1
533735,0
533736,0
533737,1
533738,0
533739,0
533740,1
533741,1
533742,1
533743,1
533744,0
533745,1
533746,1
533747,1
533748,1
533749,0
533750,1
533751,1
533752,0
533753,1
533754,1
533755,0
533756,1
533757,1
533758,1
533759,1
533760,1
533761,1
533762,1
533763,1
533764,1
533765,0
533766,1
533767,1
533768,1
533769,1
533770,0
533771,0
533772,1
533773,1
533774,1
533775,0
533776,0
533777,0
533778,0
533779,1
533780,1
533781,0
533782,1
533783,1
533784,0
533785,1
533786,1
533787,1
533788,1
533789,0
533790,1
533791,1
533792,1
533793,1
533794,1
533795,0
533796,1
533797,1
533798,1
533799,0
533800,0
533801,0
533802,1
533803,1
533804,1
533805,0
533806,1
533807,1
533808,0
533809,0
533810,0
533811,0
533812,1
533813,0
533814,1
533815,1
533816,1
533817,1
533818,0
533819,0
533820,0
533821,1
533822,1
533823,0
533824,0
533825,1
533826,1
533827,1
533828,0
533829,0
533830,0
533831,1
533832,0
533833,1
533834,1
533835,1
533836,1
533837,0
533838,1
533839,0
533840,0
533841,0
533842,1
533843,0
533844,1
533845,1
533846,1
533847,1
533848,0
533849,0
533850,0
533851,0
533852,0
533853,0
533854,1
533855,0
533856,1
533857,0
533858,1
533859,0
533860,0
533861,0
533862,0
533863,0
533864,1
533865,1
533866,1
533867,0
533868,1
533869,0
533870,1
533871,1
533872,1
533873,1
533874,1
533875,1
533876,0
533877,1
533878,1
533879,1
533880,1
533881,0
533882,0
533883,1
533884,1
533885,1
533886,0
533887,1
533888,0
533889,0
533890,0
533891,0
533892,0
533893,1
533894,1
533895,0
533896,0
533897,0
533898,1
533899,0
533900,1
533901,0
533902,0
533903,0
533904,1
533905,0
533906,1
533907,0
533908,0
533909,1
533910,1
533911,0
533912,0
533913,0
533914,1
533915,0
533916,1
533917,1
533918,1
533919,1
533920,1
533921,0
533922,1
533923,1
533924,1
533925,1
533926,1
533927,1
533928,0
533929,1
533930,1
533931,0
533932,0
533933,1
533934,1
533935,1
533936,1
533937,0
533938,0
533939,1
533940,1
533941,1
533942,0
533943,1
533944,0
533945,1
533946,0
533947,0
533948,0
533949,1
533950,1
533951,1
533952,0
533953,1
533954,0
533955,0
533956,1
533957,1
533958,1
533959,0
533960,1
533961,0
533962,0
533963,0
533964,1
533965,0
533966,1
533967,1
533968,1
533969,1
533970,1
533971,1
533972,1
533973,1
533974,0
533975,1
533976,0
533977,0
533978,1
533979,1
533980,0
533981,1
533982,1
533983,0
533984,1
533985,1
533986,0
533987,1
533988,0
533989,0
533990,0
533991,1
533992,1
533993,1
533994,0
533995,1
533996,1
533997,1
533998,0
533999,0
534000,0
534001,1
534002,1
534003,0
534004,1
534005,0
534006,1
534007,1
534008,0
534009,0
534010,1
534011,0
534012,1
534013,0
534014,1
534015,1
534016,0
534017,1
534018,1
534019,0
534020,1
534021,1
534022,1
534023,0
534024,1
534025,1
534026,1
534027,1
534028,0
534029,0
534030,1
534031,0
534032,0
534033,0
534034,0
534035,0
534036,0
534037,1
534038,0
534039,0
534040,0
534041,1
534042,1
534043,0
534044,1
534045,1
534046,1
534047,1
534048,1
534049,1
534050,0
534051,0
534052,0
534053,0
534054,0
534055,1
534056,1
534057,1
534058,0
534059,1
534060,0
534061,1
534062,1
534063,1
534064,1
534065,1
534066,0
534067,0
534068,1
534069,0
534070,0
534071,1
534072,0
534073,1
534074,1
534075,1
534076,0
534077,0
534078,0
534079,0
534080,0
534081,0
534082,0
534083,1
534084,1
534085,0
534086,0
534087,0
534088,0
534089,1
534090,1
534091,0
534092,1
534093,1
534094,1
534095,1
534096,1
534097,0
534098,0
534099,0
534100,1
534101,0
534102,1
534103,0
534104,0
534105,0
534106,0
534107,1
534108,0
534109,0
534110,1
534111,0
534112,0
534113,0
534114,0
534115,0
534116,0
534117,0
534118,0
534119,1
534120,1
534121,1
534122,0
534123,1
534124,1
534125,0
534126,1
534127,0
534128,1
534129,1
534130,0
534131,1
534132,0
534133,0
534134,0
534135,1
534136,1
534137,0
534138,0
534139,0
534140,0
534141,1
534142,1
534143,0
534144,0
534145,1
534146,1
534147,0
534148,0
534149,1
534150,0
534151,1
534152,0
534153,1
534154,1
534155,1
534156,0
534157,0
534158,0
534159,1
534160,0
534161,1
534162,0
534163,1
534164,1
534165,1
534166,1
534167,0
534168,0
534169,1
534170,1
534171,0
534172,0
534173,0
534174,0
534175,0
534176,0
534177,0
534178,1
534179,0
534180,1
534181,0
534182,1
534183,1
534184,0
534185,1
534186,0
534187,0
534188,0
534189,1
534190,1
534191,0
534192,0
534193,1
534194,1
534195,0
534196,1
534197,0
534198,0
534199,0
534200,1
534201,0
534202,0
534203,0
534204,0
534205,0
534206,1
534207,1
534208,0
534209,0
534210,0
534211,1
534212,0
534213,0
534214,0
534215,1
534216,1
534217,1
534218,0
534219,1
534220,0
534221,0
534222,0
534223,1
534224,0
534225,1
534226,0
534227,1
534228,0
534229,1
534230,1
534231,0
534232,0
534233,0
534234,0
534235,1
534236,1
534237,1
534238,1
534239,0
534240,1
534241,0
534242,1
534243,1
534244,1
534245,0
534246,1
534247,0
534248,0
534249,0
534250,1
534251,0
534252,1
534253,0
534254,0
534255,1
534256,1
534257,0
534258,0
534259,0
534260,0
534261,1
534262,1
534263,0
534264,0
534265,1
534266,1
534267,1
534268,0
534269,1
534270,1
534271,0
534272,1
534273,1
534274,0
534275,0
534276,1
534277,1
534278,1
534279,0
534280,1
534281,0
534282,0
534283,0
534284,0
534285,1
534286,0
534287,1
534288,0
534289,0
534290,0
534291,1
534292,1
534293,1
534294,0
534295,0
534296,0
534297,0
534298,0
534299,0
534300,1
534301,0
534302,1
534303,1
534304,0
534305,0
534306,0
534307,0
534308,1
534309,1
534310,0
534311,0
534312,1
534313,0
534314,0
534315,0
534316,1
534317,1
534318,1
534319,0
534320,0
534321,0
534322,1
534323,0
534324,1
534325,0
534326,0
534327,0
534328,1
534329,0
534330,1
534331,0
534332,1
534333,1
534334,1
534335,1
534336,0
534337,0
534338,0
534339,0
534340,1
534341,0
534342,0
534343,0
534344,0
534345,0
534346,0
534347,0
534348,1
534349,0
534350,0
534351,0
534352,1
534353,1
534354,0
534355,0
534356,1
534357,0
534358,0
534359,0
534360,1
534361,0
534362,1
534363,0
534364,0
534365,0
534366,1
534367,0
534368,1
534369,1
534370,1
534371,1
534372,0
534373,0
534374,0
534375,1
534376,0
534377,0
534378,0
534379,1
534380,1
534381,0
534382,0
534383,1
534384,1
534385,0
534386,1
534387,1
534388,0
534389,0
534390,0
534391,0
534392,0
534393,0
534394,0
534395,1
534396,1
534397,0
534398,1
534399,0
534400,1
534401,0
534402,0
534403,1
534404,1
534405,1
534406,0
534407,0
534408,1
534409,0
534410,0
534411,0
534412,0
534413,0
534414,1
534415,1
534416,1
534417,0
534418,0
534419,1
534420,0
534421,0
534422,0
534423,1
534424,0
534425,0
534426,1
534427,0
534428,0
534429,0
534430,0
534431,1
534432,0
534433,0
534434,0
534435,0
534436,0
534437,0
534438,1
534439,1
534440,1
534441,0
534442,0
534443,0
534444,0
534445,0
534446,0
534447,0
534448,0
534449,0
534450,1
534451,0
534452,0
534453,1
534454,0
534455,1
534456,0
534457,1
534458,0
534459,0
534460,0
534461,1
534462,0
534463,0
534464,0
534465,1
534466,0
534467,0
534468,0
534469,1
534470,1
534471,0
534472,0
534473,0
534474,0
534475,0
534476,0
534477,0
534478,0
534479,1
534480,1
534481,0
534482,1
534483,0
534484,0
534485,0
534486,0
534487,0
534488,1
534489,0
534490,1
534491,0
534492,1
534493,0
534494,0
534495,1
534496,1
534497,1
534498,0
534499,0
534500,0
534501,0
534502,0
534503,1
534504,0
534505,0
534506,0
534507,1
534508,1
534509,1
534510,0
534511,1
534512,1
534513,0
534514,0
534515,1
534516,0
534517,0
534518,0
534519,0
534520,0
534521,0
534522,0
534523,0
534524,0
534525,1
534526,0
534527,0
534528,0
534529,0
534530,0
534531,0
534532,1
534533,0
534534,1
534535,0
534536,0
534537,0
534538,0
534539,0
534540,0
534541,0
534542,1
534543,0
534544,0
534545,1
534546,1
534547,0
534548,0
534549,0
534550,1
534551,1
534552,1
534553,0
534554,0
534555,1
534556,1
534557,1
534558,0
534559,0
534560,1
534561,1
534562,1
534563,1
534564,0
534565,0
534566,1
534567,0
534568,0
534569,1
534570,1
534571,0
534572,0
534573,0
534574,1
534575,1
534576,1
534577,1
534578,1
534579,1
534580,0
534581,1
534582,1
534583,1
534584,0
534585,0
534586,1
534587,1
534588,1
534589,1
534590,1
534591,1
534592,1
534593,1
534594,1
534595,1
534596,1
534597,1
534598,1
534599,1
534600,1
534601,1
534602,1
534603,1
534604,1
534605,0
534606,1
534607,1
534608,1
534609,1
534610,0
534611,1
534612,1
534613,1
534614,1
534615,1
534616,1
534617,1
534618,1
534619,1
534620,1
534621,1
534622,1
534623,0
534624,0
534625,1
534626,0
534627,1
534628,0
534629,0
534630,1
534631,1
534632,1
534633,1
534634,1
534635,0
534636,1
534637,1
534638,0
534639,1
534640,1
534641,1
534642,0
534643,1
534644,1
534645,1
534646,1
534647,1
534648,1
534649,1
534650,1
534651,1
534652,1
534653,1
534654,1
534655,0
534656,1
534657,1
534658,1
534659,1
534660,1
534661,1
534662,0
534663,1
534664,1
534665,1
534666,1
534667,1
534668,0
534669,0
534670,1
534671,1
534672,1
534673,1
534674,1
534675,1
534676,1
534677,1
534678,1
534679,1
534680,1
534681,1
534682,0
534683,1
534684,1
534685,1
534686,1
534687,0
534688,1
534689,1
534690,0
534691,1
534692,1
534693,1
534694,1
534695,1
534696,1
534697,0
534698,1
534699,0
534700,1
534701,1
534702,1
534703,1
534704,0
534705,1
534706,1
534707,1
534708,1
534709,1
534710,1
534711,1
534712,1
534713,0
534714,1
534715,0
534716,1
534717,1
534718,1
534719,0
534720,0
534721,1
534722,1
534723,1
534724,1
534725,1
534726,1
534727,1
534728,0
534729,1
534730,1
534731,1
534732,1
534733,0
534734,0
534735,0
534736,1
534737,0
534738,1
534739,0
534740,1
534741,1
534742,0
534743,0
534744,0
534745,1
534746,1
534747,1
534748,1
534749,1
534750,1
534751,1
534752,1
534753,1
534754,1
534755,0
534756,1
534757,1
534758,1
534759,0
534760,0
534761,1
534762,1
534763,1
534764,1
534765,1
534766,1
534767,1
534768,1
534769,1
534770,1
534771,1
534772,1
534773,1
534774,1
534775,1
534776,0
534777,1
534778,1
534779,0
534780,1
534781,1
534782,0
534783,1
534784,0
534785,1
534786,1
534787,1
534788,1
534789,1
534790,1
534791,1
534792,1
534793,1
534794,0
534795,1
534796,1
534797,0
534798,1
534799,0
534800,1
534801,1
534802,1
534803,1
534804,1
534805,1
534806,0
534807,0
534808,1
534809,0
534810,1
534811,0
534812,1
534813,0
534814,1
534815,1
534816,1
534817,1
534818,1
534819,0
534820,0
534821,1
534822,1
534823,1
534824,1
534825,1
534826,0
534827,1
534828,1
534829,1
534830,0
534831,1
534832,1
534833,1
534834,1
534835,1
534836,0
534837,1
534838,1
534839,1
534840,1
534841,1
534842,1
534843,1
534844,1
534845,1
534846,1
534847,1
534848,1
534849,1
534850,0
534851,0
534852,0
534853,0
534854,0
534855,1
534856,1
534857,0
534858,0
534859,0
534860,0
534861,0
534862,0
534863,1
534864,1
534865,1
534866,0
534867,0
534868,0
534869,0
534870,0
534871,0
534872,1
534873,0
534874,1
534875,1
534876,0
534877,0
534878,0
534879,0
534880,1
534881,0
534882,0
534883,1
534884,0
534885,0
534886,1
534887,0
534888,0
534889,0
534890,1
534891,0
534892,1
534893,0
534894,1
534895,0
534896,0
534897,0
534898,0
534899,1
534900,0
534901,1
534902,1
534903,0
534904,0
534905,1
534906,0
534907,0
534908,0
534909,0
534910,1
534911,0
534912,0
534913,1
534914,0
534915,0
534916,0
534917,0
534918,1
534919,1
534920,0
534921,1
534922,0
534923,1
534924,1
534925,1
534926,1
534927,0
534928,0
534929,0
534930,1
534931,0
534932,0
534933,0
534934,1
534935,1
534936,0
534937,0
534938,1
534939,0
534940,0
534941,0
534942,0
534943,1
534944,0
534945,1
534946,0
534947,0
534948,0
534949,1
534950,0
534951,1
534952,1
534953,1
534954,0
534955,0
534956,0
534957,1
534958,1
534959,0
534960,1
534961,0
534962,1
534963,1
534964,0
534965,0
534966,0
534967,1
534968,1
534969,0
534970,1
534971,0
534972,0
534973,1
534974,1
534975,0
534976,1
534977,0
534978,1
534979,0
534980,0
534981,0
534982,0
534983,1
534984,1
534985,0
534986,0
534987,0
534988,0
534989,1
534990,0
534991,1
534992,0
534993,1
534994,0
534995,1
534996,1
534997,0
534998,0
534999,0
535000,0
535001,0
535002,0
535003,0
535004,0
535005,1
535006,0
535007,0
535008,0
535009,0
535010,1
535011,1
535012,0
535013,0
535014,0
535015,0
535016,1
535017,0
535018,0
535019,0
535020,1
535021,0
535022,0
535023,0
535024,1
535025,1
535026,0
535027,0
535028,0
535029,0
535030,1
535031,0
535032,0
535033,0
535034,1
535035,0
535036,0
535037,0
535038,0
535039,0
535040,0
535041,0
535042,0
535043,1
535044,0
535045,1
535046,0
535047,1
535048,0
535049,0
535050,0
535051,1
535052,1
535053,1
535054,0
535055,0
535056,0
535057,0
535058,0
535059,1
535060,0
535061,0
535062,1
535063,1
535064,1
535065,0
535066,0
535067,1
535068,0
535069,0
535070,1
535071,0
535072,0
535073,0
535074,0
535075,0
535076,0
535077,1
535078,0
535079,1
535080,0
535081,1
535082,1
535083,1
535084,1
535085,1
535086,1
535087,1
535088,1
535089,1
535090,1
535091,0
535092,0
535093,0
535094,0
535095,0
535096,0
535097,0
535098,0
535099,0
535100,0
535101,0
535102,0
535103,0
535104,0
535105,1
535106,0
535107,0
535108,0
535109,1
535110,1
535111,1
535112,0
535113,0
535114,0
535115,0
535116,0
535117,1
535118,0
535119,0
535120,1
535121,0
535122,0
535123,1
535124,1
535125,0
535126,0
535127,1
535128,1
535129,0
535130,1
535131,1
535132,1
535133,1
535134,0
535135,1
535136,0
535137,0
535138,1
535139,1
535140,0
535141,0
535142,1
535143,1
535144,0
535145,1
535146,0
535147,0
535148,0
535149,1
535150,1
535151,0
535152,1
535153,0
535154,1
535155,0
535156,1
535157,0
535158,1
535159,0
535160,0
535161,0
535162,0
535163,1
535164,1
535165,0
535166,1
535167,0
535168,1
535169,0
535170,0
535171,0
535172,1
535173,1
535174,0
535175,1
535176,0
535177,0
535178,0
535179,1
535180,1
535181,0
535182,1
535183,1
535184,1
535185,0
535186,1
535187,0
535188,1
535189,1
535190,0
535191,0
535192,0
535193,1
535194,1
535195,1
535196,1
535197,1
535198,1
535199,1
535200,0
535201,1
535202,1
535203,0
535204,0
535205,0
535206,0
535207,1
535208,0
535209,0
535210,0
535211,1
535212,0
535213,1
535214,0
535215,0
535216,1
535217,0
535218,1
535219,1
535220,0
535221,0
535222,1
535223,1
535224,1
535225,1
535226,1
535227,1
535228,0
535229,0
535230,1
535231,0
535232,1
535233,0
535234,0
535235,1
535236,1
535237,1
535238,0
535239,0
535240,1
535241,0
535242,1
535243,1
535244,1
535245,1
535246,1
535247,1
535248,1
535249,0
535250,1
535251,1
535252,0
535253,1
535254,1
535255,0
535256,1
535257,1
535258,0
535259,0
535260,1
535261,1
535262,0
535263,1
535264,0
535265,0
535266,1
535267,1
535268,1
535269,0
535270,0
535271,0
535272,0
535273,0
535274,1
535275,1
535276,0
535277,0
535278,1
535279,0
535280,0
535281,0
535282,0
535283,1
535284,0
535285,1
535286,0
535287,1
535288,0
535289,0
535290,1
535291,1
535292,0
535293,1
535294,1
535295,0
535296,0
535297,1
535298,0
535299,1
535300,1
535301,1
535302,0
535303,1
535304,0
535305,0
535306,1
535307,0
535308,1
535309,0
535310,1
535311,1
535312,0
535313,0
535314,1
535315,0
535316,0
535317,0
535318,1
535319,1
535320,0
535321,0
535322,0
535323,0
535324,1
535325,1
535326,0
535327,1
535328,0
535329,1
535330,0
535331,0
535332,0
535333,1
535334,0
535335,1
535336,1
535337,1
535338,0
535339,1
535340,1
535341,1
535342,0
535343,1
535344,0
535345,1
535346,0
535347,0
535348,1
535349,0
535350,0
535351,1
535352,1
535353,0
535354,1
535355,0
535356,0
535357,1
535358,1
535359,1
535360,1
535361,0
535362,1
535363,1
535364,0
535365,0
535366,0
535367,0
535368,1
535369,1
535370,0
535371,0
535372,0
535373,1
535374,0
535375,0
535376,0
535377,1
535378,1
535379,1
535380,0
535381,0
535382,0
535383,0
535384,1
535385,0
535386,0
535387,0
535388,1
535389,0
535390,0
535391,0
535392,1
535393,1
535394,1
535395,1
535396,0
535397,0
535398,0
535399,1
535400,1
535401,1
535402,0
535403,0
535404,0
535405,1
535406,0
535407,0
535408,0
535409,0
535410,0
535411,1
535412,1
535413,1
535414,0
535415,1
535416,0
535417,1
535418,1
535419,0
535420,1
535421,0
535422,1
535423,1
535424,0
535425,1
535426,0
535427,1
535428,0
535429,1
535430,0
535431,1
535432,1
535433,1
535434,1
535435,0
535436,0
535437,1
535438,1
535439,1
535440,1
535441,0
535442,0
535443,0
535444,0
535445,0
535446,0
535447,0
535448,1
535449,0
535450,1
535451,0
535452,1
535453,1
535454,1
535455,0
535456,1
535457,0
535458,0
535459,1
535460,1
535461,1
535462,0
535463,1
535464,1
535465,0
535466,1
535467,1
535468,1
535469,1
535470,0
535471,1
535472,0
535473,0
535474,1
535475,1
535476,0
535477,0
535478,0
535479,0
535480,0
535481,0
535482,1
535483,0
535484,0
535485,1
535486,0
535487,1
535488,0
535489,1
535490,0
535491,1
535492,1
535493,0
535494,1
535495,1
535496,1
535497,0
535498,0
535499,1
535500,1
535501,0
535502,1
535503,1
535504,1
535505,1
535506,1
535507,0
535508,1
535509,0
535510,1
535511,1
535512,0
535513,0
535514,0
535515,0
535516,0
535517,1
535518,1
535519,0
535520,1
535521,1
535522,1
535523,1
535524,1
535525,1
535526,1
535527,0
535528,0
535529,1
535530,1
535531,1
535532,0
535533,1
535534,1
535535,1
535536,0
535537,0
535538,0
535539,1
535540,1
535541,1
535542,0
535543,1
535544,0
535545,0
535546,1
535547,0
535548,0
535549,1
535550,1
535551,0
535552,0
535553,1
535554,0
535555,0
535556,1
535557,0
535558,0
535559,1
535560,0
535561,0
535562,1
535563,1
535564,1
535565,1
535566,1
535567,0
535568,0
535569,0
535570,1
535571,0
535572,1
535573,1
535574,0
535575,0
535576,0
535577,1
535578,0
535579,0
535580,0
535581,0
535582,1
535583,0
535584,0
535585,0
535586,1
535587,1
535588,1
535589,0
535590,1
535591,1
535592,0
535593,1
535594,0
535595,0
535596,1
535597,1
535598,1
535599,0
535600,0
535601,1
535602,0
535603,1
535604,1
535605,0
535606,1
535607,0
535608,0
535609,0
535610,0
535611,1
535612,0
535613,0
535614,1
535615,1
535616,0
535617,1
535618,1
535619,1
535620,1
535621,0
535622,1
535623,1
535624,1
535625,1
535626,0
535627,1
535628,1
535629,1
535630,1
535631,0
535632,0
535633,1
535634,1
535635,1
535636,1
535637,1
535638,0
535639,1
535640,1
535641,1
535642,0
535643,1
535644,1
535645,1
535646,0
535647,1
535648,1
535649,1
535650,1
535651,0
535652,1
535653,1
535654,1
535655,1
535656,1
535657,1
535658,1
535659,1
535660,1
535661,1
535662,1
535663,1
535664,1
535665,1
535666,0
535667,1
535668,0
535669,0
535670,1
535671,1
535672,1
535673,0
535674,1
535675,0
535676,0
535677,1
535678,1
535679,0
535680,1
535681,0
535682,1
535683,1
535684,1
535685,1
535686,1
535687,1
535688,0
535689,1
535690,1
535691,1
535692,1
535693,1
535694,1
535695,0
535696,1
535697,1
535698,1
535699,1
535700,1
535701,1
535702,1
535703,0
535704,1
535705,1
535706,1
535707,1
535708,1
535709,1
535710,1
535711,1
535712,1
535713,0
535714,0
535715,1
535716,0
535717,0
535718,1
535719,1
535720,1
535721,1
535722,0
535723,1
535724,1
535725,1
535726,1
535727,0
535728,0
535729,1
535730,0
535731,1
535732,0
535733,0
535734,1
535735,0
535736,1
535737,1
535738,1
535739,1
535740,1
535741,1
535742,1
535743,1
535744,1
535745,0
535746,1
535747,1
535748,0
535749,1
535750,1
535751,1
535752,1
535753,1
535754,1
535755,0
535756,0
535757,0
535758,0
535759,1
535760,0
535761,1
535762,1
535763,1
535764,0
535765,1
535766,1
535767,1
535768,1
535769,1
535770,1
535771,1
535772,1
535773,1
535774,1
535775,0
535776,0
535777,0
535778,0
535779,1
535780,1
535781,1
535782,1
535783,1
535784,1
535785,1
535786,1
535787,0
535788,1
535789,1
535790,0
535791,1
535792,1
535793,0
535794,1
535795,1
535796,1
535797,1
535798,0
535799,0
535800,1
535801,1
535802,0
535803,1
535804,1
535805,1
535806,1
535807,0
535808,1
535809,1
535810,1
535811,0
535812,1
535813,0
535814,1
535815,0
535816,0
535817,1
535818,0
535819,0
535820,0
535821,1
535822,1
535823,0
535824,0
535825,1
535826,1
535827,1
535828,1
535829,0
535830,1
535831,1
535832,0
535833,1
535834,1
535835,0
535836,1
535837,1
535838,1
535839,0
535840,0
535841,0
535842,1
535843,1
535844,1
535845,0
535846,1
535847,0
535848,1
535849,1
535850,1
535851,1
535852,1
535853,1
535854,1
535855,0
535856,1
535857,1
535858,1
535859,1
535860,1
535861,1
535862,1
535863,1
535864,1
535865,1
535866,1
535867,0
535868,0
535869,0
535870,0
535871,0
535872,1
535873,1
535874,1
535875,1
535876,1
535877,0
535878,1
535879,1
535880,1
535881,1
535882,1
535883,1
535884,0
535885,1
535886,0
535887,1
535888,0
535889,0
535890,0
535891,1
535892,1
535893,0
535894,1
535895,0
535896,1
535897,0
535898,1
535899,1
535900,0
535901,0
535902,0
535903,0
535904,0
535905,0
535906,1
535907,0
535908,0
535909,1
535910,0
535911,0
535912,0
535913,0
535914,0
535915,0
535916,1
535917,0
535918,0
535919,0
535920,0
535921,1
535922,1
535923,0
535924,0
535925,0
535926,0
535927,0
535928,0
535929,1
535930,0
535931,1
535932,1
535933,0
535934,1
535935,0
535936,0
535937,0
535938,1
535939,1
535940,0
535941,1
535942,0
535943,0
535944,0
535945,1
535946,0
535947,0
535948,1
535949,0
535950,0
535951,1
535952,1
535953,0
535954,0
535955,0
535956,0
535957,0
535958,0
535959,1
535960,1
535961,1
535962,0
535963,1
535964,1
535965,0
535966,1
535967,0
535968,1
535969,0
535970,0
535971,1
535972,0
535973,0
535974,0
535975,0
535976,1
535977,1
535978,0
535979,1
535980,0
535981,1
535982,0
535983,0
535984,0
535985,1
535986,0
535987,0
535988,1
535989,1
535990,1
535991,1
535992,1
535993,0
535994,1
535995,1
535996,1
535997,1
535998,1
535999,0
536000,1
536001,0
536002,1
536003,0
536004,0
536005,1
536006,0
536007,0
536008,0
536009,0
536010,1
536011,0
536012,1
536013,0
536014,0
536015,0
536016,0
536017,1
536018,0
536019,0
536020,1
536021,0
536022,0
536023,1
536024,0
536025,0
536026,1
536027,0
536028,0
536029,1
536030,0
536031,0
536032,1
536033,0
536034,1
536035,0
536036,0
536037,0
536038,0
536039,0
536040,0
536041,0
536042,1
536043,0
536044,1
536045,0
536046,0
536047,0
536048,0
536049,0
536050,0
536051,1
536052,0
536053,1
536054,0
536055,0
536056,0
536057,1
536058,0
536059,0
536060,0
536061,0
536062,0
536063,0
536064,0
536065,1
536066,1
536067,1
536068,1
536069,0
536070,0
536071,0
536072,0
536073,0
536074,0
536075,0
536076,0
536077,0
536078,0
536079,0
536080,0
536081,0
536082,0
536083,0
536084,0
536085,0
536086,1
536087,0
536088,1
536089,0
536090,1
536091,1
536092,1
536093,1
536094,0
536095,0
536096,0
536097,0
536098,1
536099,0
536100,0
536101,0
536102,1
536103,0
536104,0
536105,0
536106,0
536107,0
536108,1
536109,1
536110,0
536111,1
536112,0
536113,0
536114,0
536115,0
536116,0
536117,0
536118,0
536119,0
536120,0
536121,0
536122,0
536123,1
536124,0
536125,0
536126,0
536127,0
536128,1
536129,1
536130,0
536131,0
536132,0
536133,0
536134,1
536135,1
536136,0
536137,0
536138,0
536139,0
536140,0
536141,0
536142,0
536143,0
536144,0
536145,1
536146,0
536147,0
536148,0
536149,0
536150,0
536151,0
536152,1
536153,1
536154,1
536155,0
536156,0
536157,0
536158,0
536159,1
536160,0
536161,0
536162,0
536163,0
536164,0
536165,1
536166,0
536167,0
536168,0
536169,0
536170,0
536171,0
536172,0
536173,0
536174,0
536175,1
536176,1
536177,1
536178,0
536179,0
536180,0
536181,1
536182,0
536183,1
536184,1
536185,0
536186,1
536187,0
536188,0
536189,0
536190,0
536191,1
536192,1
536193,0
536194,0
536195,1
536196,0
536197,1
536198,0
536199,1
536200,0
536201,0
536202,0
536203,1
536204,0
536205,0
536206,0
536207,0
536208,0
536209,0
536210,1
536211,0
536212,1
536213,0
536214,0
536215,0
536216,0
536217,1
536218,0
536219,0
536220,1
536221,1
536222,1
536223,0
536224,0
536225,1
536226,1
536227,1
536228,0
536229,1
536230,1
536231,0
536232,0
536233,0
536234,0
536235,0
536236,0
536237,0
536238,1
536239,0
536240,0
536241,0
536242,0
536243,0
536244,0
536245,0
536246,0
536247,0
536248,0
536249,0
536250,1
536251,0
536252,0
536253,1
536254,0
536255,1
536256,0
536257,0
536258,0
536259,0
536260,0
536261,1
536262,1
536263,0
536264,0
536265,0
536266,0
536267,1
536268,0
536269,0
536270,0
536271,0
536272,0
536273,1
536274,1
536275,0
536276,0
536277,0
536278,1
536279,0
536280,1
536281,0
536282,0
536283,0
536284,0
536285,0
536286,0
536287,0
536288,1
536289,0
536290,0
536291,1
536292,0
536293,1
536294,1
536295,1
536296,0
536297,0
536298,0
536299,0
536300,1
536301,0
536302,0
536303,0
536304,1
536305,0
536306,1
536307,0
536308,0
536309,0
536310,0
536311,1
536312,0
536313,0
536314,0
536315,0
536316,1
536317,1
536318,0
536319,0
536320,0
536321,0
536322,0
536323,0
536324,0
536325,0
536326,0
536327,1
536328,0
536329,0
536330,0
536331,0
536332,0
536333,0
536334,0
536335,0
536336,1
536337,0
536338,0
536339,1
536340,0
536341,1
536342,1
536343,0
536344,1
536345,1
536346,0
536347,1
536348,0
536349,0
536350,0
536351,0
536352,0
536353,0
536354,1
536355,0
536356,0
536357,0
536358,0
536359,0
536360,0
536361,1
536362,0
536363,0
536364,1
536365,0
536366,0
536367,1
536368,0
536369,0
536370,1
536371,0
536372,0
536373,1
536374,1
536375,0
536376,0
536377,1
536378,1
536379,0
536380,1
536381,1
536382,1
536383,1
536384,1
536385,0
536386,1
536387,1
536388,0
536389,0
536390,0
536391,0
536392,1
536393,0
536394,1
536395,1
536396,1
536397,1
536398,0
536399,1
536400,0
536401,1
536402,0
536403,1
536404,0
536405,0
536406,1
536407,1
536408,1
536409,1
536410,0
536411,1
536412,1
536413,0
536414,1
536415,0
536416,1
536417,0
536418,1
536419,0
536420,1
536421,1
536422,0
536423,0
536424,0
536425,0
536426,0
536427,0
536428,0
536429,0
536430,1
536431,1
536432,1
536433,0
536434,1
536435,1
536436,1
536437,1
536438,0
536439,0
536440,0
536441,1
536442,1
536443,0
536444,1
536445,0
536446,0
536447,0
536448,1
536449,1
536450,0
536451,1
536452,1
536453,0
536454,1
536455,0
536456,0
536457,0
536458,1
536459,1
536460,1
536461,1
536462,0
536463,0
536464,1
536465,0
536466,0
536467,1
536468,0
536469,1
536470,1
536471,0
536472,0
536473,0
536474,1
536475,1
536476,1
536477,1
536478,1
536479,1
536480,1
536481,0
536482,1
536483,0
536484,0
536485,1
536486,0
536487,0
536488,1
536489,1
536490,0
536491,0
536492,1
536493,1
536494,0
536495,1
536496,1
536497,1
536498,0
536499,1
536500,0
536501,0
536502,0
536503,1
536504,0
536505,1
536506,1
536507,0
536508,0
536509,0
536510,0
536511,1
536512,0
536513,1
536514,1
536515,0
536516,0
536517,1
536518,1
536519,1
536520,0
536521,0
536522,0
536523,0
536524,0
536525,0
536526,0
536527,0
536528,0
536529,0
536530,1
536531,0
536532,0
536533,0
536534,1
536535,0
536536,0
536537,0
536538,1
536539,0
536540,1
536541,0
536542,1
536543,1
536544,0
536545,0
536546,0
536547,1
536548,0
536549,0
536550,0
536551,0
536552,0
536553,1
536554,1
536555,1
536556,0
536557,0
536558,0
536559,1
536560,1
536561,1
536562,1
536563,1
536564,0
536565,1
536566,1
536567,1
536568,0
536569,1
536570,0
536571,1
536572,0
536573,1
536574,1
536575,0
536576,1
536577,1
536578,0
536579,0
536580,1
536581,0
536582,0
536583,1
536584,1
536585,0
536586,0
536587,0
536588,0
536589,0
536590,0
536591,0
536592,1
536593,0
536594,0
536595,0
536596,1
536597,0
536598,0
536599,0
536600,1
536601,1
536602,0
536603,0
536604,0
536605,0
536606,0
536607,1
536608,0
536609,1
536610,0
536611,0
536612,1
536613,0
536614,0
536615,0
536616,0
536617,1
536618,0
536619,0
536620,1
536621,1
536622,1
536623,1
536624,0
536625,1
536626,1
536627,1
536628,1
536629,0
536630,0
536631,0
536632,0
536633,1
536634,0
536635,0
536636,0
536637,1
536638,1
536639,1
536640,1
536641,1
536642,1
536643,0
536644,1
536645,0
536646,1
536647,0
536648,0
536649,0
536650,1
536651,0
536652,1
536653,0
536654,1
536655,1
536656,1
536657,0
536658,1
536659,1
536660,0
536661,1
536662,1
536663,1
536664,1
536665,1
536666,1
536667,0
536668,1
536669,1
536670,1
536671,0
536672,1
536673,0
536674,1
536675,1
536676,0
536677,0
536678,0
536679,1
536680,1
536681,1
536682,1
536683,1
536684,0
536685,0
536686,0
536687,1
536688,1
536689,0
536690,1
536691,1
536692,1
536693,1
536694,0
536695,1
536696,1
536697,1
536698,0
536699,1
536700,0
536701,1
536702,0
536703,0
536704,1
536705,1
536706,0
536707,1
536708,1
536709,0
536710,1
536711,1
536712,1
536713,1
536714,1
536715,1
536716,1
536717,0
536718,0
536719,1
536720,0
536721,0
536722,1
536723,1
536724,1
536725,1
536726,1
536727,0
536728,0
536729,0
536730,1
536731,0
536732,1
536733,1
536734,1
536735,1
536736,0
536737,1
536738,0
536739,1
536740,1
536741,0
536742,0
536743,0
536744,0
536745,1
536746,1
536747,1
536748,0
536749,1
536750,0
536751,0
536752,1
536753,1
536754,0
536755,1
536756,0
536757,1
536758,0
536759,1
536760,0
536761,1
536762,1
536763,1
536764,1
536765,0
536766,0
536767,1
536768,1
536769,0
536770,0
536771,0
536772,1
536773,1
536774,1
536775,0
536776,1
536777,0
536778,0
536779,1
536780,1
536781,0
536782,1
536783,1
536784,1
536785,1
536786,1
536787,0
536788,1
536789,0
536790,1
536791,0
536792,1
536793,0
536794,0
536795,1
536796,1
536797,1
536798,1
536799,1
536800,1
536801,0
536802,1
536803,0
536804,1
536805,0
536806,1
536807,0
536808,1
536809,0
536810,0
536811,1
536812,1
536813,1
536814,1
536815,1
536816,1
536817,1
536818,1
536819,0
536820,0
536821,0
536822,0
536823,1
536824,1
536825,0
536826,1
536827,1
536828,1
536829,1
536830,1
536831,1
536832,0
536833,0
536834,1
536835,0
536836,0
536837,0
536838,0
536839,0
536840,0
536841,1
536842,0
536843,0
536844,1
536845,0
536846,0
536847,1
536848,1
536849,1
536850,0
536851,1
536852,1
536853,0
536854,1
536855,1
536856,1
536857,0
536858,0
536859,1
536860,0
536861,1
536862,0
536863,1
536864,1
536865,0
536866,1
536867,0
536868,1
536869,1
536870,1
536871,1
536872,1
536873,0
536874,1
536875,1
536876,0
536877,1
536878,1
536879,0
536880,1
536881,1
536882,1
536883,1
536884,1
536885,1
536886,1
536887,1
536888,1
536889,0
536890,1
536891,1
536892,0
536893,1
536894,1
536895,1
536896,1
536897,1
536898,1
536899,1
536900,1
536901,1
536902,0
536903,1
536904,1
536905,1
536906,1
536907,1
536908,0
536909,1
536910,0
536911,1
536912,1
536913,1
536914,1
536915,0
536916,1
536917,0
536918,0
536919,0
536920,0
536921,1
536922,1
536923,1
536924,0
536925,0
536926,1
536927,1
536928,1
536929,0
536930,0
536931,1
536932,0
536933,1
536934,1
536935,1
536936,1
536937,1
536938,1
536939,1
536940,1
536941,1
536942,1
536943,1
536944,1
536945,1
536946,0
536947,1
536948,0
536949,1
536950,1
536951,0
536952,1
536953,0
536954,1
536955,0
536956,1
536957,0
536958,1
536959,0
536960,1
536961,0
536962,0
536963,1
536964,1
536965,1
536966,1
536967,1
536968,1
536969,1
536970,1
536971,1
536972,0
536973,1
536974,0
536975,0
536976,0
536977,1
536978,1
536979,1
536980,1
536981,1
536982,1
536983,1
536984,1
536985,1
536986,1
536987,1
536988,0
536989,1
536990,1
536991,1
536992,1
536993,1
536994,0
536995,1
536996,1
536997,1
536998,1
536999,0
537000,0
537001,0
537002,0
537003,1
537004,1
537005,1
537006,1
537007,0
537008,1
537009,0
537010,1
537011,0
537012,1
537013,1
537014,1
537015,1
537016,0
537017,1
537018,1
537019,0
537020,1
537021,0
537022,1
537023,0
537024,1
537025,1
537026,1
537027,0
537028,1
537029,1
537030,1
537031,1
537032,1
537033,0
537034,1
537035,1
537036,1
537037,1
537038,0
537039,0
537040,1
537041,0
537042,1
537043,0
537044,1
537045,1
537046,1
537047,1
537048,1
537049,1
537050,1
537051,1
537052,0
537053,0
537054,1
537055,1
537056,1
537057,1
537058,0
537059,0
537060,1
537061,1
537062,1
537063,0
537064,1
537065,0
537066,1
537067,1
537068,1
537069,1
537070,0
537071,0
537072,1
537073,1
537074,1
537075,0
537076,1
537077,1
537078,0
537079,1
537080,1
537081,0
537082,1
537083,1
537084,0
537085,0
537086,1
537087,0
537088,1
537089,1
537090,0
537091,0
537092,0
537093,1
537094,0
537095,1
537096,1
537097,1
537098,1
537099,0
537100,1
537101,1
537102,0
537103,1
537104,1
537105,1
537106,1
537107,1
537108,1
537109,1
537110,1
537111,1
537112,0
537113,0
537114,1
537115,1
537116,1
537117,0
537118,1
537119,1
537120,0
537121,1
537122,1
537123,1
537124,0
537125,0
537126,1
537127,1
537128,1
537129,1
537130,1
537131,0
537132,1
537133,1
537134,1
537135,1
537136,1
537137,1
537138,0
537139,1
537140,0
537141,0
537142,1
537143,1
537144,1
537145,0
537146,1
537147,1
537148,1
537149,0
537150,0
537151,1
537152,0
537153,0
537154,1
537155,0
537156,1
537157,0
537158,1
537159,1
537160,1
537161,0
537162,1
537163,0
537164,1
537165,0
537166,1
537167,1
537168,0
537169,0
537170,0
537171,1
537172,1
537173,1
537174,1
537175,1
537176,1
537177,0
537178,0
537179,1
537180,0
537181,1
537182,1
537183,1
537184,0
537185,1
537186,0
537187,1
537188,1
537189,0
537190,0
537191,0
537192,1
537193,0
537194,1
537195,0
537196,0
537197,0
537198,1
537199,1
537200,1
537201,0
537202,1
537203,1
537204,1
537205,1
537206,0
537207,1
537208,1
537209,0
537210,1
537211,1
537212,0
537213,1
537214,1
537215,1
537216,1
537217,1
537218,1
537219,1
537220,1
537221,1
537222,1
537223,0
537224,1
537225,1
537226,1
537227,1
537228,0
537229,1
537230,1
537231,0
537232,0
537233,0
537234,0
537235,1
537236,0
537237,1
537238,1
537239,1
537240,1
537241,0
537242,1
537243,1
537244,1
537245,1
537246,0
537247,1
537248,0
537249,1
537250,0
537251,0
537252,0
537253,0
537254,1
537255,0
537256,1
537257,1
537258,1
537259,1
537260,1
537261,1
537262,0
537263,1
537264,0
537265,1
537266,1
537267,0
537268,1
537269,0
537270,0
537271,0
537272,1
537273,1
537274,1
537275,1
537276,0
537277,1
537278,0
537279,1
537280,1
537281,0
537282,1
537283,0
537284,1
537285,0
537286,0
537287,1
537288,0
537289,0
537290,0
537291,0
537292,1
537293,0
537294,1
537295,1
537296,0
537297,1
537298,1
537299,1
537300,0
537301,0
537302,1
537303,0
537304,1
537305,1
537306,1
537307,1
537308,0
537309,1
537310,0
537311,1
537312,1
537313,0
537314,1
537315,0
537316,1
537317,0
537318,0
537319,0
537320,1
537321,1
537322,0
537323,1
537324,1
537325,1
537326,0
537327,1
537328,1
537329,0
537330,1
537331,0
537332,1
537333,0
537334,0
537335,1
537336,0
537337,0
537338,1
537339,1
537340,1
537341,1
537342,0
537343,1
537344,1
537345,1
537346,0
537347,0
537348,1
537349,1
537350,1
537351,1
537352,0
537353,1
537354,0
537355,1
537356,1
537357,1
537358,1
537359,0
537360,1
537361,0
537362,0
537363,1
537364,0
537365,1
537366,0
537367,1
537368,0
537369,1
537370,1
537371,0
537372,1
537373,0
537374,0
537375,1
537376,0
537377,0
537378,1
537379,0
537380,0
537381,1
537382,1
537383,0
537384,0
537385,0
537386,0
537387,1
537388,0
537389,0
537390,1
537391,0
537392,1
537393,1
537394,0
537395,0
537396,1
537397,1
537398,1
537399,1
537400,0
537401,0
537402,0
537403,0
537404,0
537405,1
537406,1
537407,1
537408,1
537409,1
537410,0
537411,0
537412,1
537413,0
537414,0
537415,0
537416,1
537417,1
537418,1
537419,1
537420,1
537421,1
537422,1
537423,1
537424,0
537425,0
537426,1
537427,1
537428,1
537429,0
537430,1
537431,1
537432,1
537433,1
537434,1
537435,0
537436,1
537437,0
537438,1
537439,0
537440,1
537441,1
537442,0
537443,0
537444,1
537445,0
537446,0
537447,1
537448,1
537449,1
537450,1
537451,1
537452,1
537453,1
537454,1
537455,1
537456,1
537457,1
537458,0
537459,1
537460,1
537461,1
537462,1
537463,1
537464,0
537465,1
537466,1
537467,0
537468,1
537469,1
537470,0
537471,1
537472,1
537473,1
537474,1
537475,1
537476,1
537477,1
537478,1
537479,1
537480,1
537481,1
537482,1
537483,1
537484,1
537485,1
537486,1
537487,1
537488,1
537489,1
537490,1
537491,1
537492,0
537493,0
537494,1
537495,0
537496,1
537497,1
537498,1
537499,1
537500,1
537501,1
537502,1
537503,1
537504,1
537505,1
537506,1
537507,1
537508,1
537509,0
537510,0
537511,0
537512,1
537513,1
537514,1
537515,1
537516,1
537517,1
537518,1
537519,0
537520,1
537521,0
537522,1
537523,1
537524,1
537525,1
537526,1
537527,1
537528,1
537529,1
537530,1
537531,1
537532,1
537533,0
537534,1
537535,1
537536,1
537537,0
537538,1
537539,1
537540,0
537541,1
537542,0
537543,0
537544,1
537545,0
537546,1
537547,0
537548,1
537549,1
537550,0
537551,1
537552,1
537553,1
537554,1
537555,1
537556,1
537557,1
537558,1
537559,0
537560,1
537561,0
537562,0
537563,1
537564,0
537565,1
537566,0
537567,0
537568,0
537569,0
537570,1
537571,1
537572,0
537573,1
537574,1
537575,0
537576,1
537577,1
537578,1
537579,1
537580,1
537581,0
537582,1
537583,0
537584,1
537585,1
537586,1
537587,1
537588,1
537589,1
537590,0
537591,1
537592,1
537593,1
537594,1
537595,1
537596,0
537597,0
537598,1
537599,1
537600,1
537601,0
537602,1
537603,1
537604,1
537605,0
537606,1
537607,1
537608,1
537609,0
537610,1
537611,1
537612,1
537613,0
537614,1
537615,1
537616,1
537617,1
537618,1
537619,1
537620,0
537621,1
537622,0
537623,0
537624,1
537625,1
537626,1
537627,1
537628,0
537629,1
537630,1
537631,1
537632,0
537633,1
537634,1
537635,1
537636,1
537637,0
537638,1
537639,1
537640,0
537641,1
537642,0
537643,1
537644,1
537645,1
537646,1
537647,1
537648,0
537649,0
537650,1
537651,1
537652,1
537653,0
537654,0
537655,1
537656,1
537657,1
537658,1
537659,0
537660,1
537661,1
537662,1
537663,0
537664,1
537665,0
537666,1
537667,1
537668,1
537669,1
537670,1
537671,1
537672,1
537673,1
537674,1
537675,1
537676,1
537677,1
537678,0
537679,0
537680,1
537681,1
537682,1
537683,1
537684,1
537685,1
537686,1
537687,1
537688,0
537689,1
537690,1
537691,1
537692,1
537693,1
537694,1
537695,0
537696,0
537697,0
537698,1
537699,0
537700,1
537701,0
537702,0
537703,0
537704,0
537705,0
537706,0
537707,1
537708,0
537709,0
537710,0
537711,1
537712,0
537713,0
537714,0
537715,0
537716,1
537717,1
537718,0
537719,0
537720,0
537721,0
537722,1
537723,1
537724,1
537725,0
537726,0
537727,0
537728,0
537729,0
537730,0
537731,0
537732,1
537733,0
537734,1
537735,0
537736,0
537737,0
537738,0
537739,0
537740,0
537741,0
537742,0
537743,1
537744,1
537745,0
537746,0
537747,1
537748,0
537749,0
537750,0
537751,1
537752,1
537753,0
537754,1
537755,0
537756,1
537757,0
537758,0
537759,0
537760,0
537761,0
537762,0
537763,1
537764,1
537765,0
537766,1
537767,0
537768,0
537769,0
537770,0
537771,0
537772,0
537773,0
537774,0
537775,1
537776,1
537777,0
537778,1
537779,1
537780,0
537781,0
537782,0
537783,0
537784,1
537785,0
537786,0
537787,0
537788,0
537789,1
537790,0
537791,1
537792,0
537793,0
537794,0
537795,0
537796,0
537797,0
537798,0
537799,0
537800,1
537801,0
537802,0
537803,0
537804,0
537805,0
537806,0
537807,0
537808,0
537809,1
537810,0
537811,1
537812,1
537813,0
537814,0
537815,0
537816,1
537817,0
537818,0
537819,0
537820,1
537821,0
537822,0
537823,0
537824,0
537825,0
537826,0
537827,0
537828,1
537829,0
537830,0
537831,1
537832,0
537833,0
537834,0
537835,0
537836,0
537837,1
537838,0
537839,0
537840,0
537841,0
537842,1
537843,0
537844,1
537845,0
537846,0
537847,0
537848,1
537849,0
537850,0
537851,1
537852,1
537853,0
537854,1
537855,0
537856,0
537857,0
537858,0
537859,1
537860,0
537861,0
537862,0
537863,0
537864,0
537865,1
537866,1
537867,1
537868,0
537869,1
537870,1
537871,1
537872,1
537873,0
537874,0
537875,1
537876,0
537877,1
537878,0
537879,0
537880,1
537881,0
537882,0
537883,1
537884,0
537885,0
537886,0
537887,0
537888,0
537889,0
537890,0
537891,0
537892,1
537893,0
537894,0
537895,0
537896,0
537897,1
537898,0
537899,0
537900,0
537901,0
537902,0
537903,0
537904,0
537905,0
537906,0
537907,1
537908,0
537909,0
537910,0
537911,0
537912,0
537913,0
537914,1
537915,1
537916,0
537917,0
537918,0
537919,0
537920,0
537921,1
537922,1
537923,0
537924,0
537925,0
537926,0
537927,0
537928,1
537929,1
537930,1
537931,0
537932,1
537933,0
537934,0
537935,0
537936,0
537937,0
537938,0
537939,0
537940,0
537941,0
537942,0
537943,0
537944,0
537945,1
537946,0
537947,0
537948,0
537949,0
537950,0
537951,0
537952,1
537953,0
537954,0
537955,1
537956,1
537957,0
537958,0
537959,0
537960,0
537961,0
537962,0
537963,0
537964,0
537965,0
537966,0
537967,0
537968,0
537969,0
537970,0
537971,0
537972,0
537973,0
537974,1
537975,1
537976,1
537977,0
537978,0
537979,0
537980,0
537981,1
537982,1
537983,0
537984,1
537985,1
537986,0
537987,1
537988,0
537989,0
537990,1
537991,1
537992,1
537993,0
537994,0
537995,0
537996,0
537997,1
537998,1
537999,0
538000,1
538001,0
538002,1
538003,0
538004,0
538005,0
538006,0
538007,0
538008,1
538009,1
538010,0
538011,0
538012,1
538013,0
538014,0
538015,1
538016,1
538017,1
538018,0
538019,1
538020,0
538021,1
538022,1
538023,0
538024,0
538025,1
538026,1
538027,0
538028,0
538029,1
538030,0
538031,0
538032,0
538033,1
538034,0
538035,0
538036,1
538037,1
538038,1
538039,0
538040,1
538041,0
538042,1
538043,1
538044,1
538045,0
538046,0
538047,0
538048,0
538049,1
538050,0
538051,1
538052,0
538053,1
538054,1
538055,0
538056,1
538057,1
538058,0
538059,0
538060,0
538061,0
538062,0
538063,0
538064,1
538065,1
538066,1
538067,0
538068,0
538069,0
538070,1
538071,0
538072,1
538073,0
538074,1
538075,0
538076,0
538077,1
538078,0
538079,0
538080,0
538081,0
538082,1
538083,1
538084,1
538085,0
538086,0
538087,0
538088,0
538089,0
538090,0
538091,0
538092,1
538093,1
538094,0
538095,0
538096,0
538097,1
538098,0
538099,1
538100,0
538101,0
538102,0
538103,1
538104,0
538105,0
538106,0
538107,0
538108,0
538109,1
538110,1
538111,0
538112,1
538113,0
538114,1
538115,1
538116,0
538117,0
538118,1
538119,0
538120,0
538121,0
538122,0
538123,0
538124,0
538125,0
538126,0
538127,0
538128,1
538129,0
538130,0
538131,0
538132,0
538133,1
538134,0
538135,1
538136,0
538137,0
538138,0
538139,1
538140,1
538141,0
538142,0
538143,1
538144,0
538145,0
538146,0
538147,1
538148,1
538149,0
538150,1
538151,0
538152,1
538153,1
538154,1
538155,0
538156,0
538157,0
538158,0
538159,0
538160,1
538161,1
538162,0
538163,1
538164,0
538165,0
538166,1
538167,1
538168,0
538169,1
538170,1
538171,1
538172,0
538173,0
538174,1
538175,0
538176,0
538177,1
538178,1
538179,1
538180,0
538181,0
538182,1
538183,0
538184,1
538185,0
538186,1
538187,0
538188,0
538189,0
538190,0
538191,1
538192,0
538193,1
538194,0
538195,0
538196,0
538197,0
538198,1
538199,0
538200,0
538201,0
538202,1
538203,0
538204,1
538205,0
538206,1
538207,1
538208,1
538209,0
538210,1
538211,0
538212,0
538213,0
538214,0
538215,0
538216,0
538217,0
538218,1
538219,0
538220,1
538221,0
538222,0
538223,1
538224,0
538225,1
538226,1
538227,1
538228,0
538229,1
538230,1
538231,1
538232,0
538233,0
538234,1
538235,0
538236,1
538237,1
538238,0
538239,0
538240,1
538241,1
538242,0
538243,0
538244,1
538245,0
538246,0
538247,1
538248,0
538249,1
538250,1
538251,1
538252,1
538253,1
538254,0
538255,0
538256,1
538257,1
538258,1
538259,0
538260,1
538261,1
538262,1
538263,0
538264,1
538265,0
538266,1
538267,1
538268,1
538269,1
538270,1
538271,0
538272,0
538273,0
538274,0
538275,0
538276,1
538277,1
538278,1
538279,0
538280,0
538281,1
538282,0
538283,0
538284,0
538285,1
538286,1
538287,0
538288,0
538289,1
538290,1
538291,1
538292,0
538293,0
538294,0
538295,1
538296,1
538297,1
538298,0
538299,0
538300,1
538301,1
538302,0
538303,0
538304,0
538305,1
538306,0
538307,0
538308,0
538309,1
538310,0
538311,0
538312,0
538313,1
538314,1
538315,0
538316,0
538317,1
538318,1
538319,1
538320,0
538321,0
538322,0
538323,1
538324,1
538325,0
538326,1
538327,1
538328,1
538329,1
538330,1
538331,1
538332,0
538333,1
538334,1
538335,1
538336,0
538337,1
538338,1
538339,1
538340,0
538341,0
538342,0
538343,0
538344,0
538345,1
538346,1
538347,1
538348,1
538349,1
538350,1
538351,0
538352,1
538353,1
538354,0
538355,1
538356,0
538357,0
538358,1
538359,0
538360,1
538361,1
538362,0
538363,1
538364,0
538365,0
538366,1
538367,1
538368,0
538369,1
538370,1
538371,1
538372,1
538373,1
538374,1
538375,0
538376,1
538377,0
538378,1
538379,1
538380,1
538381,0
538382,1
538383,1
538384,1
538385,1
538386,0
538387,0
538388,1
538389,1
538390,1
538391,0
538392,0
538393,0
538394,1
538395,1
538396,0
538397,1
538398,0
538399,1
538400,1
538401,0
538402,1
538403,1
538404,1
538405,0
538406,0
538407,1
538408,1
538409,0
538410,1
538411,0
538412,1
538413,1
538414,0
538415,1
538416,1
538417,0
538418,0
538419,0
538420,0
538421,0
538422,1
538423,1
538424,1
538425,0
538426,1
538427,1
538428,1
538429,0
538430,0
538431,1
538432,0
538433,1
538434,1
538435,0
538436,1
538437,1
538438,1
538439,0
538440,0
538441,1
538442,0
538443,1
538444,0
538445,0
538446,1
538447,1
538448,0
538449,0
538450,1
538451,1
538452,0
538453,1
538454,1
538455,1
538456,1
538457,0
538458,0
538459,0
538460,1
538461,1
538462,0
538463,0
538464,0
538465,0
538466,1
538467,1
538468,0
538469,1
538470,1
538471,1
538472,1
538473,0
538474,0
538475,0
538476,1
538477,1
538478,1
538479,1
538480,0
538481,1
538482,0
538483,1
538484,1
538485,1
538486,1
538487,0
538488,1
538489,1
538490,0
538491,1
538492,1
538493,0
538494,0
538495,0
538496,1
538497,1
538498,1
538499,1
538500,0
538501,0
538502,1
538503,0
538504,0
538505,0
538506,0
538507,0
538508,1
538509,0
538510,0
538511,0
538512,1
538513,1
538514,0
538515,1
538516,1
538517,1
538518,1
538519,1
538520,1
538521,1
538522,1
538523,0
538524,1
538525,0
538526,0
538527,0
538528,0
538529,0
538530,1
538531,1
538532,1
538533,0
538534,0
538535,0
538536,1
538537,1
538538,1
538539,1
538540,1
538541,1
538542,0
538543,0
538544,0
538545,0
538546,0
538547,1
538548,1
538549,0
538550,0
538551,1
538552,1
538553,0
538554,1
538555,0
538556,1
538557,0
538558,0
538559,0
538560,1
538561,0
538562,0
538563,0
538564,1
538565,1
538566,1
538567,0
538568,1
538569,0
538570,0
538571,1
538572,1
538573,1
538574,0
538575,0
538576,1
538577,1
538578,0
538579,0
538580,1
538581,0
538582,1
538583,1
538584,0
538585,0
538586,0
538587,1
538588,1
538589,0
538590,0
538591,0
538592,1
538593,0
538594,1
538595,0
538596,1
538597,0
538598,0
538599,1
538600,1
538601,0
538602,0
538603,0
538604,0
538605,1
538606,0
538607,0
538608,0
538609,1
538610,0
538611,1
538612,0
538613,0
538614,0
538615,0
538616,0
538617,1
538618,0
538619,0
538620,1
538621,1
538622,0
538623,1
538624,1
538625,0
538626,0
538627,0
538628,1
538629,0
538630,1
538631,0
538632,0
538633,1
538634,0
538635,1
538636,0
538637,0
538638,1
538639,1
538640,0
538641,1
538642,0
538643,1
538644,1
538645,1
538646,0
538647,0
538648,1
538649,0
538650,0
538651,1
538652,0
538653,0
538654,1
538655,1
538656,0
538657,1
538658,1
538659,1
538660,0
538661,1
538662,0
538663,0
538664,0
538665,0
538666,1
538667,0
538668,0
538669,0
538670,0
538671,1
538672,1
538673,1
538674,1
538675,0
538676,1
538677,0
538678,0
538679,0
538680,0
538681,1
538682,0
538683,0
538684,0
538685,1
538686,1
538687,0
538688,0
538689,0
538690,0
538691,1
538692,1
538693,0
538694,0
538695,0
538696,1
538697,0
538698,0
538699,1
538700,0
538701,0
538702,0
538703,0
538704,0
538705,1
538706,1
538707,0
538708,0
538709,1
538710,1
538711,0
538712,1
538713,0
538714,0
538715,0
538716,0
538717,0
538718,0
538719,0
538720,0
538721,0
538722,1
538723,0
538724,1
538725,1
538726,1
538727,0
538728,1
538729,0
538730,1
538731,0
538732,0
538733,1
538734,0
538735,0
538736,0
538737,0
538738,1
538739,0
538740,1
538741,0
538742,1
538743,1
538744,0
538745,0
538746,0
538747,0
538748,0
538749,0
538750,0
538751,0
538752,1
538753,0
538754,0
538755,1
538756,0
538757,0
538758,1
538759,1
538760,1
538761,0
538762,0
538763,1
538764,1
538765,0
538766,1
538767,1
538768,1
538769,0
538770,0
538771,0
538772,0
538773,1
538774,0
538775,1
538776,0
538777,0
538778,0
538779,0
538780,1
538781,1
538782,1
538783,0
538784,0
538785,0
538786,1
538787,1
538788,0
538789,0
538790,0
538791,0
538792,1
538793,1
538794,0
538795,0
538796,1
538797,0
538798,0
538799,1
538800,1
538801,1
538802,0
538803,1
538804,0
538805,1
538806,0
538807,0
538808,1
538809,0
538810,1
538811,1
538812,0
538813,0
538814,0
538815,0
538816,0
538817,0
538818,0
538819,0
538820,1
538821,0
538822,1
538823,1
538824,0
538825,1
538826,0
538827,1
538828,0
538829,1
538830,1
538831,0
538832,1
538833,0
538834,0
538835,0
538836,0
538837,1
538838,1
538839,0
538840,0
538841,1
538842,1
538843,1
538844,1
538845,1
538846,1
538847,0
538848,0
538849,1
538850,0
538851,0
538852,0
538853,1
538854,0
538855,0
538856,0
538857,1
538858,0
538859,0
538860,1
538861,0
538862,0
538863,0
538864,1
538865,1
538866,0
538867,0
538868,0
538869,0
538870,1
538871,1
538872,0
538873,0
538874,1
538875,0
538876,0
538877,1
538878,0
538879,1
538880,1
538881,0
538882,1
538883,0
538884,1
538885,0
538886,0
538887,1
538888,1
538889,0
538890,1
538891,0
538892,1
538893,1
538894,1
538895,1
538896,0
538897,1
538898,0
538899,0
538900,0
538901,0
538902,0
538903,1
538904,0
538905,1
538906,1
538907,0
538908,1
538909,1
538910,0
538911,1
538912,0
538913,1
538914,0
538915,1
538916,0
538917,0
538918,1
538919,0
538920,1
538921,0
538922,1
538923,1
538924,0
538925,0
538926,0
538927,0
538928,1
538929,0
538930,0
538931,1
538932,0
538933,0
538934,1
538935,1
538936,1
538937,1
538938,1
538939,1
538940,1
538941,1
538942,0
538943,0
538944,0
538945,0
538946,0
538947,1
538948,0
538949,0
538950,0
538951,1
538952,0
538953,0
538954,0
538955,0
538956,0
538957,0
538958,1
538959,0
538960,0
538961,0
538962,0
538963,1
538964,1
538965,1
538966,0
538967,0
538968,0
538969,0
538970,0
538971,1
538972,0
538973,0
538974,0
538975,0
538976,0
538977,1
538978,0
538979,1
538980,1
538981,0
538982,1
538983,0
538984,0
538985,0
538986,0
538987,1
538988,0
538989,1
538990,0
538991,0
538992,1
538993,0
538994,0
538995,1
538996,0
538997,1
538998,0
538999,1
539000,1
539001,0
539002,0
539003,0
539004,1
539005,1
539006,1
539007,1
539008,0
539009,0
539010,0
539011,0
539012,0
539013,1
539014,0
539015,0
539016,0
539017,1
539018,0
539019,0
539020,0
539021,0
539022,1
539023,0
539024,0
539025,0
539026,1
539027,0
539028,0
539029,1
539030,0
539031,0
539032,0
539033,1
539034,0
539035,1
539036,0
539037,0
539038,1
539039,0
539040,0
539041,0
539042,0
539043,1
539044,0
539045,0
539046,0
539047,0
539048,1
539049,0
539050,0
539051,1
539052,0
539053,0
539054,0
539055,0
539056,0
539057,0
539058,1
539059,1
539060,1
539061,0
539062,0
539063,0
539064,1
539065,1
539066,1
539067,1
539068,0
539069,1
539070,1
539071,0
539072,1
539073,1
539074,0
539075,1
539076,0
539077,1
539078,1
539079,0
539080,1
539081,0
539082,0
539083,0
539084,1
539085,0
539086,1
539087,1
539088,1
539089,0
539090,0
539091,0
539092,0
539093,1
539094,0
539095,1
539096,0
539097,0
539098,1
539099,1
539100,0
539101,0
539102,1
539103,1
539104,1
539105,0
539106,1
539107,0
539108,1
539109,0
539110,1
539111,0
539112,0
539113,0
539114,1
539115,1
539116,1
539117,1
539118,0
539119,1
539120,1
539121,1
539122,0
539123,0
539124,0
539125,0
539126,1
539127,1
539128,0
539129,0
539130,0
539131,1
539132,1
539133,1
539134,0
539135,0
539136,1
539137,1
539138,0
539139,0
539140,0
539141,0
539142,1
539143,0
539144,1
539145,1
539146,1
539147,1
539148,1
539149,1
539150,1
539151,0
539152,1
539153,0
539154,0
539155,0
539156,1
539157,1
539158,0
539159,1
539160,0
539161,1
539162,1
539163,0
539164,0
539165,1
539166,1
539167,0
539168,0
539169,0
539170,1
539171,0
539172,0
539173,0
539174,0
539175,0
539176,1
539177,1
539178,1
539179,1
539180,0
539181,0
539182,0
539183,0
539184,1
539185,0
539186,1
539187,0
539188,1
539189,1
539190,1
539191,0
539192,1
539193,0
539194,0
539195,1
539196,1
539197,0
539198,0
539199,1
539200,0
539201,0
539202,1
539203,0
539204,0
539205,1
539206,0
539207,0
539208,1
539209,0
539210,0
539211,1
539212,1
539213,1
539214,0
539215,0
539216,0
539217,0
539218,0
539219,1
539220,1
539221,1
539222,1
539223,0
539224,1
539225,1
539226,0
539227,1
539228,1
539229,0
539230,1
539231,0
539232,1
539233,0
539234,0
539235,0
539236,1
539237,0
539238,0
539239,1
539240,1
539241,1
539242,0
539243,1
539244,0
539245,1
539246,0
539247,1
539248,0
539249,0
539250,1
539251,1
539252,1
539253,1
539254,1
539255,1
539256,0
539257,0
539258,0
539259,1
539260,0
539261,0
539262,0
539263,0
539264,1
539265,1
539266,1
539267,0
539268,0
539269,0
539270,1
539271,0
539272,1
539273,1
539274,0
539275,0
539276,1
539277,0
539278,1
539279,1
539280,0
539281,1
539282,1
539283,0
539284,0
539285,0
539286,0
539287,0
539288,0
539289,1
539290,0
539291,0
539292,0
539293,0
539294,1
539295,0
539296,1
539297,1
539298,1
539299,1
539300,0
539301,0
539302,1
539303,0
539304,0
539305,0
539306,0
539307,1
539308,0
539309,0
539310,0
539311,1
539312,0
539313,0
539314,1
539315,1
539316,1
539317,1
539318,1
539319,1
539320,1
539321,0
539322,1
539323,0
539324,0
539325,0
539326,1
539327,0
539328,0
539329,0
539330,0
539331,0
539332,0
539333,0
539334,1
539335,1
539336,1
539337,1
539338,1
539339,0
539340,1
539341,0
539342,1
539343,1
539344,0
539345,0
539346,1
539347,0
539348,1
539349,0
539350,0
539351,0
539352,1
539353,0
539354,0
539355,1
539356,1
539357,0
539358,0
539359,0
539360,1
539361,0
539362,1
539363,1
539364,1
539365,1
539366,1
539367,1
539368,0
539369,0
539370,1
539371,1
539372,0
539373,1
539374,1
539375,1
539376,0
539377,1
539378,0
539379,0
539380,0
539381,1
539382,1
539383,1
539384,1
539385,1
539386,0
539387,1
539388,1
539389,1
539390,1
539391,1
539392,1
539393,1
539394,1
539395,1
539396,1
539397,1
539398,1
539399,1
539400,1
539401,0
539402,1
539403,1
539404,1
539405,1
539406,1
539407,1
539408,1
539409,1
539410,0
539411,1
539412,0
539413,0
539414,1
539415,1
539416,1
539417,1
539418,1
539419,1
539420,0
539421,0
539422,1
539423,1
539424,1
539425,1
539426,1
539427,0
539428,1
539429,1
539430,1
539431,0
539432,1
539433,1
539434,0
539435,0
539436,0
539437,1
539438,0
539439,1
539440,0
539441,0
539442,1
539443,1
539444,1
539445,1
539446,1
539447,0
539448,0
539449,0
539450,1
539451,1
539452,1
539453,0
539454,1
539455,0
539456,1
539457,0
539458,0
539459,1
539460,0
539461,1
539462,1
539463,1
539464,0
539465,0
539466,1
539467,1
539468,0
539469,1
539470,1
539471,1
539472,0
539473,0
539474,1
539475,1
539476,1
539477,0
539478,1
539479,1
539480,1
539481,0
539482,0
539483,1
539484,0
539485,1
539486,1
539487,1
539488,1
539489,1
539490,0
539491,0
539492,1
539493,1
539494,0
539495,1
539496,0
539497,0
539498,1
539499,1
539500,1
539501,1
539502,0
539503,0
539504,0
539505,0
539506,0
539507,1
539508,1
539509,0
539510,1
539511,0
539512,0
539513,1
539514,0
539515,1
539516,0
539517,1
539518,1
539519,0
539520,1
539521,0
539522,1
539523,0
539524,1
539525,0
539526,1
539527,0
539528,0
539529,0
539530,0
539531,1
539532,1
539533,1
539534,0
539535,0
539536,0
539537,1
539538,1
539539,0
539540,1
539541,1
539542,1
539543,0
539544,1
539545,1
539546,1
539547,0
539548,0
539549,0
539550,1
539551,1
539552,1
539553,0
539554,0
539555,0
539556,1
539557,0
539558,1
539559,1
539560,1
539561,1
539562,1
539563,0
539564,1
539565,1
539566,0
539567,0
539568,0
539569,1
539570,1
539571,1
539572,1
539573,1
539574,1
539575,1
539576,0
539577,1
539578,0
539579,1
539580,0
539581,0
539582,0
539583,0
539584,0
539585,1
539586,1
539587,1
539588,1
539589,1
539590,1
539591,1
539592,1
539593,0
539594,1
539595,1
539596,0
539597,0
539598,0
539599,1
539600,1
539601,1
539602,0
539603,0
539604,0
539605,1
539606,0
539607,1
539608,1
539609,0
539610,0
539611,1
539612,1
539613,1
539614,0
539615,1
539616,1
539617,1
539618,1
539619,1
539620,1
539621,1
539622,0
539623,1
539624,1
539625,0
539626,1
539627,1
539628,0
539629,0
539630,1
539631,1
539632,0
539633,1
539634,0
539635,0
539636,0
539637,0
539638,0
539639,0
539640,0
539641,0
539642,1
539643,1
539644,0
539645,0
539646,0
539647,0
539648,1
539649,1
539650,1
539651,1
539652,1
539653,0
539654,0
539655,0
539656,0
539657,0
539658,1
539659,1
539660,1
539661,1
539662,1
539663,0
539664,0
539665,1
539666,1
539667,0
539668,1
539669,1
539670,0
539671,0
539672,0
539673,0
539674,0
539675,0
539676,1
539677,1
539678,1
539679,0
539680,0
539681,0
539682,0
539683,1
539684,0
539685,1
539686,1
539687,0
539688,1
539689,1
539690,0
539691,0
539692,0
539693,0
539694,0
539695,0
539696,0
539697,0
539698,0
539699,1
539700,0
539701,0
539702,0
539703,0
539704,1
539705,0
539706,1
539707,0
539708,1
539709,0
539710,1
539711,0
539712,0
539713,1
539714,0
539715,0
539716,0
539717,0
539718,0
539719,0
539720,0
539721,1
539722,0
539723,1
539724,0
539725,1
539726,0
539727,0
539728,0
539729,1
539730,1
539731,0
539732,1
539733,0
539734,0
539735,1
539736,1
539737,0
539738,0
539739,0
539740,1
539741,1
539742,1
539743,0
539744,0
539745,1
539746,0
539747,0
539748,0
539749,0
539750,1
539751,0
539752,0
539753,1
539754,0
539755,1
539756,0
539757,1
539758,0
539759,0
539760,1
539761,1
539762,0
539763,0
539764,0
539765,0
539766,1
539767,1
539768,0
539769,1
539770,1
539771,0
539772,0
539773,1
539774,0
539775,0
539776,0
539777,1
539778,1
539779,0
539780,0
539781,0
539782,1
539783,0
539784,1
539785,0
539786,0
539787,0
539788,0
539789,0
539790,0
539791,1
539792,0
539793,0
539794,0
539795,0
539796,0
539797,0
539798,1
539799,0
539800,0
539801,0
539802,0
539803,1
539804,0
539805,0
539806,0
539807,0
539808,0
539809,0
539810,0
539811,1
539812,0
539813,0
539814,0
539815,0
539816,0
539817,1
539818,0
539819,0
539820,0
539821,0
539822,1
539823,0
539824,1
539825,0
539826,0
539827,0
539828,0
539829,1
539830,0
539831,0
539832,0
539833,0
539834,1
539835,0
539836,0
539837,0
539838,0
539839,1
539840,1
539841,0
539842,1
539843,0
539844,0
539845,0
539846,0
539847,1
539848,0
539849,0
539850,0
539851,0
539852,1
539853,1
539854,1
539855,0
539856,0
539857,1
539858,0
539859,0
539860,0
539861,0
539862,0
539863,1
539864,1
539865,0
539866,1
539867,1
539868,0
539869,1
539870,1
539871,1
539872,0
539873,0
539874,0
539875,1
539876,0
539877,0
539878,1
539879,1
539880,1
539881,0
539882,0
539883,0
539884,0
539885,0
539886,0
539887,0
539888,0
539889,0
539890,1
539891,0
539892,0
539893,0
539894,0
539895,0
539896,0
539897,0
539898,1
539899,0
539900,0
539901,0
539902,0
539903,0
539904,0
539905,1
539906,0
539907,0
539908,0
539909,0
539910,0
539911,0
539912,0
539913,1
539914,0
539915,0
539916,0
539917,0
539918,0
539919,0
539920,1
539921,1
539922,1
539923,0
539924,0
539925,0
539926,0
539927,1
539928,0
539929,0
539930,1
539931,0
539932,0
539933,0
539934,0
539935,0
539936,1
539937,1
539938,1
539939,0
539940,0
539941,1
539942,0
539943,0
539944,1
539945,0
539946,1
539947,1
539948,0
539949,0
539950,0
539951,0
539952,0
539953,0
539954,1
539955,0
539956,0
539957,0
539958,1
539959,0
539960,0
539961,0
539962,1
539963,0
539964,0
539965,1
539966,1
539967,0
539968,0
539969,0
539970,0
539971,0
539972,1
539973,0
539974,0
539975,1
539976,0
539977,0
539978,1
539979,0
539980,0
539981,0
539982,1
539983,0
539984,1
539985,0
539986,1
539987,0
539988,0
539989,1
539990,0
539991,0
539992,0
539993,0
539994,0
539995,0
539996,0
539997,0
539998,0
539999,1
540000,0
540001,0
540002,0
540003,0
540004,0
540005,0
540006,1
540007,0
540008,0
540009,0
540010,1
540011,0
540012,0
540013,0
540014,0
540015,0
540016,0
540017,0
540018,1
540019,0
540020,1
540021,0
540022,0
540023,1
540024,0
540025,1
540026,0
540027,0
540028,0
540029,0
540030,0
540031,0
540032,0
540033,0
540034,0
540035,1
540036,0
540037,0
540038,0
540039,1
540040,0
540041,0
540042,0
540043,1
540044,1
540045,0
540046,0
540047,0
540048,1
540049,1
540050,0
540051,1
540052,0
540053,0
540054,0
540055,0
540056,1
540057,0
540058,1
540059,0
540060,0
540061,1
540062,0
540063,0
540064,0
540065,0
540066,0
540067,0
540068,0
540069,0
540070,0
540071,1
540072,0
540073,0
540074,0
540075,0
540076,0
540077,0
540078,0
540079,0
540080,0
540081,0
540082,1
540083,0
540084,0
540085,1
540086,0
540087,0
540088,0
540089,1
540090,0
540091,0
540092,0
540093,0
540094,0
540095,0
540096,1
540097,0
540098,0
540099,0
540100,0
540101,0
540102,0
540103,0
540104,0
540105,0
540106,0
540107,1
540108,0
540109,0
540110,0
540111,0
540112,0
540113,0
540114,0
540115,1
540116,0
540117,0
540118,0
540119,0
540120,1
540121,0
540122,0
540123,0
540124,0
540125,0
540126,1
540127,0
540128,0
540129,1
540130,0
540131,0
540132,0
540133,0
540134,0
540135,1
540136,0
540137,0
540138,0
540139,0
540140,0
540141,0
540142,0
540143,0
540144,0
540145,1
540146,1
540147,0
540148,1
540149,1
540150,0
540151,0
540152,0
540153,0
540154,0
540155,0
540156,1
540157,0
540158,0
540159,0
540160,0
540161,0
540162,0
540163,1
540164,0
540165,1
540166,0
540167,0
540168,0
540169,0
540170,0
540171,0
540172,0
540173,0
540174,0
540175,0
540176,1
540177,1
540178,0
540179,0
540180,0
540181,0
540182,1
540183,0
540184,0
540185,0
540186,0
540187,0
540188,1
540189,0
540190,0
540191,0
540192,0
540193,1
540194,0
540195,1
540196,1
540197,0
540198,1
540199,0
540200,0
540201,1
540202,1
540203,1
540204,0
540205,0
540206,0
540207,1
540208,1
540209,1
540210,0
540211,0
540212,1
540213,1
540214,0
540215,1
540216,1
540217,1
540218,1
540219,1
540220,1
540221,0
540222,1
540223,1
540224,0
540225,0
540226,0
540227,1
540228,1
540229,1
540230,1
540231,1
540232,0
540233,1
540234,1
540235,1
540236,1
540237,0
540238,0
540239,1
540240,0
540241,0
540242,0
540243,0
540244,0
540245,0
540246,0
540247,1
540248,1
540249,0
540250,0
540251,0
540252,1
540253,1
540254,0
540255,1
540256,0
540257,1
540258,0
540259,1
540260,1
540261,1
540262,0
540263,1
540264,1
540265,1
540266,0
540267,1
540268,1
540269,1
540270,1
540271,0
540272,1
540273,0
540274,1
540275,0
540276,1
540277,1
540278,0
540279,1
540280,1
540281,0
540282,0
540283,1
540284,1
540285,1
540286,1
540287,1
540288,0
540289,0
540290,0
540291,1
540292,1
540293,1
540294,0
540295,0
540296,1
540297,1
540298,1
540299,1
540300,1
540301,1
540302,0
540303,1
540304,0
540305,0
540306,0
540307,0
540308,0
540309,0
540310,1
540311,1
540312,1
540313,1
540314,0
540315,1
540316,0
540317,0
540318,1
540319,1
540320,1
540321,1
540322,0
540323,0
540324,1
540325,1
540326,0
540327,0
540328,1
540329,1
540330,1
540331,1
540332,1
540333,0
540334,0
540335,0
540336,0
540337,0
540338,1
540339,1
540340,1
540341,1
540342,0
540343,1
540344,0
540345,0
540346,1
540347,1
540348,0
540349,0
540350,1
540351,0
540352,0
540353,0
540354,1
540355,1
540356,0
540357,0
540358,1
540359,1
540360,0
540361,1
540362,0
540363,0
540364,0
540365,1
540366,0
540367,1
540368,0
540369,1
540370,1
540371,0
540372,1
540373,0
540374,1
540375,1
540376,0
540377,1
540378,1
540379,1
540380,0
540381,1
540382,1
540383,1
540384,1
540385,0
540386,1
540387,1
540388,0
540389,1
540390,1
540391,0
540392,0
540393,0
540394,1
540395,1
540396,0
540397,1
540398,0
540399,1
540400,1
540401,0
540402,1
540403,1
540404,0
540405,1
540406,0
540407,1
540408,0
540409,1
540410,1
540411,0
540412,1
540413,0
540414,0
540415,1
540416,1
540417,0
540418,1
540419,0
540420,1
540421,0
540422,0
540423,0
540424,0
540425,0
540426,0
540427,0
540428,1
540429,0
540430,0
540431,0
540432,0
540433,0
540434,1
540435,1
540436,1
540437,1
540438,1
540439,1
540440,1
540441,1
540442,1
540443,1
540444,0
540445,0
540446,0
540447,0
540448,1
540449,1
540450,1
540451,0
540452,0
540453,0
540454,1
540455,1
540456,0
540457,0
540458,1
540459,1
540460,1
540461,0
540462,1
540463,1
540464,0
540465,0
540466,0
540467,1
540468,1
540469,1
540470,0
540471,1
540472,0
540473,1
540474,0
540475,0
540476,1
540477,1
540478,1
540479,1
540480,1
540481,1
540482,0
540483,0
540484,0
540485,0
540486,0
540487,1
540488,0
540489,0
540490,1
540491,1
540492,0
540493,0
540494,1
540495,0
540496,0
540497,0
540498,0
540499,1
540500,1
540501,1
540502,1
540503,0
540504,0
540505,1
540506,1
540507,0
540508,0
540509,1
540510,0
540511,1
540512,1
540513,1
540514,0
540515,1
540516,0
540517,1
540518,0
540519,0
540520,0
540521,0
540522,1
540523,1
540524,1
540525,1
540526,1
540527,1
540528,1
540529,1
540530,0
540531,0
540532,0
540533,0
540534,0
540535,1
540536,1
540537,0
540538,1
540539,1
540540,0
540541,0
540542,1
540543,1
540544,1
540545,1
540546,1
540547,0
540548,1
540549,0
540550,1
540551,0
540552,1
540553,1
540554,1
540555,1
540556,1
540557,0
540558,1
540559,1
540560,0
540561,1
540562,1
540563,1
540564,0
540565,1
540566,0
540567,1
540568,0
540569,1
540570,0
540571,1
540572,0
540573,0
540574,1
540575,0
540576,1
540577,1
540578,0
540579,1
540580,0
540581,1
540582,0
540583,0
540584,0
540585,0
540586,1
540587,0
540588,1
540589,0
540590,1
540591,0
540592,0
540593,1
540594,0
540595,1
540596,1
540597,1
540598,1
540599,0
540600,1
540601,0
540602,0
540603,0
540604,0
540605,0
540606,1
540607,1
540608,1
540609,1
540610,0
540611,1
540612,1
540613,0
540614,0
540615,0
540616,1
540617,0
540618,0
540619,0
540620,1
540621,1
540622,1
540623,1
540624,1
540625,0
540626,0
540627,1
540628,1
540629,0
540630,1
540631,0
540632,0
540633,0
540634,0
540635,0
540636,1
540637,0
540638,1
540639,1
540640,1
540641,1
540642,1
540643,1
540644,1
540645,1
540646,0
540647,1
540648,1
540649,1
540650,1
540651,0
540652,0
540653,0
540654,1
540655,1
540656,1
540657,0
540658,0
540659,1
540660,1
540661,1
540662,1
540663,1
540664,0
540665,1
540666,0
540667,1
540668,1
540669,0
540670,0
540671,1
540672,1
540673,1
540674,0
540675,1
540676,1
540677,0
540678,1
540679,0
540680,1
540681,0
540682,0
540683,0
540684,0
540685,0
540686,0
540687,0
540688,0
540689,1
540690,1
540691,0
540692,1
540693,1
540694,1
540695,1
540696,0
540697,0
540698,0
540699,0
540700,1
540701,1
540702,1
540703,0
540704,0
540705,0
540706,1
540707,0
540708,0
540709,1
540710,0
540711,0
540712,1
540713,0
540714,0
540715,1
540716,1
540717,0
540718,0
540719,0
540720,1
540721,1
540722,0
540723,1
540724,1
540725,1
540726,0
540727,1
540728,1
540729,1
540730,0
540731,1
540732,1
540733,1
540734,0
540735,1
540736,0
540737,1
540738,1
540739,1
540740,1
540741,1
540742,1
540743,1
540744,0
540745,1
540746,0
540747,0
540748,1
540749,1
540750,0
540751,1
540752,1
540753,0
540754,1
540755,0
540756,1
540757,0
540758,1
540759,1
540760,1
540761,0
540762,1
540763,0
540764,1
540765,1
540766,0
540767,1
540768,1
540769,1
540770,1
540771,0
540772,1
540773,1
540774,1
540775,1
540776,0
540777,1
540778,1
540779,1
540780,1
540781,1
540782,1
540783,1
540784,1
540785,1
540786,0
540787,1
540788,1
540789,1
540790,0
540791,1
540792,1
540793,1
540794,1
540795,0
540796,1
540797,1
540798,0
540799,1
540800,1
540801,1
540802,1
540803,1
540804,1
540805,1
540806,1
540807,0
540808,1
540809,1
540810,0
540811,1
540812,0
540813,1
540814,1
540815,1
540816,1
540817,1
540818,0
540819,1
540820,1
540821,0
540822,1
540823,1
540824,1
540825,1
540826,1
540827,1
540828,1
540829,0
540830,1
540831,1
540832,1
540833,1
540834,1
540835,0
540836,1
540837,1
540838,1
540839,1
540840,0
540841,1
540842,0
540843,1
540844,0
540845,1
540846,0
540847,0
540848,1
540849,0
540850,1
540851,0
540852,1
540853,1
540854,1
540855,1
540856,1
540857,1
540858,1
540859,0
540860,0
540861,0
540862,1
540863,1
540864,0
540865,0
540866,1
540867,0
540868,1
540869,0
540870,1
540871,1
540872,1
540873,0
540874,0
540875,1
540876,1
540877,1
540878,1
540879,0
540880,1
540881,1
540882,1
540883,1
540884,1
540885,1
540886,1
540887,1
540888,1
540889,1
540890,1
540891,0
540892,1
540893,1
540894,1
540895,1
540896,1
540897,1
540898,1
540899,1
540900,1
540901,1
540902,1
540903,1
540904,1
540905,1
540906,1
540907,1
540908,0
540909,1
540910,0
540911,0
540912,1
540913,1
540914,1
540915,1
540916,1
540917,1
540918,1
540919,0
540920,1
540921,1
540922,0
540923,0
540924,1
540925,1
540926,1
540927,1
540928,0
540929,1
540930,0
540931,1
540932,1
540933,0
540934,1
540935,1
540936,1
540937,1
540938,1
540939,1
540940,1
540941,0
540942,0
540943,1
540944,1
540945,1
540946,0
540947,1
540948,1
540949,0
540950,0
540951,1
540952,0
540953,1
540954,1
540955,1
540956,1
540957,1
540958,1
540959,1
540960,0
540961,1
540962,0
540963,0
540964,0
540965,1
540966,0
540967,1
540968,1
540969,1
540970,0
540971,1
540972,1
540973,1
540974,1
540975,1
540976,1
540977,0
540978,0
540979,0
540980,1
540981,0
540982,0
540983,0
540984,0
540985,1
540986,1
540987,0
540988,1
540989,0
540990,1
540991,1
540992,0
540993,1
540994,1
540995,1
540996,0
540997,1
540998,1
540999,1
541000,1
541001,1
541002,0
541003,1
541004,0
541005,0
541006,1
541007,1
541008,1
541009,1
541010,0
541011,1
541012,1
541013,1
541014,1
541015,0
541016,1
541017,1
541018,1
541019,1
541020,1
541021,1
541022,0
541023,0
541024,1
541025,0
541026,1
541027,0
541028,1
541029,0
541030,0
541031,0
541032,1
541033,1
541034,0
541035,1
541036,0
541037,0
541038,0
541039,1
541040,0
541041,0
541042,0
541043,1
541044,1
541045,0
541046,0
541047,0
541048,0
541049,1
541050,0
541051,0
541052,0
541053,0
541054,0
541055,0
541056,1
541057,0
541058,0
541059,0
541060,0
541061,0
541062,0
541063,0
541064,0
541065,0
541066,1
541067,1
541068,0
541069,0
541070,0
541071,0
541072,0
541073,1
541074,0
541075,1
541076,0
541077,0
541078,0
541079,1
541080,1
541081,0
541082,0
541083,0
541084,1
541085,0
541086,0
541087,0
541088,1
541089,0
541090,0
541091,0
541092,0
541093,1
541094,1
541095,0
541096,1
541097,0
541098,1
541099,0
541100,1
541101,1
541102,0
541103,0
541104,0
541105,0
541106,0
541107,0
541108,0
541109,0
541110,0
541111,1
541112,0
541113,0
541114,0
541115,0
541116,0
541117,0
541118,1
541119,0
541120,0
541121,0
541122,1
541123,1
541124,0
541125,1
541126,0
541127,0
541128,1
541129,0
541130,1
541131,0
541132,1
541133,0
541134,0
541135,1
541136,1
541137,1
541138,0
541139,0
541140,0
541141,0
541142,1
541143,0
541144,1
541145,0
541146,0
541147,1
541148,0
541149,0
541150,0
541151,0
541152,0
541153,1
541154,1
541155,0
541156,0
541157,1
541158,0
541159,0
541160,0
541161,0
541162,0
541163,0
541164,0
541165,0
541166,0
541167,0
541168,1
541169,0
541170,0
541171,0
541172,0
541173,0
541174,0
541175,0
541176,1
541177,0
541178,1
541179,0
541180,0
541181,0
541182,0
541183,0
541184,0
541185,1
541186,0
541187,1
541188,0
541189,0
541190,0
541191,1
541192,0
541193,0
541194,0
541195,0
541196,0
541197,1
541198,1
541199,0
541200,1
541201,1
541202,1
541203,0
541204,0
541205,1
541206,1
541207,0
541208,0
541209,0
541210,1
541211,1
541212,1
541213,0
541214,0
541215,0
541216,0
541217,0
541218,0
541219,1
541220,1
541221,0
541222,0
541223,0
541224,1
541225,0
541226,0
541227,1
541228,1
541229,0
541230,0
541231,0
541232,1
541233,0
541234,0
541235,0
541236,0
541237,1
541238,0
541239,1
541240,1
541241,0
541242,0
541243,0
541244,0
541245,0
541246,0
541247,0
541248,0
541249,0
541250,0
541251,1
541252,0
541253,1
541254,0
541255,0
541256,1
541257,1
541258,0
541259,1
541260,1
541261,0
541262,1
541263,0
541264,1
541265,0
541266,0
541267,1
541268,0
541269,0
541270,0
541271,0
541272,0
541273,0
541274,1
541275,0
541276,0
541277,0
541278,0
541279,1
541280,0
541281,0
541282,1
541283,1
541284,1
541285,0
541286,0
541287,1
541288,1
541289,1
541290,0
541291,1
541292,0
541293,0
541294,1
541295,0
541296,0
541297,0
541298,1
541299,0
541300,0
541301,1
541302,1
541303,0
541304,0
541305,0
541306,0
541307,1
541308,0
541309,0
541310,1
541311,1
541312,1
541313,1
541314,0
541315,0
541316,1
541317,0
541318,1
541319,1
541320,1
541321,1
541322,0
541323,1
541324,1
541325,1
541326,0
541327,0
541328,1
541329,0
541330,0
541331,0
541332,1
541333,1
541334,1
541335,0
541336,1
541337,0
541338,1
541339,0
541340,0
541341,1
541342,0
541343,1
541344,0
541345,0
541346,0
541347,0
541348,0
541349,0
541350,0
541351,0
541352,0
541353,0
541354,0
541355,0
541356,1
541357,1
541358,0
541359,1
541360,1
541361,1
541362,0
541363,1
541364,0
541365,0
541366,1
541367,0
541368,1
541369,1
541370,1
541371,0
541372,1
541373,0
541374,0
541375,0
541376,1
541377,1
541378,1
541379,1
541380,1
541381,0
541382,1
541383,0
541384,0
541385,1
541386,0
541387,1
541388,0
541389,0
541390,0
541391,1
541392,0
541393,1
541394,1
541395,0
541396,0
541397,0
541398,0
541399,1
541400,0
541401,0
541402,1
541403,1
541404,1
541405,1
541406,0
541407,1
541408,0
541409,1
541410,0
541411,0
541412,1
541413,0
541414,1
541415,1
541416,1
541417,1
541418,0
541419,1
541420,1
541421,0
541422,0
541423,0
541424,0
541425,0
541426,1
541427,1
541428,1
541429,0
541430,0
541431,0
541432,0
541433,1
541434,0
541435,1
541436,1
541437,0
541438,0
541439,0
541440,0
541441,1
541442,1
541443,0
541444,1
541445,1
541446,1
541447,0
541448,0
541449,0
541450,1
541451,0
541452,1
541453,1
541454,1
541455,0
541456,0
541457,0
541458,1
541459,1
541460,0
541461,1
541462,0
541463,0
541464,1
541465,0
541466,0
541467,1
541468,0
541469,0
541470,1
541471,0
541472,0
541473,1
541474,0
541475,0
541476,0
541477,0
541478,0
541479,0
541480,0
541481,1
541482,1
541483,0
541484,1
541485,1
541486,0
541487,1
541488,0
541489,1
541490,1
541491,0
541492,0
541493,1
541494,1
541495,0
541496,0
541497,0
541498,1
541499,0
541500,0
541501,0
541502,0
541503,1
541504,0
541505,0
541506,1
541507,1
541508,1
541509,0
541510,0
541511,0
541512,1
541513,1
541514,0
541515,1
541516,0
541517,0
541518,1
541519,1
541520,1
541521,1
541522,1
541523,1
541524,1
541525,0
541526,0
541527,0
541528,1
541529,1
541530,1
541531,0
541532,1
541533,1
541534,0
541535,1
541536,1
541537,1
541538,1
541539,0
541540,0
541541,1
541542,1
541543,1
541544,0
541545,0
541546,0
541547,1
541548,0
541549,0
541550,1
541551,1
541552,1
541553,1
541554,0
541555,1
541556,0
541557,1
541558,1
541559,1
541560,1
541561,1
541562,0
541563,1
541564,0
541565,1
541566,1
541567,1
541568,0
541569,0
541570,0
541571,1
541572,1
541573,0
541574,0
541575,1
541576,1
541577,1
541578,1
541579,0
541580,1
541581,1
541582,0
541583,1
541584,1
541585,0
541586,0
541587,1
541588,0
541589,1
541590,1
541591,1
541592,1
541593,0
541594,1
541595,1
541596,1
541597,1
541598,1
541599,0
541600,1
541601,0
541602,1
541603,1
541604,0
541605,1
541606,0
541607,1
541608,0
541609,1
541610,0
541611,0
541612,1
541613,0
541614,0
541615,0
541616,1
541617,1
541618,1
541619,1
541620,0
541621,0
541622,0
541623,0
541624,0
541625,0
541626,1
541627,1
541628,1
541629,0
541630,1
541631,0
541632,1
541633,1
541634,1
541635,1
541636,0
541637,1
541638,1
541639,1
541640,0
541641,0
541642,1
541643,0
541644,1
541645,1
541646,1
541647,0
541648,1
541649,1
541650,1
541651,1
541652,0
541653,0
541654,0
541655,0
541656,0
541657,1
541658,1
541659,0
541660,0
541661,0
541662,0
541663,1
541664,0
541665,1
541666,1
541667,1
541668,1
541669,0
541670,1
541671,1
541672,1
541673,0
541674,1
541675,0
541676,0
541677,1
541678,1
541679,1
541680,0
541681,1
541682,1
541683,1
541684,1
541685,0
541686,1
541687,1
541688,1
541689,1
541690,1
541691,1
541692,1
541693,0
541694,1
541695,1
541696,1
541697,0
541698,1
541699,1
541700,1
541701,1
541702,1
541703,1
541704,1
541705,0
541706,1
541707,1
541708,1
541709,1
541710,1
541711,1
541712,0
541713,1
541714,0
541715,0
541716,1
541717,1
541718,0
541719,1
541720,1
541721,1
541722,1
541723,1
541724,1
541725,1
541726,0
541727,1
541728,0
541729,1
541730,1
541731,0
541732,1
541733,0
541734,1
541735,1
541736,1
541737,1
541738,1
541739,0
541740,1
541741,1
541742,1
541743,1
541744,0
541745,0
541746,1
541747,1
541748,1
541749,1
541750,0
541751,1
541752,1
541753,1
541754,1
541755,1
541756,1
541757,1
541758,1
541759,1
541760,1
541761,1
541762,1
541763,1
541764,0
541765,0
541766,0
541767,0
541768,0
541769,0
541770,1
541771,1
541772,0
541773,1
541774,1
541775,0
541776,1
541777,1
541778,1
541779,1
541780,1
541781,0
541782,1
541783,1
541784,0
541785,1
541786,1
541787,0
541788,0
541789,1
541790,1
541791,0
541792,0
541793,0
541794,0
541795,0
541796,1
541797,1
541798,0
541799,0
541800,0
541801,0
541802,1
541803,0
541804,1
541805,1
541806,0
541807,0
541808,0
541809,0
541810,0
541811,0
541812,1
541813,0
541814,1
541815,0
541816,0
541817,0
541818,1
541819,0
541820,1
541821,1
541822,0
541823,0
541824,0
541825,1
541826,1
541827,0
541828,0
541829,0
541830,1
541831,0
541832,0
541833,0
541834,0
541835,1
541836,0
541837,1
541838,0
541839,1
541840,0
541841,1
541842,0
541843,1
541844,1
541845,0
541846,0
541847,0
541848,0
541849,0
541850,1
541851,0
541852,1
541853,1
541854,0
541855,1
541856,0
541857,0
541858,1
541859,0
541860,0
541861,0
541862,1
541863,0
541864,0
541865,1
541866,0
541867,1
541868,0
541869,1
541870,0
541871,1
541872,1
541873,0
541874,0
541875,1
541876,1
541877,0
541878,0
541879,1
541880,1
541881,1
541882,0
541883,1
541884,1
541885,0
541886,0
541887,1
541888,0
541889,0
541890,0
541891,0
541892,1
541893,0
541894,1
541895,0
541896,1
541897,0
541898,1
541899,1
541900,0
541901,1
541902,0
541903,0
541904,1
541905,0
541906,1
541907,0
541908,1
541909,0
541910,1
541911,0
541912,0
541913,0
541914,1
541915,1
541916,0
541917,1
541918,1
541919,0
541920,0
541921,0
541922,1
541923,1
541924,1
541925,0
541926,0
541927,1
541928,0
541929,0
541930,1
541931,1
541932,1
541933,0
541934,0
541935,0
541936,1
541937,1
541938,0
541939,1
541940,0
541941,0
541942,0
541943,1
541944,0
541945,0
541946,1
541947,0
541948,0
541949,1
541950,0
541951,0
541952,0
541953,1
541954,0
541955,1
541956,0
541957,1
541958,0
541959,0
541960,0
541961,1
541962,1
541963,0
541964,0
541965,1
541966,1
541967,0
541968,0
541969,1
541970,0
541971,0
541972,0
541973,0
541974,0
541975,1
541976,0
541977,0
541978,1
541979,0
541980,0
541981,0
541982,0
541983,1
541984,0
541985,0
541986,0
541987,0
541988,1
541989,0
541990,0
541991,1
541992,1
541993,0
541994,0
541995,0
541996,0
541997,0
541998,0
541999,0
542000,1
542001,0
542002,0
542003,0
542004,1
542005,0
542006,0
542007,1
542008,1
542009,0
542010,0
542011,1
542012,0
542013,0
542014,0
542015,1
542016,0
542017,0
542018,0
542019,0
542020,1
542021,0
542022,0
542023,0
542024,0
542025,1
542026,1
542027,0
542028,0
542029,1
542030,1
542031,0
542032,1
542033,0
542034,0
542035,0
542036,0
542037,0
542038,0
542039,1
542040,0
542041,1
542042,0
542043,0
542044,0
542045,0
542046,0
542047,1
542048,1
542049,0
542050,0
542051,0
542052,1
542053,0
542054,0
542055,0
542056,0
542057,0
542058,1
542059,1
542060,0
542061,0
542062,0
542063,0
542064,1
542065,1
542066,1
542067,0
542068,0
542069,0
542070,1
542071,1
542072,0
542073,0
542074,1
542075,1
542076,0
542077,0
542078,1
542079,1
542080,1
542081,0
542082,0
542083,1
542084,0
542085,0
542086,1
542087,0
542088,1
542089,1
542090,0
542091,1
542092,1
542093,0
542094,1
542095,0
542096,0
542097,0
542098,1
542099,1
542100,0
542101,0
542102,1
542103,1
542104,0
542105,1
542106,1
542107,1
542108,1
542109,1
542110,1
542111,1
542112,1
542113,1
542114,1
542115,1
542116,1
542117,1
542118,0
542119,1
542120,0
542121,0
542122,1
542123,1
542124,0
542125,0
542126,0
542127,1
542128,0
542129,1
542130,0
542131,0
542132,0
542133,1
542134,0
542135,1
542136,1
542137,0
542138,0
542139,0
542140,1
542141,1
542142,0
542143,1
542144,1
542145,1
542146,1
542147,1
542148,1
542149,1
542150,1
542151,1
542152,1
542153,1
542154,1
542155,0
542156,1
542157,0
542158,1
542159,1
542160,0
542161,1
542162,1
542163,1
542164,0
542165,0
542166,0
542167,1
542168,1
542169,0
542170,0
542171,1
542172,1
542173,0
542174,1
542175,1
542176,1
542177,1
542178,0
542179,0
542180,0
542181,1
542182,1
542183,1
542184,1
542185,0
542186,0
542187,0
542188,1
542189,1
542190,1
542191,1
542192,1
542193,1
542194,1
542195,1
542196,1
542197,0
542198,1
542199,1
542200,1
542201,1
542202,1
542203,0
542204,1
542205,1
542206,1
542207,1
542208,1
542209,0
542210,1
542211,1
542212,1
542213,1
542214,0
542215,1
542216,0
542217,0
542218,1
542219,1
542220,0
542221,1
542222,1
542223,0
542224,1
542225,0
542226,1
542227,1
542228,0
542229,0
542230,1
542231,1
542232,0
542233,1
542234,1
542235,1
542236,0
542237,1
542238,0
542239,1
542240,1
542241,0
542242,1
542243,1
542244,0
542245,1
542246,1
542247,0
542248,1
542249,0
542250,0
542251,0
542252,0
542253,0
542254,1
542255,1
542256,1
542257,1
542258,1
542259,1
542260,1
542261,1
542262,1
542263,1
542264,0
542265,1
542266,1
542267,0
542268,1
542269,1
542270,0
542271,0
542272,1
542273,1
542274,1
542275,1
542276,1
542277,1
542278,0
542279,1
542280,0
542281,1
542282,0
542283,0
542284,1
542285,1
542286,0
542287,1
542288,1
542289,0
542290,1
542291,1
542292,1
542293,1
542294,0
542295,1
542296,1
542297,1
542298,1
542299,0
542300,0
542301,0
542302,0
542303,1
542304,1
542305,1
542306,0
542307,1
542308,0
542309,1
542310,1
542311,1
542312,0
542313,1
542314,0
542315,1
542316,1
542317,1
542318,1
542319,0
542320,0
542321,1
542322,1
542323,0
542324,0
542325,0
542326,1
542327,0
542328,1
542329,1
542330,1
542331,0
542332,0
542333,0
542334,1
542335,0
542336,0
542337,1
542338,1
542339,1
542340,0
542341,1
542342,0
542343,0
542344,0
542345,0
542346,1
542347,0
542348,0
542349,0
542350,0
542351,0
542352,1
542353,0
542354,1
542355,0
542356,0
542357,0
542358,1
542359,1
542360,1
542361,0
542362,0
542363,1
542364,0
542365,0
542366,0
542367,0
542368,1
542369,1
542370,1
542371,0
542372,0
542373,0
542374,1
542375,0
542376,1
542377,0
542378,1
542379,0
542380,0
542381,0
542382,1
542383,0
542384,0
542385,0
542386,0
542387,0
542388,1
542389,0
542390,0
542391,0
542392,0
542393,0
542394,0
542395,0
542396,0
542397,0
542398,1
542399,0
542400,0
542401,0
542402,0
542403,1
542404,1
542405,1
542406,0
542407,0
542408,1
542409,0
542410,0
542411,0
542412,0
542413,0
542414,1
542415,0
542416,1
542417,0
542418,1
542419,0
542420,1
542421,0
542422,0
542423,0
542424,0
542425,0
542426,0
542427,1
542428,0
542429,0
542430,0
542431,1
542432,0
542433,0
542434,0
542435,1
542436,0
542437,0
542438,0
542439,0
542440,0
542441,0
542442,1
542443,0
542444,0
542445,1
542446,1
542447,0
542448,0
542449,0
542450,1
542451,0
542452,0
542453,0
542454,0
542455,1
542456,0
542457,1
542458,0
542459,0
542460,1
542461,0
542462,0
542463,0
542464,1
542465,0
542466,0
542467,0
542468,0
542469,0
542470,0
542471,1
542472,0
542473,0
542474,0
542475,0
542476,0
542477,0
542478,0
542479,0
542480,0
542481,0
542482,0
542483,0
542484,0
542485,0
542486,0
542487,1
542488,1
542489,0
542490,1
542491,0
542492,0
542493,0
542494,0
542495,0
542496,0
542497,0
542498,0
542499,0
542500,0
542501,0
542502,0
542503,0
542504,0
542505,0
542506,0
542507,0
542508,0
542509,1
542510,0
542511,0
542512,0
542513,0
542514,0
542515,0
542516,0
542517,1
542518,0
542519,0
542520,1
542521,1
542522,0
542523,0
542524,0
542525,0
542526,0
542527,1
542528,0
542529,0
542530,1
542531,1
542532,0
542533,0
542534,1
542535,0
542536,0
542537,0
542538,1
542539,0
542540,0
542541,0
542542,0
542543,0
542544,1
542545,1
542546,0
542547,0
542548,0
542549,0
542550,0
542551,0
542552,1
542553,0
542554,0
542555,0
542556,0
542557,0
542558,0
542559,0
542560,1
542561,0
542562,0
542563,0
542564,1
542565,0
542566,0
542567,0
542568,1
542569,0
542570,0
542571,0
542572,0
542573,0
542574,0
542575,0
542576,0
542577,1
542578,0
542579,0
542580,1
542581,0
542582,1
542583,0
542584,1
542585,1
542586,1
542587,0
542588,1
542589,0
542590,0
542591,0
542592,0
542593,0
542594,0
542595,0
542596,0
542597,0
542598,0
542599,0
542600,0
542601,1
542602,0
542603,0
542604,0
542605,0
542606,0
542607,0
542608,1
542609,1
542610,0
542611,0
542612,0
542613,0
542614,0
542615,1
542616,0
542617,0
542618,1
542619,0
542620,0
542621,0
542622,0
542623,0
542624,0
542625,0
542626,1
542627,0
542628,0
542629,1
542630,1
542631,1
542632,0
542633,0
542634,0
542635,0
542636,0
542637,0
542638,1
542639,0
542640,0
542641,1
542642,0
542643,0
542644,0
542645,0
542646,1
542647,0
542648,1
542649,1
542650,0
542651,0
542652,0
542653,0
542654,1
542655,1
542656,0
542657,0
542658,0
542659,1
542660,0
542661,0
542662,0
542663,0
542664,1
542665,1
542666,1
542667,0
542668,0
542669,0
542670,0
542671,1
542672,0
542673,1
542674,0
542675,0
542676,0
542677,1
542678,1
542679,1
542680,0
542681,0
542682,0
542683,0
542684,0
542685,0
542686,0
542687,0
542688,0
542689,1
542690,0
542691,0
542692,1
542693,0
542694,0
542695,0
542696,1
542697,1
542698,0
542699,0
542700,0
542701,0
542702,0
542703,0
542704,0
542705,0
542706,1
542707,0
542708,1
542709,1
542710,0
542711,1
542712,0
542713,1
542714,0
542715,0
542716,0
542717,1
542718,1
542719,0
542720,0
542721,1
542722,0
542723,1
542724,0
542725,0
542726,1
542727,0
542728,1
542729,0
542730,1
542731,0
542732,0
542733,1
542734,1
542735,1
542736,0
542737,0
542738,0
542739,0
542740,1
542741,0
542742,1
542743,0
542744,0
542745,0
542746,0
542747,0
542748,1
542749,1
542750,1
542751,1
542752,0
542753,0
542754,1
542755,1
542756,0
542757,0
542758,1
542759,0
542760,0
542761,1
542762,0
542763,1
542764,0
542765,1
542766,1
542767,0
542768,0
542769,0
542770,1
542771,0
542772,0
542773,0
542774,0
542775,1
542776,1
542777,1
542778,0
542779,0
542780,0
542781,0
542782,1
542783,0
542784,0
542785,0
542786,0
542787,1
542788,0
542789,0
542790,0
542791,1
542792,0
542793,0
542794,0
542795,1
542796,1
542797,0
542798,1
542799,1
542800,1
542801,1
542802,0
542803,0
542804,0
542805,1
542806,0
542807,0
542808,1
542809,0
542810,1
542811,0
542812,1
542813,1
542814,0
542815,0
542816,0
542817,0
542818,0
542819,0
542820,0
542821,0
542822,1
542823,0
542824,0
542825,1
542826,0
542827,1
542828,0
542829,0
542830,0
542831,0
542832,0
542833,0
542834,0
542835,0
542836,0
542837,0
542838,0
542839,0
542840,0
542841,0
542842,0
542843,0
542844,0
542845,1
542846,1
542847,0
542848,0
542849,1
542850,0
542851,0
542852,0
542853,1
542854,0
542855,0
542856,0
542857,0
542858,0
542859,0
542860,1
542861,0
542862,1
542863,0
542864,0
542865,0
542866,1
542867,0
542868,0
542869,0
542870,1
542871,0
542872,1
542873,0
542874,0
542875,1
542876,1
542877,0
542878,0
542879,0
542880,0
542881,0
542882,1
542883,0
542884,0
542885,0
542886,1
542887,1
542888,0
542889,0
542890,0
542891,0
542892,1
542893,1
542894,1
542895,0
542896,0
542897,0
542898,0
542899,0
542900,0
542901,0
542902,0
542903,1
542904,1
542905,1
542906,0
542907,0
542908,1
542909,1
542910,1
542911,0
542912,0
542913,1
542914,1
542915,0
542916,0
542917,0
542918,1
542919,0
542920,0
542921,0
542922,1
542923,1
542924,0
542925,0
542926,1
542927,1
542928,1
542929,1
542930,0
542931,1
542932,1
542933,1
542934,1
542935,1
542936,0
542937,1
542938,1
542939,1
542940,0
542941,1
542942,1
542943,0
542944,0
542945,1
542946,1
542947,1
542948,1
542949,1
542950,0
542951,0
542952,0
542953,0
542954,1
542955,1
542956,0
542957,1
542958,1
542959,0
542960,1
542961,1
542962,1
542963,1
542964,0
542965,0
542966,0
542967,1
542968,0
542969,1
542970,0
542971,1
542972,0
542973,1
542974,0
542975,0
542976,0
542977,1
542978,1
542979,0
542980,1
542981,1
542982,1
542983,0
542984,1
542985,1
542986,1
542987,1
542988,1
542989,0
542990,1
542991,0
542992,0
542993,1
542994,0
542995,1
542996,0
542997,0
542998,0
542999,1
543000,1
543001,0
543002,0
543003,0
543004,0
543005,1
543006,1
543007,0
543008,1
543009,1
543010,1
543011,1
543012,0
543013,0
543014,0
543015,1
543016,0
543017,0
543018,0
543019,0
543020,1
543021,1
543022,1
543023,0
543024,1
543025,1
543026,1
543027,1
543028,1
543029,1
543030,1
543031,1
543032,0
543033,0
543034,0
543035,1
543036,1
543037,1
543038,1
543039,1
543040,1
543041,1
543042,0
543043,0
543044,1
543045,1
543046,0
543047,0
543048,0
543049,0
543050,0
543051,1
543052,1
543053,1
543054,1
543055,0
543056,0
543057,0
543058,0
543059,0
543060,1
543061,1
543062,1
543063,0
543064,1
543065,0
543066,0
543067,0
543068,1
543069,1
543070,0
543071,1
543072,1
543073,0
543074,0
543075,1
543076,0
543077,1
543078,0
543079,1
543080,1
543081,0
543082,1
543083,0
543084,1
543085,0
543086,0
543087,1
543088,0
543089,0
543090,1
543091,1
543092,1
543093,0
543094,1
543095,1
543096,0
543097,0
543098,1
543099,1
543100,1
543101,1
543102,1
543103,1
543104,1
543105,0
543106,1
543107,1
543108,1
543109,0
543110,0
543111,1
543112,1
543113,1
543114,0
543115,0
543116,1
543117,0
543118,1
543119,1
543120,0
543121,1
543122,1
543123,0
543124,0
543125,1
543126,1
543127,0
543128,0
543129,0
543130,0
543131,0
543132,0
543133,0
543134,0
543135,1
543136,0
543137,0
543138,1
543139,0
543140,0
543141,1
543142,0
543143,1
543144,1
543145,0
543146,0
543147,0
543148,1
543149,0
543150,0
543151,1
543152,1
543153,1
543154,0
543155,1
543156,0
543157,0
543158,0
543159,1
543160,0
543161,1
543162,1
543163,1
543164,0
543165,1
543166,1
543167,0
543168,0
543169,0
543170,0
543171,0
543172,1
543173,1
543174,1
543175,1
543176,1
543177,1
543178,1
543179,0
543180,0
543181,1
543182,0
543183,1
543184,1
543185,0
543186,1
543187,1
543188,0
543189,1
543190,1
543191,1
543192,0
543193,0
543194,0
543195,0
543196,0
543197,0
543198,0
543199,0
543200,1
543201,1
543202,1
543203,1
543204,1
543205,0
543206,0
543207,0
543208,0
543209,0
543210,1
543211,1
543212,0
543213,0
543214,0
543215,1
543216,0
543217,0
543218,0
543219,0
543220,0
543221,0
543222,0
543223,1
543224,0
543225,1
543226,0
543227,0
543228,0
543229,0
543230,0
543231,0
543232,0
543233,0
543234,0
543235,1
543236,0
543237,0
543238,0
543239,0
543240,0
543241,0
543242,0
543243,1
543244,0
543245,1
543246,0
543247,1
543248,1
543249,0
543250,0
543251,0
543252,1
543253,0
543254,0
543255,0
543256,0
543257,0
543258,1
543259,0
543260,1
543261,0
543262,1
543263,1
543264,1
543265,1
543266,0
543267,0
543268,1
543269,1
543270,0
543271,1
543272,1
543273,1
543274,0
543275,1
543276,0
543277,0
543278,0
543279,0
543280,0
543281,0
543282,0
543283,0
543284,1
543285,0
543286,0
543287,1
543288,1
543289,1
543290,0
543291,1
543292,1
543293,0
543294,0
543295,0
543296,0
543297,0
543298,1
543299,0
543300,1
543301,0
543302,0
543303,1
543304,0
543305,1
543306,1
543307,0
543308,0
543309,0
543310,1
543311,0
543312,0
543313,0
543314,0
543315,0
543316,1
543317,1
543318,1
543319,1
543320,0
543321,0
543322,1
543323,0
543324,0
543325,0
543326,0
543327,0
543328,0
543329,0
543330,0
543331,1
543332,0
543333,1
543334,1
543335,0
543336,0
543337,0
543338,1
543339,0
543340,0
543341,0
543342,0
543343,0
543344,0
543345,0
543346,1
543347,1
543348,0
543349,1
543350,0
543351,0
543352,0
543353,0
543354,0
543355,1
543356,0
543357,1
543358,1
543359,0
543360,0
543361,0
543362,0
543363,0
543364,1
543365,0
543366,0
543367,0
543368,0
543369,1
543370,1
543371,1
543372,1
543373,1
543374,0
543375,1
543376,0
543377,1
543378,1
543379,0
543380,0
543381,1
543382,0
543383,1
543384,0
543385,1
543386,0
543387,0
543388,1
543389,0
543390,0
543391,0
543392,0
543393,0
543394,0
543395,0
543396,0
543397,0
543398,0
543399,0
543400,1
543401,0
543402,0
543403,1
543404,1
543405,0
543406,0
543407,1
543408,0
543409,0
543410,0
543411,0
543412,0
543413,0
543414,0
543415,0
543416,1
543417,0
543418,1
543419,1
543420,0
543421,0
543422,0
543423,0
543424,0
543425,1
543426,1
543427,0
543428,0
543429,0
543430,0
543431,0
543432,0
543433,1
543434,0
543435,0
543436,0
543437,0
543438,0
543439,0
543440,0
543441,0
543442,1
543443,0
543444,0
543445,0
543446,0
543447,1
543448,1
543449,0
543450,1
543451,1
543452,0
543453,0
543454,0
543455,0
543456,0
543457,0
543458,1
543459,1
543460,1
543461,0
543462,0
543463,0
543464,1
543465,0
543466,1
543467,1
543468,0
543469,1
543470,0
543471,0
543472,0
543473,1
543474,1
543475,0
543476,1
543477,0
543478,1
543479,1
543480,1
543481,1
543482,1
543483,1
543484,0
543485,0
543486,1
543487,1
543488,1
543489,0
543490,1
543491,1
543492,0
543493,1
543494,1
543495,0
543496,1
543497,0
543498,1
543499,1
543500,1
543501,1
543502,0
543503,1
543504,0
543505,0
543506,1
543507,1
543508,1
543509,1
543510,1
543511,0
543512,0
543513,1
543514,1
543515,0
543516,1
543517,1
543518,0
543519,0
543520,1
543521,1
543522,1
543523,1
543524,1
543525,0
543526,1
543527,0
543528,0
543529,0
543530,1
543531,1
543532,1
543533,1
543534,0
543535,1
543536,1
543537,0
543538,1
543539,1
543540,1
543541,1
543542,0
543543,1
543544,1
543545,1
543546,0
543547,1
543548,1
543549,1
543550,1
543551,1
543552,0
543553,1
543554,1
543555,0
543556,0
543557,1
543558,0
543559,1
543560,1
543561,1
543562,1
543563,1
543564,1
543565,1
543566,0
543567,1
543568,1
543569,1
543570,0
543571,1
543572,1
543573,1
543574,0
543575,1
543576,1
543577,0
543578,1
543579,1
543580,0
543581,0
543582,1
543583,1
543584,1
543585,1
543586,0
543587,0
543588,1
543589,0
543590,1
543591,0
543592,1
543593,0
543594,1
543595,1
543596,1
543597,1
543598,1
543599,0
543600,0
543601,1
543602,1
543603,1
543604,1
543605,1
543606,0
543607,1
543608,0
543609,0
543610,0
543611,0
543612,0
543613,1
543614,1
543615,1
543616,1
543617,0
543618,0
543619,1
543620,1
543621,1
543622,0
543623,1
543624,0
543625,0
543626,1
543627,1
543628,1
543629,1
543630,0
543631,0
543632,1
543633,1
543634,1
543635,1
543636,1
543637,0
543638,0
543639,1
543640,1
543641,1
543642,0
543643,1
543644,1
543645,1
543646,0
543647,0
543648,1
543649,0
543650,1
543651,0
543652,1
543653,0
543654,0
543655,0
543656,0
543657,0
543658,1
543659,0
543660,1
543661,1
543662,1
543663,1
543664,0
543665,1
543666,1
543667,1
543668,0
543669,1
543670,0
543671,1
543672,1
543673,1
543674,0
543675,1
543676,1
543677,0
543678,1
543679,1
543680,0
543681,0
543682,1
543683,0
543684,1
543685,0
543686,1
543687,1
543688,0
543689,1
543690,1
543691,1
543692,0
543693,0
543694,0
543695,1
543696,1
543697,0
543698,1
543699,1
543700,1
543701,1
543702,1
543703,1
543704,1
543705,1
543706,1
543707,1
543708,1
543709,1
543710,1
543711,1
543712,0
543713,0
543714,1
543715,1
543716,0
543717,0
543718,0
543719,0
543720,1
543721,1
543722,0
543723,1
543724,1
543725,1
543726,0
543727,1
543728,1
543729,0
543730,1
543731,1
543732,0
543733,1
543734,1
543735,1
543736,1
543737,1
543738,1
543739,1
543740,0
543741,1
543742,1
543743,0
543744,0
543745,0
543746,1
543747,1
543748,0
543749,0
543750,0
543751,1
543752,0
543753,1
543754,0
543755,1
543756,1
543757,1
543758,1
543759,0
543760,1
543761,1
543762,1
543763,1
543764,1
543765,0
543766,1
543767,1
543768,1
543769,1
543770,0
543771,1
543772,1
543773,1
543774,0
543775,1
543776,1
543777,1
543778,0
543779,1
543780,1
543781,1
543782,1
543783,0
543784,1
543785,0
543786,0
543787,0
543788,1
543789,1
543790,0
543791,1
543792,0
543793,1
543794,0
543795,0
543796,1
543797,1
543798,0
543799,0
543800,1
543801,0
543802,1
543803,1
543804,1
543805,1
543806,0
543807,1
543808,0
543809,1
543810,1
543811,1
543812,0
543813,0
543814,1
543815,1
543816,1
543817,0
543818,1
543819,1
543820,1
543821,0
543822,1
543823,0
543824,1
543825,1
543826,1
543827,1
543828,0
543829,1
543830,0
543831,1
543832,0
543833,1
543834,1
543835,0
543836,0
543837,0
543838,0
543839,1
543840,0
543841,1
543842,0
543843,1
543844,1
543845,1
543846,0
543847,1
543848,1
543849,1
543850,0
543851,0
543852,0
543853,1
543854,0
543855,0
543856,1
543857,1
543858,1
543859,1
543860,0
543861,0
543862,1
543863,0
543864,1
543865,1
543866,1
543867,0
543868,1
543869,1
543870,0
543871,1
543872,1
543873,1
543874,1
543875,1
543876,1
543877,0
543878,0
543879,1
543880,0
543881,1
543882,1
543883,1
543884,1
543885,1
543886,1
543887,1
543888,1
543889,0
543890,1
543891,1
543892,1
543893,0
543894,1
543895,1
543896,1
543897,0
543898,1
543899,1
543900,1
543901,0
543902,1
543903,1
543904,0
543905,1
543906,1
543907,0
543908,1
543909,1
543910,0
543911,0
543912,0
543913,1
543914,1
543915,0
543916,1
543917,1
543918,1
543919,1
543920,0
543921,1
543922,1
543923,1
543924,0
543925,1
543926,1
543927,1
543928,0
543929,0
543930,0
543931,0
543932,1
543933,1
543934,0
543935,0
543936,1
543937,0
543938,1
543939,0
543940,1
543941,1
543942,0
543943,1
543944,1
543945,1
543946,1
543947,0
543948,1
543949,1
543950,1
543951,0
543952,0
543953,1
543954,1
543955,1
543956,1
543957,1
543958,0
543959,1
543960,1
543961,0
543962,1
543963,0
543964,1
543965,0
543966,1
543967,0
543968,1
543969,1
543970,0
543971,0
543972,0
543973,0
543974,1
543975,1
543976,1
543977,1
543978,1
543979,1
543980,1
543981,1
543982,1
543983,1
543984,1
543985,1
543986,1
543987,1
543988,1
543989,1
543990,1
543991,0
543992,0
543993,1
543994,1
543995,0
543996,1
543997,1
543998,0
543999,1
544000,1
544001,1
544002,1
544003,0
544004,1
544005,0
544006,1
544007,1
544008,1
544009,0
544010,1
544011,1
544012,1
544013,1
544014,1
544015,0
544016,1
544017,0
544018,0
544019,0
544020,1
544021,0
544022,1
544023,0
544024,0
544025,0
544026,1
544027,0
544028,1
544029,1
544030,1
544031,1
544032,1
544033,0
544034,0
544035,1
544036,0
544037,1
544038,1
544039,0
544040,1
544041,0
544042,1
544043,0
544044,1
544045,0
544046,0
544047,0
544048,0
544049,1
544050,1
544051,1
544052,0
544053,0
544054,1
544055,1
544056,0
544057,0
544058,0
544059,1
544060,1
544061,1
544062,0
544063,1
544064,0
544065,1
544066,0
544067,1
544068,0
544069,0
544070,1
544071,0
544072,1
544073,0
544074,0
544075,0
544076,1
544077,1
544078,1
544079,0
544080,0
544081,0
544082,1
544083,1
544084,0
544085,1
544086,1
544087,1
544088,0
544089,1
544090,1
544091,1
544092,0
544093,1
544094,0
544095,0
544096,0
544097,0
544098,0
544099,1
544100,0
544101,0
544102,1
544103,1
544104,0
544105,0
544106,0
544107,0
544108,0
544109,0
544110,0
544111,1
544112,0
544113,1
544114,1
544115,0
544116,1
544117,0
544118,0
544119,0
544120,1
544121,0
544122,0
544123,1
544124,0
544125,1
544126,0
544127,0
544128,1
544129,0
544130,1
544131,0
544132,1
544133,1
544134,1
544135,1
544136,1
544137,0
544138,1
544139,1
544140,1
544141,1
544142,0
544143,1
544144,0
544145,1
544146,0
544147,1
544148,1
544149,0
544150,0
544151,1
544152,0
544153,0
544154,0
544155,0
544156,0
544157,0
544158,0
544159,0
544160,1
544161,0
544162,0
544163,0
544164,0
544165,0
544166,1
544167,0
544168,0
544169,0
544170,0
544171,0
544172,0
544173,1
544174,0
544175,1
544176,1
544177,1
544178,0
544179,0
544180,1
544181,1
544182,0
544183,0
544184,0
544185,0
544186,0
544187,1
544188,1
544189,1
544190,1
544191,1
544192,0
544193,0
544194,0
544195,0
544196,0
544197,1
544198,0
544199,1
544200,1
544201,0
544202,1
544203,0
544204,0
544205,0
544206,0
544207,1
544208,0
544209,0
544210,1
544211,0
544212,1
544213,0
544214,1
544215,0
544216,1
544217,0
544218,0
544219,0
544220,1
544221,0
544222,0
544223,1
544224,0
544225,0
544226,0
544227,0
544228,1
544229,1
544230,1
544231,1
544232,0
544233,0
544234,0
544235,0
544236,0
544237,1
544238,0
544239,0
544240,0
544241,1
544242,0
544243,1
544244,0
544245,0
544246,0
544247,0
544248,0
544249,1
544250,1
544251,0
544252,1
544253,1
544254,1
544255,1
544256,1
544257,0
544258,0
544259,0
544260,0
544261,0
544262,0
544263,0
544264,0
544265,0
544266,0
544267,1
544268,0
544269,0
544270,1
544271,0
544272,1
544273,0
544274,1
544275,0
544276,1
544277,1
544278,0
544279,0
544280,0
544281,1
544282,1
544283,1
544284,0
544285,0
544286,0
544287,1
544288,0
544289,0
544290,0
544291,0
544292,1
544293,0
544294,0
544295,0
544296,1
544297,0
544298,1
544299,1
544300,0
544301,1
544302,0
544303,1
544304,1
544305,0
544306,0
544307,1
544308,1
544309,0
544310,0
544311,0
544312,1
544313,1
544314,0
544315,1
544316,0
544317,0
544318,0
544319,0
544320,0
544321,0
544322,0
544323,0
544324,0
544325,0
544326,1
544327,0
544328,0
544329,0
544330,1
544331,1
544332,1
544333,0
544334,1
544335,0
544336,0
544337,0
544338,0
544339,0
544340,1
544341,0
544342,0
544343,0
544344,1
544345,0
544346,0
544347,1
544348,1
544349,1
544350,0
544351,1
544352,0
544353,0
544354,0
544355,1
544356,0
544357,1
544358,0
544359,0
544360,1
544361,0
544362,1
544363,1
544364,0
544365,0
544366,1
544367,0
544368,1
544369,1
544370,1
544371,0
544372,0
544373,1
544374,1
544375,0
544376,0
544377,0
544378,0
544379,0
544380,0
544381,0
544382,0
544383,0
544384,0
544385,0
544386,1
544387,0
544388,0
544389,0
544390,0
544391,1
544392,0
544393,0
544394,0
544395,1
544396,1
544397,1
544398,1
544399,0
544400,0
544401,0
544402,0
544403,0
544404,1
544405,0
544406,1
544407,1
544408,1
544409,0
544410,0
544411,0
544412,1
544413,0
544414,0
544415,1
544416,0
544417,0
544418,0
544419,0
544420,0
544421,1
544422,0
544423,0
544424,1
544425,0
544426,0
544427,0
544428,1
544429,0
544430,0
544431,0
544432,0
544433,0
544434,1
544435,1
544436,0
544437,0
544438,1
544439,1
544440,0
544441,1
544442,0
544443,1
544444,0
544445,1
544446,0
544447,0
544448,0
544449,1
544450,0
544451,0
544452,0
544453,1
544454,0
544455,0
544456,0
544457,0
544458,1
544459,0
544460,0
544461,1
544462,0
544463,1
544464,0
544465,0
544466,0
544467,0
544468,1
544469,0
544470,0
544471,0
544472,0
544473,0
544474,0
544475,0
544476,0
544477,0
544478,0
544479,0
544480,0
544481,0
544482,1
544483,0
544484,0
544485,0
544486,1
544487,0
544488,1
544489,0
544490,0
544491,0
544492,0
544493,1
544494,1
544495,0
544496,0
544497,1
544498,0
544499,0
544500,1
544501,0
544502,0
544503,0
544504,0
544505,0
544506,1
544507,1
544508,1
544509,0
544510,0
544511,0
544512,1
544513,1
544514,1
544515,1
544516,0
544517,1
544518,0
544519,0
544520,0
544521,0
544522,1
544523,0
544524,1
544525,0
544526,1
544527,0
544528,0
544529,0
544530,1
544531,1
544532,1
544533,0
544534,1
544535,1
544536,0
544537,1
544538,1
544539,1
544540,1
544541,1
544542,1
544543,1
544544,0
544545,1
544546,1
544547,0
544548,1
544549,1
544550,1
544551,0
544552,0
544553,1
544554,1
544555,0
544556,0
544557,1
544558,0
544559,0
544560,1
544561,1
544562,1
544563,1
544564,0
544565,1
544566,1
544567,1
544568,1
544569,1
544570,1
544571,1
544572,1
544573,1
544574,0
544575,0
544576,1
544577,1
544578,0
544579,1
544580,0
544581,1
544582,0
544583,0
544584,1
544585,1
544586,1
544587,1
544588,0
544589,1
544590,0
544591,0
544592,0
544593,1
544594,0
544595,0
544596,1
544597,1
544598,1
544599,1
544600,0
544601,0
544602,0
544603,0
544604,1
544605,1
544606,1
544607,0
544608,1
544609,1
544610,0
544611,0
544612,0
544613,0
544614,1
544615,0
544616,1
544617,0
544618,0
544619,1
544620,1
544621,0
544622,1
544623,0
544624,1
544625,1
544626,0
544627,0
544628,1
544629,1
544630,1
544631,1
544632,0
544633,1
544634,1
544635,0
544636,0
544637,1
544638,0
544639,0
544640,1
544641,1
544642,1
544643,0
544644,1
544645,0
544646,0
544647,1
544648,1
544649,0
544650,1
544651,0
544652,1
544653,0
544654,0
544655,1
544656,0
544657,1
544658,0
544659,1
544660,0
544661,0
544662,1
544663,1
544664,0
544665,1
544666,1
544667,1
544668,1
544669,0
544670,0
544671,1
544672,1
544673,1
544674,1
544675,1
544676,0
544677,0
544678,1
544679,1
544680,0
544681,1
544682,0
544683,0
544684,1
544685,0
544686,1
544687,0
544688,1
544689,0
544690,0
544691,0
544692,0
544693,1
544694,1
544695,0
544696,1
544697,0
544698,1
544699,1
544700,0
544701,1
544702,0
544703,0
544704,0
544705,0
544706,0
544707,0
544708,0
544709,1
544710,1
544711,0
544712,1
544713,1
544714,1
544715,0
544716,0
544717,1
544718,1
544719,1
544720,0
544721,0
544722,1
544723,0
544724,0
544725,1
544726,0
544727,1
544728,1
544729,1
544730,0
544731,1
544732,1
544733,1
544734,1
544735,1
544736,1
544737,1
544738,1
544739,1
544740,1
544741,1
544742,1
544743,0
544744,0
544745,0
544746,0
544747,0
544748,1
544749,1
544750,0
544751,0
544752,1
544753,1
544754,1
544755,0
544756,1
544757,0
544758,1
544759,0
544760,1
544761,1
544762,1
544763,1
544764,0
544765,0
544766,0
544767,0
544768,1
544769,1
544770,0
544771,0
544772,1
544773,0
544774,0
544775,1
544776,0
544777,0
544778,0
544779,0
544780,0
544781,0
544782,0
544783,0
544784,0
544785,1
544786,1
544787,1
544788,0
544789,0
544790,0
544791,1
544792,0
544793,1
544794,1
544795,1
544796,1
544797,0
544798,0
544799,0
544800,1
544801,0
544802,0
544803,1
544804,0
544805,1
544806,0
544807,1
544808,1
544809,0
544810,0
544811,0
544812,0
544813,1
544814,0
544815,0
544816,1
544817,0
544818,0
544819,1
544820,1
544821,0
544822,0
544823,0
544824,0
544825,0
544826,1
544827,0
544828,0
544829,0
544830,1
544831,0
544832,0
544833,0
544834,0
544835,0
544836,1
544837,1
544838,0
544839,0
544840,0
544841,1
544842,1
544843,0
544844,0
544845,0
544846,1
544847,0
544848,1
544849,0
544850,1
544851,0
544852,0
544853,1
544854,0
544855,0
544856,0
544857,0
544858,0
544859,1
544860,0
544861,0
544862,0
544863,1
544864,0
544865,1
544866,0
544867,0
544868,1
544869,0
544870,1
544871,0
544872,0
544873,0
544874,1
544875,0
544876,0
544877,1
544878,0
544879,1
544880,0
544881,0
544882,1
544883,0
544884,1
544885,0
544886,0
544887,1
544888,0
544889,1
544890,0
544891,0
544892,0
544893,0
544894,0
544895,0
544896,1
544897,1
544898,0
544899,1
544900,0
544901,0
544902,0
544903,0
544904,0
544905,1
544906,0
544907,0
544908,0
544909,0
544910,1
544911,1
544912,0
544913,0
544914,0
544915,0
544916,0
544917,0
544918,0
544919,0
544920,0
544921,0
544922,1
544923,1
544924,0
544925,0
544926,1
544927,1
544928,0
544929,0
544930,0
544931,0
544932,0
544933,0
544934,1
544935,1
544936,0
544937,0
544938,0
544939,0
544940,0
544941,1
544942,0
544943,0
544944,0
544945,0
544946,1
544947,0
544948,0
544949,1
544950,1
544951,0
544952,0
544953,1
544954,0
544955,0
544956,0
544957,0
544958,0
544959,1
544960,0
544961,0
544962,0
544963,1
544964,1
544965,1
544966,0
544967,0
544968,0
544969,0
544970,0
544971,0
544972,0
544973,0
544974,0
544975,0
544976,1
544977,0
544978,0
544979,0
544980,1
544981,1
544982,0
544983,0
544984,0
544985,1
544986,0
544987,0
544988,1
544989,1
544990,0
544991,0
544992,1
544993,1
544994,0
544995,0
544996,0
544997,0
544998,0
544999,0
545000,0
545001,0
545002,0
545003,0
545004,0
545005,0
545006,0
545007,0
545008,1
545009,1
545010,1
545011,0
545012,1
545013,0
545014,0
545015,0
545016,1
545017,0
545018,0
545019,0
545020,0
545021,0
545022,0
545023,0
545024,0
545025,1
545026,0
545027,1
545028,0
545029,1
545030,0
545031,1
545032,0
545033,0
545034,1
545035,1
545036,0
545037,1
545038,0
545039,0
545040,1
545041,1
545042,1
545043,0
545044,0
545045,1
545046,0
545047,0
545048,0
545049,0
545050,1
545051,1
545052,0
545053,1
545054,1
545055,0
545056,0
545057,1
545058,1
545059,1
545060,1
545061,0
545062,1
545063,1
545064,1
545065,1
545066,0
545067,0
545068,1
545069,0
545070,1
545071,0
545072,0
545073,1
545074,0
545075,0
545076,1
545077,0
545078,0
545079,1
545080,1
545081,1
545082,1
545083,0
545084,0
545085,0
545086,1
545087,1
545088,0
545089,0
545090,0
545091,1
545092,1
545093,1
545094,1
545095,1
545096,1
545097,1
545098,1
545099,1
545100,0
545101,1
545102,1
545103,0
545104,0
545105,1
545106,1
545107,1
545108,0
545109,1
545110,1
545111,1
545112,1
545113,0
545114,1
545115,1
545116,0
545117,1
545118,0
545119,0
545120,0
545121,0
545122,1
545123,1
545124,1
545125,1
545126,0
545127,1
545128,1
545129,0
545130,0
545131,1
545132,1
545133,0
545134,1
545135,1
545136,1
545137,1
545138,1
545139,0
545140,1
545141,1
545142,1
545143,0
545144,0
545145,0
545146,1
545147,1
545148,0
545149,0
545150,1
545151,1
545152,1
545153,1
545154,0
545155,1
545156,1
545157,0
545158,0
545159,1
545160,1
545161,0
545162,1
545163,1
545164,1
545165,1
545166,1
545167,0
545168,0
545169,1
545170,1
545171,0
545172,0
545173,0
545174,0
545175,0
545176,0
545177,0
545178,1
545179,0
545180,1
545181,1
545182,1
545183,1
545184,0
545185,1
545186,1
545187,0
545188,1
545189,0
545190,1
545191,0
545192,1
545193,0
545194,1
545195,1
545196,0
545197,1
545198,1
545199,1
545200,1
545201,1
545202,1
545203,0
545204,0
545205,0
545206,0
545207,1
545208,0
545209,0
545210,0
545211,0
545212,1
545213,0
545214,1
545215,1
545216,0
545217,0
545218,1
545219,0
545220,1
545221,1
545222,1
545223,1
545224,0
545225,1
545226,1
545227,0
545228,1
545229,1
545230,0
545231,0
545232,0
545233,0
545234,1
545235,0
545236,1
545237,0
545238,1
545239,1
545240,0
545241,0
545242,1
545243,1
545244,1
545245,0
545246,1
545247,1
545248,1
545249,0
545250,0
545251,0
545252,1
545253,1
545254,1
545255,0
545256,0
545257,0
545258,1
545259,1
545260,1
545261,1
545262,1
545263,1
545264,0
545265,1
545266,1
545267,0
545268,1
545269,1
545270,1
545271,1
545272,0
545273,1
545274,0
545275,0
545276,1
545277,0
545278,0
545279,1
545280,1
545281,1
545282,0
545283,1
545284,0
545285,0
545286,0
545287,1
545288,0
545289,1
545290,0
545291,0
545292,0
545293,1
545294,0
545295,1
545296,1
545297,1
545298,1
545299,0
545300,0
545301,1
545302,1
545303,1
545304,0
545305,0
545306,0
545307,0
545308,0
545309,1
545310,0
545311,0
545312,0
545313,0
545314,1
545315,1
545316,1
545317,1
545318,0
545319,1
545320,0
545321,1
545322,1
545323,0
545324,1
545325,1
545326,1
545327,0
545328,1
545329,0
545330,0
545331,1
545332,1
545333,0
545334,1
545335,1
545336,0
545337,1
545338,0
545339,1
545340,1
545341,1
545342,0
545343,1
545344,1
545345,1
545346,1
545347,0
545348,1
545349,1
545350,1
545351,1
545352,1
545353,1
545354,1
545355,0
545356,1
545357,0
545358,1
545359,0
545360,1
545361,0
545362,1
545363,0
545364,1
545365,1
545366,0
545367,1
545368,1
545369,1
545370,1
545371,1
545372,1
545373,1
545374,1
545375,1
545376,0
545377,1
545378,1
545379,1
545380,1
545381,1
545382,0
545383,1
545384,0
545385,1
545386,1
545387,1
545388,1
545389,0
545390,0
545391,0
545392,1
545393,0
545394,0
545395,1
545396,1
545397,1
545398,1
545399,0
545400,1
545401,1
545402,1
545403,0
545404,1
545405,1
545406,0
545407,1
545408,1
545409,1
545410,1
545411,1
545412,1
545413,1
545414,0
545415,1
545416,1
545417,1
545418,1
545419,1
545420,0
545421,1
545422,1
545423,0
545424,1
545425,0
545426,1
545427,1
545428,1
545429,0
545430,1
545431,1
545432,1
545433,0
545434,0
545435,1
545436,0
545437,0
545438,0
545439,0
545440,1
545441,1
545442,1
545443,0
545444,1
545445,0
545446,0
545447,1
545448,0
545449,1
545450,1
545451,1
545452,1
545453,1
545454,1
545455,1
545456,1
545457,1
545458,1
545459,0
545460,0
545461,1
545462,1
545463,0
545464,1
545465,1
545466,1
545467,1
545468,1
545469,1
545470,1
545471,1
545472,0
545473,0
545474,1
545475,1
545476,0
545477,1
545478,1
545479,1
545480,1
545481,1
545482,1
545483,1
545484,1
545485,1
545486,1
545487,1
545488,0
545489,0
545490,0
545491,1
545492,1
545493,1
545494,1
545495,0
545496,1
545497,1
545498,1
545499,1
545500,1
545501,0
545502,0
545503,1
545504,1
545505,1
545506,1
545507,1
545508,1
545509,1
545510,1
545511,1
545512,1
545513,1
545514,1
545515,0
545516,1
545517,1
545518,1
545519,1
545520,0
545521,1
545522,1
545523,1
545524,1
545525,0
545526,1
545527,1
545528,0
545529,1
545530,1
545531,1
545532,1
545533,1
545534,1
545535,1
545536,1
545537,0
545538,1
545539,1
545540,0
545541,1
545542,1
545543,1
545544,0
545545,1
545546,1
545547,1
545548,1
545549,1
545550,1
545551,1
545552,1
545553,1
545554,1
545555,1
545556,1
545557,1
545558,0
545559,0
545560,0
545561,1
545562,1
545563,0
545564,0
545565,0
545566,0
545567,1
545568,1
545569,0
545570,1
545571,1
545572,0
545573,0
545574,1
545575,0
545576,0
545577,1
545578,1
545579,0
545580,0
545581,1
545582,0
545583,0
545584,1
545585,0
545586,1
545587,1
545588,1
545589,1
545590,0
545591,0
545592,1
545593,0
545594,1
545595,1
545596,0
545597,0
545598,1
545599,1
545600,1
545601,1
545602,1
545603,1
545604,1
545605,0
545606,0
545607,0
545608,1
545609,0
545610,1
545611,1
545612,0
545613,1
545614,1
545615,1
545616,1
545617,1
545618,1
545619,1
545620,1
545621,1
545622,0
545623,0
545624,0
545625,1
545626,0
545627,1
545628,1
545629,1
545630,1
545631,1
545632,1
545633,1
545634,1
545635,0
545636,1
545637,0
545638,1
545639,0
545640,1
545641,1
545642,0
545643,1
545644,1
545645,1
545646,1
545647,1
545648,1
545649,1
545650,1
545651,1
545652,0
545653,1
545654,0
545655,1
545656,1
545657,1
545658,1
545659,0
545660,0
545661,1
545662,1
545663,1
545664,1
545665,1
545666,0
545667,0
545668,1
545669,0
545670,1
545671,0
545672,1
545673,1
545674,0
545675,0
545676,1
545677,1
545678,1
545679,1
545680,0
545681,1
545682,1
545683,0
545684,1
545685,1
545686,1
545687,1
545688,1
545689,1
545690,1
545691,1
545692,1
545693,1
545694,1
545695,1
545696,1
545697,0
545698,1
545699,1
545700,1
545701,1
545702,1
545703,1
545704,0
545705,0
545706,0
545707,1
545708,1
545709,0
545710,0
545711,1
545712,0
545713,0
545714,1
545715,0
545716,1
545717,1
545718,1
545719,1
545720,1
545721,1
545722,1
545723,0
545724,0
545725,0
545726,0
545727,1
545728,1
545729,0
545730,1
545731,1
545732,1
545733,1
545734,0
545735,1
545736,1
545737,0
545738,1
545739,0
545740,0
545741,1
545742,1
545743,1
545744,0
545745,1
545746,1
545747,1
545748,1
545749,1
545750,0
545751,0
545752,1
545753,1
545754,1
545755,0
545756,1
545757,1
545758,1
545759,1
545760,0
545761,1
545762,1
545763,1
545764,1
545765,0
545766,1
545767,0
545768,1
545769,1
545770,1
545771,1
545772,1
545773,1
545774,1
545775,1
545776,1
545777,0
545778,0
545779,0
545780,1
545781,1
545782,1
545783,1
545784,1
545785,1
545786,1
545787,1
545788,1
545789,1
545790,0
545791,1
545792,0
545793,1
545794,0
545795,1
545796,1
545797,1
545798,0
545799,1
545800,1
545801,1
545802,0
545803,1
545804,1
545805,0
545806,1
545807,1
545808,1
545809,1
545810,1
545811,1
545812,1
545813,1
545814,1
545815,1
545816,1
545817,1
545818,1
545819,1
545820,0
545821,0
545822,1
545823,1
545824,1
545825,1
545826,1
545827,1
545828,1
545829,1
545830,1
545831,1
545832,1
545833,1
545834,1
545835,1
545836,0
545837,0
545838,0
545839,1
545840,0
545841,0
545842,0
545843,1
545844,0
545845,0
545846,1
545847,1
545848,1
545849,1
545850,0
545851,1
545852,1
545853,0
545854,0
545855,1
545856,1
545857,1
545858,1
545859,0
545860,0
545861,1
545862,0
545863,1
545864,0
545865,0
545866,1
545867,1
545868,1
545869,0
545870,1
545871,1
545872,1
545873,1
545874,0
545875,0
545876,1
545877,1
545878,1
545879,0
545880,1
545881,1
545882,1
545883,0
545884,1
545885,1
545886,1
545887,0
545888,1
545889,0
545890,1
545891,0
545892,1
545893,1
545894,1
545895,1
545896,1
545897,1
545898,0
545899,0
545900,0
545901,0
545902,1
545903,1
545904,0
545905,1
545906,1
545907,1
545908,0
545909,0
545910,1
545911,1
545912,0
545913,0
545914,1
545915,1
545916,1
545917,1
545918,1
545919,1
545920,1
545921,1
545922,0
545923,0
545924,1
545925,1
545926,1
545927,1
545928,0
545929,1
545930,1
545931,0
545932,1
545933,1
545934,1
545935,1
545936,1
545937,0
545938,1
545939,0
545940,1
545941,1
545942,0
545943,0
545944,0
545945,1
545946,1
545947,1
545948,1
545949,0
545950,1
545951,0
545952,1
545953,1
545954,1
545955,1
545956,1
545957,1
545958,0
545959,0
545960,1
545961,1
545962,1
545963,1
545964,1
545965,1
545966,0
545967,1
545968,0
545969,1
545970,0
545971,0
545972,0
545973,1
545974,1
545975,1
545976,1
545977,0
545978,1
545979,0
545980,1
545981,1
545982,0
545983,1
545984,0
545985,1
545986,1
545987,1
545988,1
545989,1
545990,1
545991,1
545992,1
545993,0
545994,1
545995,0
545996,1
545997,1
545998,1
545999,1
546000,1
546001,1
546002,1
546003,0
546004,1
546005,0
546006,1
546007,1
546008,0
546009,1
546010,1
546011,0
546012,1
546013,1
546014,0
546015,1
546016,1
546017,1
546018,1
546019,1
546020,1
546021,1
546022,0
546023,1
546024,0
546025,1
546026,0
546027,0
546028,1
546029,1
546030,1
546031,1
546032,1
546033,0
546034,1
546035,1
546036,1
546037,1
546038,1
546039,0
546040,1
546041,1
546042,0
546043,0
546044,1
546045,1
546046,0
546047,1
546048,0
546049,1
546050,1
546051,1
546052,1
546053,1
546054,1
546055,0
546056,1
546057,1
546058,0
546059,1
546060,1
546061,1
546062,1
546063,1
546064,1
546065,1
546066,0
546067,0
546068,0
546069,1
546070,1
546071,0
546072,1
546073,1
546074,0
546075,0
546076,0
546077,1
546078,0
546079,0
546080,0
546081,1
546082,0
546083,0
546084,1
546085,0
546086,1
546087,1
546088,1
546089,1
546090,1
546091,0
546092,1
546093,0
546094,1
546095,1
546096,0
546097,0
546098,0
546099,1
546100,0
546101,1
546102,1
546103,1
546104,0
546105,1
546106,1
546107,1
546108,0
546109,1
546110,1
546111,0
546112,0
546113,0
546114,0
546115,1
546116,0
546117,0
546118,1
546119,1
546120,0
546121,1
546122,0
546123,0
546124,1
546125,0
546126,1
546127,1
546128,1
546129,1
546130,0
546131,0
546132,0
546133,0
546134,0
546135,1
546136,1
546137,1
546138,0
546139,0
546140,1
546141,1
546142,1
546143,1
546144,1
546145,1
546146,1
546147,1
546148,1
546149,0
546150,1
546151,1
546152,1
546153,0
546154,0
546155,1
546156,1
546157,0
546158,0
546159,0
546160,1
546161,1
546162,1
546163,1
546164,1
546165,0
546166,1
546167,0
546168,1
546169,0
546170,0
546171,1
546172,0
546173,0
546174,0
546175,0
546176,0
546177,0
546178,1
546179,1
546180,1
546181,1
546182,1
546183,1
546184,0
546185,0
546186,0
546187,0
546188,1
546189,0
546190,1
546191,1
546192,1
546193,0
546194,1
546195,0
546196,1
546197,0
546198,1
546199,1
546200,0
546201,0
546202,0
546203,1
546204,1
546205,1
546206,0
546207,1
546208,1
546209,0
546210,0
546211,0
546212,1
546213,1
546214,0
546215,1
546216,0
546217,0
546218,1
546219,1
546220,0
546221,0
546222,0
546223,0
546224,0
546225,1
546226,1
546227,1
546228,0
546229,1
546230,0
546231,0
546232,1
546233,1
546234,0
546235,1
546236,1
546237,0
546238,1
546239,0
546240,0
546241,1
546242,1
546243,1
546244,0
546245,1
546246,0
546247,1
546248,0
546249,0
546250,0
546251,1
546252,1
546253,0
546254,0
546255,0
546256,1
546257,0
546258,0
546259,0
546260,1
546261,0
546262,1
546263,1
546264,0
546265,1
546266,1
546267,0
546268,0
546269,1
546270,1
546271,1
546272,1
546273,0
546274,1
546275,0
546276,1
546277,0
546278,1
546279,1
546280,1
546281,0
546282,0
546283,1
546284,0
546285,0
546286,1
546287,1
546288,1
546289,0
546290,1
546291,1
546292,0
546293,1
546294,1
546295,1
546296,1
546297,1
546298,1
546299,1
546300,1
546301,0
546302,0
546303,0
546304,0
546305,0
546306,1
546307,1
546308,0
546309,1
546310,1
546311,1
546312,0
546313,1
546314,1
546315,0
546316,0
546317,0
546318,0
546319,0
546320,0
546321,1
546322,1
546323,0
546324,0
546325,1
546326,0
546327,0
546328,1
546329,1
546330,1
546331,1
546332,0
546333,1
546334,0
546335,0
546336,1
546337,1
546338,1
546339,1
546340,0
546341,1
546342,0
546343,0
546344,0
546345,1
546346,0
546347,1
546348,1
546349,1
546350,0
546351,0
546352,1
546353,1
546354,1
546355,0
546356,0
546357,0
546358,1
546359,0
546360,1
546361,0
546362,1
546363,0
546364,1
546365,0
546366,1
546367,0
546368,0
546369,1
546370,1
546371,0
546372,0
546373,1
546374,0
546375,1
546376,1
546377,0
546378,1
546379,1
546380,0
546381,0
546382,0
546383,1
546384,1
546385,1
546386,0
546387,1
546388,1
546389,0
546390,0
546391,0
546392,1
546393,1
546394,1
546395,1
546396,1
546397,1
546398,0
546399,1
546400,1
546401,1
546402,1
546403,1
546404,1
546405,1
546406,1
546407,1
546408,1
546409,1
546410,1
546411,0
546412,1
546413,1
546414,1
546415,1
546416,1
546417,0
546418,1
546419,1
546420,0
546421,0
546422,0
546423,0
546424,1
546425,0
546426,1
546427,1
546428,1
546429,1
546430,0
546431,1
546432,0
546433,0
546434,1
546435,1
546436,0
546437,0
546438,0
546439,0
546440,1
546441,0
546442,0
546443,1
546444,0
546445,0
546446,0
546447,0
546448,1
546449,0
546450,1
546451,0
546452,0
546453,1
546454,0
546455,0
546456,1
546457,1
546458,0
546459,0
546460,1
546461,1
546462,0
546463,1
546464,0
546465,0
546466,0
546467,0
546468,0
546469,1
546470,1
546471,0
546472,0
546473,0
546474,1
546475,0
546476,0
546477,0
546478,0
546479,0
546480,0
546481,1
546482,0
546483,1
546484,0
546485,0
546486,0
546487,0
546488,0
546489,0
546490,0
546491,0
546492,1
546493,0
546494,1
546495,0
546496,0
546497,1
546498,0
546499,0
546500,1
546501,0
546502,1
546503,0
546504,1
546505,0
546506,1
546507,0
546508,1
546509,0
546510,0
546511,1
546512,1
546513,1
546514,1
546515,1
546516,1
546517,1
546518,0
546519,0
546520,1
546521,0
546522,0
546523,0
546524,0
546525,0
546526,0
546527,0
546528,0
546529,1
546530,0
546531,1
546532,0
546533,0
546534,0
546535,0
546536,1
546537,0
546538,1
546539,0
546540,1
546541,0
546542,1
546543,0
546544,1
546545,1
546546,0
546547,0
546548,1
546549,1
546550,1
546551,0
546552,0
546553,0
546554,1
546555,0
546556,1
546557,0
546558,0
546559,0
546560,0
546561,1
546562,0
546563,1
546564,0
546565,0
546566,0
546567,0
546568,0
546569,1
546570,0
546571,1
546572,1
546573,0
546574,0
546575,1
546576,0
546577,1
546578,0
546579,0
546580,0
546581,1
546582,0
546583,0
546584,1
546585,0
546586,0
546587,0
546588,0
546589,0
546590,0
546591,0
546592,1
546593,0
546594,1
546595,0
546596,1
546597,0
546598,0
546599,0
546600,0
546601,1
546602,0
546603,0
546604,0
546605,0
546606,0
546607,0
546608,0
546609,1
546610,0
546611,1
546612,1
546613,0
546614,0
546615,0
546616,1
546617,1
546618,1
546619,1
546620,0
546621,0
546622,0
546623,0
546624,0
546625,0
546626,0
546627,1
546628,0
546629,0
546630,0
546631,0
546632,1
546633,0
546634,0
546635,0
546636,0
546637,0
546638,0
546639,0
546640,1
546641,0
546642,1
546643,1
546644,0
546645,0
546646,0
546647,0
546648,0
546649,0
546650,1
546651,1
546652,0
546653,0
546654,1
546655,0
546656,0
546657,0
546658,0
546659,0
546660,1
546661,1
546662,0
546663,1
546664,0
546665,0
546666,0
546667,0
546668,0
546669,0
546670,0
546671,1
546672,1
546673,0
546674,0
546675,0
546676,1
546677,0
546678,1
546679,0
546680,1
546681,1
546682,0
546683,0
546684,0
546685,0
546686,0
546687,1
546688,1
546689,0
546690,0
546691,1
546692,0
546693,0
546694,0
546695,0
546696,0
546697,1
546698,0
546699,0
546700,0
546701,0
546702,0
546703,0
546704,0
546705,0
546706,1
546707,0
546708,0
546709,0
546710,1
546711,1
546712,1
546713,0
546714,0
546715,0
546716,0
546717,0
546718,0
546719,0
546720,0
546721,1
546722,0
546723,0
546724,0
546725,0
546726,0
546727,1
546728,1
546729,1
546730,0
546731,1
546732,1
546733,0
546734,1
546735,1
546736,0
546737,0
546738,1
546739,0
546740,0
546741,1
546742,0
546743,0
546744,0
546745,0
546746,0
546747,1
546748,0
546749,1
546750,0
546751,0
546752,1
546753,0
546754,1
546755,1
546756,1
546757,1
546758,1
546759,0
546760,1
546761,0
546762,0
546763,1
546764,0
546765,0
546766,1
546767,0
546768,0
546769,1
546770,0
546771,0
546772,0
546773,0
546774,1
546775,1
546776,1
546777,0
546778,1
546779,1
546780,1
546781,0
546782,0
546783,1
546784,0
546785,0
546786,1
546787,1
546788,1
546789,0
546790,0
546791,0
546792,1
546793,0
546794,0
546795,0
546796,1
546797,0
546798,0
546799,0
546800,0
546801,0
546802,0
546803,0
546804,0
546805,0
546806,0
546807,1
546808,1
546809,0
546810,0
546811,0
546812,1
546813,0
546814,1
546815,0
546816,0
546817,0
546818,1
546819,0
546820,1
546821,1
546822,0
546823,1
546824,0
546825,0
546826,1
546827,1
546828,1
546829,0
546830,0
546831,1
546832,0
546833,1
546834,1
546835,0
546836,0
546837,1
546838,1
546839,1
546840,1
546841,0
546842,0
546843,1
546844,0
546845,0
546846,1
546847,1
546848,0
546849,1
546850,0
546851,1
546852,1
546853,0
546854,1
546855,0
546856,0
546857,1
546858,0
546859,0
546860,0
546861,0
546862,0
546863,1
546864,1
546865,0
546866,0
546867,1
546868,1
546869,0
546870,1
546871,1
546872,1
546873,0
546874,0
546875,0
546876,0
546877,1
546878,1
546879,0
546880,0
546881,0
546882,1
546883,0
546884,0
546885,0
546886,1
546887,1
546888,0
546889,0
546890,0
546891,0
546892,1
546893,1
546894,1
546895,0
546896,0
546897,0
546898,0
546899,0
546900,0
546901,1
546902,1
546903,0
546904,1
546905,1
546906,1
546907,1
546908,1
546909,1
546910,1
546911,0
546912,0
546913,0
546914,0
546915,1
546916,1
546917,0
546918,0
546919,0
546920,0
546921,0
546922,1
546923,0
546924,1
546925,1
546926,0
546927,0
546928,1
546929,1
546930,1
546931,1
546932,1
546933,1
546934,1
546935,1
546936,0
546937,1
546938,0
546939,0
546940,0
546941,0
546942,0
546943,1
546944,1
546945,0
546946,0
546947,1
546948,0
546949,1
546950,1
546951,1
546952,1
546953,1
546954,0
546955,0
546956,1
546957,0
546958,1
546959,0
546960,0
546961,0
546962,0
546963,0
546964,0
546965,1
546966,1
546967,0
546968,0
546969,1
546970,1
546971,1
546972,0
546973,1
546974,0
546975,0
546976,1
546977,0
546978,0
546979,1
546980,1
546981,1
546982,0
546983,0
546984,0
546985,1
546986,0
546987,1
546988,1
546989,1
546990,1
546991,0
546992,0
546993,0
546994,0
546995,0
546996,1
546997,1
546998,1
546999,1
547000,0
547001,1
547002,0
547003,0
547004,1
547005,0
547006,1
547007,1
547008,1
547009,0
547010,0
547011,0
547012,1
547013,0
547014,1
547015,0
547016,0
547017,1
547018,0
547019,0
547020,0
547021,0
547022,0
547023,0
547024,0
547025,0
547026,1
547027,0
547028,0
547029,0
547030,1
547031,0
547032,1
547033,0
547034,0
547035,0
547036,1
547037,0
547038,0
547039,1
547040,0
547041,1
547042,0
547043,0
547044,0
547045,0
547046,0
547047,1
547048,0
547049,1
547050,1
547051,0
547052,0
547053,1
547054,0
547055,0
547056,0
547057,0
547058,1
547059,1
547060,0
547061,0
547062,0
547063,1
547064,0
547065,0
547066,0
547067,1
547068,0
547069,0
547070,0
547071,1
547072,1
547073,0
547074,1
547075,0
547076,0
547077,0
547078,0
547079,0
547080,0
547081,0
547082,0
547083,1
547084,1
547085,0
547086,1
547087,0
547088,1
547089,0
547090,0
547091,0
547092,1
547093,0
547094,1
547095,1
547096,0
547097,0
547098,1
547099,1
547100,0
547101,1
547102,1
547103,1
547104,1
547105,1
547106,0
547107,0
547108,1
547109,0
547110,1
547111,1
547112,1
547113,1
547114,0
547115,1
547116,0
547117,1
547118,0
547119,1
547120,0
547121,0
547122,0
547123,1
547124,1
547125,1
547126,1
547127,1
547128,0
547129,1
547130,1
547131,0
547132,0
547133,1
547134,0
547135,0
547136,1
547137,0
547138,0
547139,1
547140,1
547141,1
547142,0
547143,0
547144,0
547145,0
547146,1
547147,0
547148,0
547149,0
547150,0
547151,0
547152,0
547153,0
547154,0
547155,0
547156,1
547157,0
547158,0
547159,0
547160,1
547161,0
547162,0
547163,0
547164,0
547165,0
547166,1
547167,0
547168,1
547169,0
547170,1
547171,0
547172,0
547173,0
547174,1
547175,1
547176,0
547177,0
547178,0
547179,1
547180,1
547181,0
547182,0
547183,0
547184,1
547185,1
547186,0
547187,1
547188,0
547189,0
547190,0
547191,1
547192,1
547193,0
547194,1
547195,0
547196,0
547197,1
547198,0
547199,0
547200,1
547201,0
547202,1
547203,1
547204,0
547205,1
547206,0
547207,0
547208,0
547209,1
547210,0
547211,0
547212,0
547213,1
547214,0
547215,1
547216,0
547217,1
547218,1
547219,1
547220,0
547221,0
547222,0
547223,0
547224,0
547225,0
547226,1
547227,0
547228,0
547229,0
547230,0
547231,1
547232,0
547233,0
547234,1
547235,0
547236,0
547237,1
547238,1
547239,1
547240,1
547241,1
547242,0
547243,0
547244,0
547245,0
547246,0
547247,0
547248,0
547249,1
547250,0
547251,1
547252,0
547253,0
547254,1
547255,0
547256,1
547257,0
547258,0
547259,0
547260,1
547261,1
547262,0
547263,0
547264,0
547265,0
547266,1
547267,1
547268,0
547269,0
547270,1
547271,0
547272,0
547273,1
547274,0
547275,0
547276,0
547277,0
547278,1
547279,0
547280,0
547281,1
547282,1
547283,1
547284,1
547285,0
547286,1
547287,0
547288,0
547289,0
547290,0
547291,1
547292,0
547293,0
547294,1
547295,1
547296,0
547297,0
547298,1
547299,0
547300,1
547301,0
547302,1
547303,0
547304,1
547305,0
547306,1
547307,0
547308,1
547309,1
547310,1
547311,0
547312,1
547313,1
547314,1
547315,1
547316,1
547317,1
547318,0
547319,0
547320,1
547321,0
547322,1
547323,1
547324,1
547325,1
547326,0
547327,1
547328,1
547329,0
547330,0
547331,0
547332,0
547333,1
547334,1
547335,1
547336,0
547337,1
547338,1
547339,1
547340,0
547341,1
547342,0
547343,1
547344,1
547345,0
547346,0
547347,0
547348,1
547349,0
547350,1
547351,1
547352,1
547353,1
547354,1
547355,1
547356,0
547357,1
547358,0
547359,0
547360,1
547361,1
547362,1
547363,0
547364,1
547365,1
547366,0
547367,0
547368,0
547369,0
547370,0
547371,0
547372,0
547373,1
547374,1
547375,1
547376,1
547377,0
547378,0
547379,1
547380,1
547381,0
547382,1
547383,0
547384,1
547385,0
547386,0
547387,0
547388,1
547389,1
547390,0
547391,0
547392,1
547393,1
547394,0
547395,0
547396,1
547397,1
547398,1
547399,1
547400,0
547401,1
547402,0
547403,1
547404,0
547405,1
547406,1
547407,0
547408,0
547409,0
547410,0
547411,1
547412,0
547413,0
547414,0
547415,0
547416,0
547417,1
547418,1
547419,1
547420,1
547421,0
547422,1
547423,1
547424,1
547425,0
547426,1
547427,0
547428,1
547429,0
547430,1
547431,0
547432,1
547433,0
547434,1
547435,1
547436,0
547437,1
547438,1
547439,1
547440,1
547441,1
547442,0
547443,0
547444,0
547445,0
547446,1
547447,1
547448,0
547449,1
547450,0
547451,1
547452,1
547453,0
547454,0
547455,1
547456,1
547457,1
547458,1
547459,0
547460,1
547461,1
547462,1
547463,0
547464,0
547465,0
547466,0
547467,0
547468,1
547469,1
547470,0
547471,0
547472,1
547473,0
547474,1
547475,1
547476,1
547477,1
547478,1
547479,0
547480,1
547481,0
547482,0
547483,0
547484,1
547485,1
547486,1
547487,1
547488,1
547489,0
547490,1
547491,0
547492,0
547493,1
547494,1
547495,1
547496,0
547497,1
547498,0
547499,0
547500,0
547501,0
547502,1
547503,1
547504,0
547505,1
547506,0
547507,1
547508,0
547509,1
547510,0
547511,0
547512,1
547513,0
547514,1
547515,1
547516,1
547517,1
547518,1
547519,0
547520,0
547521,0
547522,0
547523,0
547524,0
547525,0
547526,0
547527,0
547528,1
547529,0
547530,1
547531,1
547532,1
547533,1
547534,0
547535,0
547536,1
547537,1
547538,0
547539,1
547540,1
547541,0
547542,0
547543,0
547544,0
547545,0
547546,0
547547,0
547548,1
547549,1
547550,1
547551,1
547552,1
547553,0
547554,0
547555,1
547556,0
547557,0
547558,0
547559,1
547560,1
547561,0
547562,0
547563,1
547564,1
547565,1
547566,0
547567,0
547568,0
547569,1
547570,0
547571,0
547572,0
547573,0
547574,1
547575,1
547576,1
547577,1
547578,1
547579,1
547580,0
547581,1
547582,1
547583,0
547584,1
547585,1
547586,0
547587,0
547588,0
547589,0
547590,0
547591,0
547592,1
547593,1
547594,0
547595,1
547596,0
547597,1
547598,1
547599,1
547600,1
547601,1
547602,0
547603,0
547604,0
547605,1
547606,1
547607,1
547608,0
547609,1
547610,0
547611,0
547612,1
547613,0
547614,0
547615,0
547616,1
547617,0
547618,1
547619,0
547620,1
547621,1
547622,1
547623,0
547624,0
547625,0
547626,1
547627,0
547628,1
547629,1
547630,0
547631,1
547632,1
547633,1
547634,1
547635,0
547636,1
547637,1
547638,1
547639,1
547640,1
547641,0
547642,1
547643,0
547644,1
547645,1
547646,1
547647,1
547648,1
547649,0
547650,0
547651,0
547652,0
547653,0
547654,0
547655,1
547656,0
547657,1
547658,1
547659,1
547660,1
547661,1
547662,0
547663,1
547664,0
547665,1
547666,0
547667,0
547668,0
547669,0
547670,0
547671,0
547672,1
547673,0
547674,1
547675,1
547676,1
547677,1
547678,0
547679,0
547680,1
547681,1
547682,0
547683,0
547684,0
547685,0
547686,1
547687,1
547688,0
547689,0
547690,1
547691,1
547692,1
547693,1
547694,0
547695,1
547696,0
547697,1
547698,1
547699,1
547700,0
547701,1
547702,0
547703,1
547704,0
547705,1
547706,0
547707,1
547708,1
547709,1
547710,1
547711,0
547712,1
547713,1
547714,0
547715,0
547716,1
547717,1
547718,0
547719,0
547720,1
547721,1
547722,0
547723,1
547724,1
547725,1
547726,1
547727,1
547728,0
547729,1
547730,1
547731,1
547732,1
547733,0
547734,0
547735,1
547736,0
547737,1
547738,0
547739,1
547740,0
547741,1
547742,0
547743,1
547744,1
547745,1
547746,0
547747,1
547748,1
547749,0
547750,0
547751,1
547752,1
547753,0
547754,0
547755,0
547756,1
547757,0
547758,1
547759,1
547760,0
547761,1
547762,1
547763,1
547764,0
547765,1
547766,0
547767,1
547768,0
547769,1
547770,0
547771,1
547772,1
547773,1
547774,1
547775,1
547776,1
547777,1
547778,1
547779,0
547780,0
547781,0
547782,1
547783,0
547784,0
547785,0
547786,0
547787,1
547788,0
547789,0
547790,1
547791,0
547792,1
547793,0
547794,0
547795,1
547796,0
547797,1
547798,1
547799,1
547800,1
547801,1
547802,1
547803,1
547804,1
547805,1
547806,0
547807,1
547808,0
547809,0
547810,1
547811,1
547812,1
547813,0
547814,0
547815,0
547816,0
547817,0
547818,1
547819,0
547820,0
547821,0
547822,1
547823,0
547824,0
547825,1
547826,0
547827,0
547828,1
547829,1
547830,1
547831,1
547832,1
547833,1
547834,1
547835,0
547836,1
547837,1
547838,1
547839,1
547840,0
547841,0
547842,1
547843,0
547844,0
547845,0
547846,0
547847,0
547848,1
547849,1
547850,1
547851,0
547852,1
547853,1
547854,0
547855,0
547856,0
547857,1
547858,1
547859,1
547860,1
547861,0
547862,0
547863,1
547864,1
547865,1
547866,1
547867,1
547868,0
547869,1
547870,1
547871,0
547872,1
547873,0
547874,1
547875,1
547876,1
547877,0
547878,1
547879,1
547880,1
547881,1
547882,0
547883,1
547884,1
547885,0
547886,1
547887,0
547888,0
547889,1
547890,1
547891,1
547892,1
547893,1
547894,1
547895,1
547896,0
547897,1
547898,0
547899,1
547900,0
547901,0
547902,0
547903,0
547904,1
547905,1
547906,1
547907,1
547908,0
547909,1
547910,1
547911,1
547912,1
547913,1
547914,0
547915,0
547916,0
547917,1
547918,0
547919,1
547920,1
547921,0
547922,0
547923,1
547924,1
547925,0
547926,1
547927,0
547928,1
547929,1
547930,0
547931,1
547932,0
547933,0
547934,1
547935,1
547936,1
547937,1
547938,1
547939,1
547940,1
547941,0
547942,1
547943,1
547944,0
547945,1
547946,1
547947,1
547948,0
547949,1
547950,1
547951,1
547952,1
547953,1
547954,0
547955,1
547956,0
547957,1
547958,1
547959,1
547960,0
547961,1
547962,1
547963,0
547964,0
547965,1
547966,1
547967,1
547968,1
547969,0
547970,1
547971,1
547972,0
547973,0
547974,0
547975,1
547976,0
547977,1
547978,0
547979,1
547980,0
547981,1
547982,0
547983,0
547984,0
547985,1
547986,0
547987,0
547988,1
547989,0
547990,1
547991,1
547992,1
547993,1
547994,1
547995,0
547996,1
547997,1
547998,0
547999,1
548000,0
548001,0
548002,1
548003,1
548004,0
548005,1
548006,1
548007,1
548008,0
548009,1
548010,1
548011,1
548012,1
548013,1
548014,0
548015,1
548016,1
548017,0
548018,0
548019,1
548020,1
548021,1
548022,1
548023,1
548024,1
548025,1
548026,1
548027,1
548028,1
548029,1
548030,1
548031,1
548032,0
548033,1
548034,1
548035,0
548036,0
548037,1
548038,1
548039,1
548040,1
548041,1
548042,1
548043,1
548044,1
548045,1
548046,1
548047,0
548048,1
548049,1
548050,1
548051,1
548052,1
548053,1
548054,1
548055,1
548056,1
548057,1
548058,1
548059,0
548060,1
548061,1
548062,1
548063,1
548064,1
548065,0
548066,1
548067,1
548068,1
548069,1
548070,1
548071,1
548072,1
548073,0
548074,1
548075,1
548076,1
548077,1
548078,0
548079,1
548080,1
548081,1
548082,1
548083,1
548084,1
548085,1
548086,1
548087,0
548088,1
548089,1
548090,1
548091,0
548092,1
548093,1
548094,1
548095,1
548096,1
548097,1
548098,1
548099,1
548100,0
548101,0
548102,1
548103,1
548104,1
548105,1
548106,1
548107,1
548108,0
548109,1
548110,1
548111,0
548112,0
548113,0
548114,0
548115,1
548116,1
548117,1
548118,0
548119,1
548120,0
548121,0
548122,0
548123,1
548124,1
548125,1
548126,0
548127,1
548128,1
548129,1
548130,0
548131,0
548132,1
548133,0
548134,1
548135,0
548136,1
548137,0
548138,0
548139,0
548140,1
548141,0
548142,0
548143,1
548144,1
548145,0
548146,0
548147,1
548148,0
548149,0
548150,1
548151,1
548152,0
548153,0
548154,1
548155,0
548156,1
548157,0
548158,1
548159,0
548160,0
548161,1
548162,1
548163,1
548164,0
548165,0
548166,1
548167,1
548168,0
548169,1
548170,0
548171,1
548172,1
548173,1
548174,0
548175,0
548176,1
548177,1
548178,1
548179,0
548180,1
548181,1
548182,1
548183,0
548184,1
548185,1
548186,0
548187,0
548188,0
548189,1
548190,0
548191,0
548192,0
548193,0
548194,0
548195,1
548196,0
548197,1
548198,0
548199,0
548200,0
548201,0
548202,1
548203,0
548204,1
548205,0
548206,1
548207,1
548208,1
548209,0
548210,0
548211,0
548212,0
548213,1
548214,1
548215,0
548216,1
548217,0
548218,1
548219,0
548220,0
548221,0
548222,0
548223,1
548224,0
548225,0
548226,1
548227,1
548228,1
548229,1
548230,0
548231,0
548232,1
548233,0
548234,0
548235,1
548236,0
548237,0
548238,0
548239,0
548240,1
548241,1
548242,0
548243,0
548244,0
548245,0
548246,0
548247,0
548248,0
548249,0
548250,0
548251,1
548252,1
548253,0
548254,0
548255,0
548256,1
548257,1
548258,0
548259,0
548260,1
548261,0
548262,1
548263,0
548264,0
548265,0
548266,0
548267,0
548268,0
548269,1
548270,1
548271,0
548272,0
548273,0
548274,0
548275,0
548276,0
548277,0
548278,0
548279,0
548280,1
548281,0
548282,1
548283,1
548284,1
548285,0
548286,1
548287,0
548288,0
548289,0
548290,0
548291,1
548292,0
548293,0
548294,1
548295,0
548296,1
548297,0
548298,0
548299,0
548300,0
548301,0
548302,0
548303,1
548304,1
548305,0
548306,1
548307,0
548308,1
548309,1
548310,0
548311,1
548312,0
548313,1
548314,0
548315,0
548316,1
548317,0
548318,0
548319,0
548320,1
548321,0
548322,0
548323,1
548324,0
548325,1
548326,1
548327,1
548328,0
548329,0
548330,0
548331,1
548332,1
548333,0
548334,0
548335,0
548336,0
548337,1
548338,0
548339,1
548340,0
548341,0
548342,0
548343,1
548344,1
548345,0
548346,1
548347,0
548348,1
548349,1
548350,0
548351,0
548352,1
548353,0
548354,0
548355,0
548356,0
548357,0
548358,1
548359,0
548360,0
548361,0
548362,1
548363,0
548364,0
548365,0
548366,0
548367,0
548368,0
548369,0
548370,1
548371,0
548372,1
548373,0
548374,0
548375,0
548376,1
548377,1
548378,0
548379,0
548380,0
548381,0
548382,0
548383,0
548384,0
548385,0
548386,0
548387,0
548388,0
548389,1
548390,1
548391,0
548392,1
548393,0
548394,1
548395,1
548396,1
548397,1
548398,0
548399,0
548400,0
548401,0
548402,1
548403,0
548404,1
548405,1
548406,0
548407,0
548408,0
548409,1
548410,0
548411,1
548412,0
548413,0
548414,0
548415,1
548416,0
548417,0
548418,1
548419,0
548420,1
548421,0
548422,0
548423,1
548424,1
548425,0
548426,0
548427,1
548428,0
548429,0
548430,1
548431,0
548432,0
548433,0
548434,0
548435,1
548436,0
548437,1
548438,0
548439,0
548440,0
548441,1
548442,0
548443,1
548444,1
548445,0
548446,1
548447,0
548448,0
548449,0
548450,0
548451,1
548452,1
548453,0
548454,0
548455,0
548456,1
548457,1
548458,0
548459,0
548460,1
548461,1
548462,0
548463,1
548464,1
548465,1
548466,0
548467,0
548468,0
548469,0
548470,1
548471,1
548472,0
548473,1
548474,0
548475,0
548476,0
548477,0
548478,0
548479,0
548480,1
548481,1
548482,0
548483,0
548484,0
548485,0
548486,1
548487,1
548488,0
548489,1
548490,0
548491,1
548492,1
548493,0
548494,1
548495,0
548496,1
548497,1
548498,1
548499,1
548500,0
548501,0
548502,1
548503,0
548504,1
548505,0
548506,0
548507,0
548508,1
548509,0
548510,0
548511,0
548512,0
548513,1
548514,0
548515,1
548516,1
548517,0
548518,0
548519,1
548520,0
548521,1
548522,1
548523,0
548524,0
548525,1
548526,0
548527,1
548528,1
548529,0
548530,0
548531,0
548532,0
548533,0
548534,0
548535,0
548536,0
548537,0
548538,1
548539,0
548540,1
548541,1
548542,0
548543,0
548544,0
548545,1
548546,0
548547,0
548548,0
548549,0
548550,0
548551,0
548552,0
548553,0
548554,0
548555,1
548556,1
548557,0
548558,0
548559,0
548560,0
548561,0
548562,1
548563,1
548564,0
548565,0
548566,0
548567,0
548568,0
548569,0
548570,0
548571,0
548572,0
548573,1
548574,1
548575,0
548576,0
548577,0
548578,0
548579,0
548580,0
548581,0
548582,1
548583,0
548584,0
548585,0
548586,1
548587,1
548588,0
548589,1
548590,1
548591,0
548592,0
548593,0
548594,1
548595,0
548596,0
548597,0
548598,0
548599,0
548600,0
548601,1
548602,1
548603,1
548604,1
548605,0
548606,0
548607,1
548608,0
548609,0
548610,0
548611,1
548612,0
548613,0
548614,0
548615,0
548616,1
548617,0
548618,0
548619,1
548620,0
548621,0
548622,0
548623,1
548624,1
548625,1
548626,1
548627,0
548628,0
548629,0
548630,0
548631,1
548632,0
548633,0
548634,1
548635,0
548636,0
548637,0
548638,0
548639,0
548640,0
548641,1
548642,0
548643,0
548644,0
548645,1
548646,1
548647,0
548648,0
548649,0
548650,1
548651,1
548652,1
548653,0
548654,0
548655,1
548656,1
548657,0
548658,0
548659,0
548660,0
548661,0
548662,0
548663,1
548664,0
548665,1
548666,1
548667,0
548668,0
548669,0
548670,0
548671,1
548672,1
548673,1
548674,1
548675,1
548676,0
548677,1
548678,0
548679,1
548680,0
548681,0
548682,0
548683,0
548684,1
548685,1
548686,0
548687,0
548688,0
548689,1
548690,0
548691,1
548692,1
548693,0
548694,0
548695,0
548696,1
548697,1
548698,0
548699,1
548700,1
548701,0
548702,0
548703,1
548704,1
548705,1
548706,1
548707,0
548708,0
548709,0
548710,0
548711,0
548712,1
548713,1
548714,0
548715,1
548716,0
548717,1
548718,1
548719,0
548720,0
548721,0
548722,1
548723,1
548724,1
548725,0
548726,1
548727,0
548728,0
548729,1
548730,1
548731,0
548732,1
548733,1
548734,0
548735,0
548736,1
548737,1
548738,1
548739,1
548740,1
548741,1
548742,1
548743,1
548744,0
548745,1
548746,0
548747,0
548748,0
548749,1
548750,1
548751,1
548752,0
548753,1
548754,0
548755,1
548756,0
548757,0
548758,1
548759,1
548760,1
548761,0
548762,1
548763,0
548764,1
548765,1
548766,0
548767,1
548768,1
548769,1
548770,1
548771,0
548772,1
548773,0
548774,0
548775,1
548776,1
548777,1
548778,1
548779,0
548780,0
548781,0
548782,1
548783,0
548784,0
548785,0
548786,1
548787,1
548788,1
548789,0
548790,0
548791,1
548792,0
548793,1
548794,1
548795,0
548796,1
548797,1
548798,0
548799,0
548800,1
548801,0
548802,0
548803,1
548804,0
548805,0
548806,1
548807,1
548808,1
548809,1
548810,1
548811,0
548812,1
548813,0
548814,1
548815,0
548816,1
548817,0
548818,1
548819,1
548820,1
548821,0
548822,1
548823,1
548824,1
548825,1
548826,1
548827,0
548828,1
548829,0
548830,1
548831,0
548832,0
548833,1
548834,1
548835,0
548836,0
548837,0
548838,0
548839,1
548840,1
548841,1
548842,1
548843,0
548844,0
548845,0
548846,0
548847,0
548848,0
548849,1
548850,0
548851,0
548852,0
548853,1
548854,0
548855,1
548856,0
548857,1
548858,1
548859,1
548860,0
548861,0
548862,0
548863,0
548864,1
548865,1
548866,0
548867,0
548868,0
548869,1
548870,1
548871,0
548872,1
548873,1
548874,0
548875,1
548876,0
548877,1
548878,1
548879,0
548880,1
548881,1
548882,1
548883,1
548884,1
548885,1
548886,0
548887,1
548888,1
548889,1
548890,0
548891,0
548892,0
548893,0
548894,1
548895,0
548896,0
548897,1
548898,1
548899,1
548900,1
548901,1
548902,1
548903,1
548904,0
548905,0
548906,0
548907,1
548908,0
548909,1
548910,0
548911,0
548912,0
548913,1
548914,0
548915,0
548916,0
548917,1
548918,0
548919,0
548920,0
548921,1
548922,1
548923,0
548924,1
548925,0
548926,1
548927,1
548928,1
548929,0
548930,0
548931,0
548932,1
548933,1
548934,1
548935,1
548936,0
548937,0
548938,0
548939,0
548940,0
548941,0
548942,0
548943,1
548944,0
548945,1
548946,0
548947,0
548948,1
548949,0
548950,1
548951,0
548952,0
548953,0
548954,1
548955,1
548956,1
548957,0
548958,1
548959,0
548960,1
548961,1
548962,0
548963,0
548964,0
548965,1
548966,0
548967,0
548968,1
548969,1
548970,1
548971,1
548972,0
548973,1
548974,1
548975,1
548976,1
548977,0
548978,1
548979,0
548980,0
548981,1
548982,1
548983,1
548984,1
548985,0
548986,0
548987,1
548988,0
548989,1
548990,1
548991,1
548992,1
548993,1
548994,0
548995,0
548996,0
548997,0
548998,1
548999,0
549000,0
549001,0
549002,0
549003,1
549004,1
549005,1
549006,0
549007,1
549008,1
549009,1
549010,1
549011,1
549012,1
549013,1
549014,0
549015,1
549016,1
549017,0
549018,0
549019,0
549020,1
549021,0
549022,1
549023,1
549024,0
549025,0
549026,0
549027,1
549028,1
549029,1
549030,0
549031,0
549032,1
549033,1
549034,1
549035,0
549036,0
549037,1
549038,1
549039,1
549040,0
549041,1
549042,1
549043,0
549044,0
549045,0
549046,1
549047,0
549048,1
549049,0
549050,1
549051,1
549052,1
549053,1
549054,1
549055,1
549056,1
549057,0
549058,1
549059,0
549060,0
549061,0
549062,0
549063,1
549064,1
549065,1
549066,1
549067,1
549068,1
549069,0
549070,0
549071,0
549072,1
549073,1
549074,1
549075,1
549076,1
549077,1
549078,1
549079,1
549080,1
549081,1
549082,0
549083,0
549084,1
549085,0
549086,0
549087,1
549088,0
549089,0
549090,1
549091,0
549092,0
549093,1
549094,1
549095,1
549096,1
549097,0
549098,1
549099,0
549100,1
549101,0
549102,1
549103,1
549104,1
549105,0
549106,1
549107,0
549108,0
549109,1
549110,1
549111,0
549112,0
549113,1
549114,0
549115,1
549116,0
549117,1
549118,1
549119,1
549120,1
549121,1
549122,0
549123,1
549124,1
549125,0
549126,0
549127,1
549128,1
549129,0
549130,0
549131,1
549132,1
549133,1
549134,0
549135,1
549136,1
549137,0
549138,1
549139,1
549140,1
549141,0
549142,1
549143,1
549144,0
549145,1
549146,1
549147,0
549148,1
549149,0
549150,0
549151,1
549152,1
549153,1
549154,1
549155,1
549156,1
549157,1
549158,0
549159,0
549160,1
549161,1
549162,0
549163,1
549164,0
549165,1
549166,1
549167,0
549168,0
549169,1
549170,0
549171,1
549172,0
549173,1
549174,1
549175,0
549176,0
549177,1
549178,0
549179,1
549180,1
549181,1
549182,0
549183,0
549184,0
549185,1
549186,1
549187,0
549188,0
549189,1
549190,1
549191,1
549192,1
549193,0
549194,1
549195,0
549196,1
549197,1
549198,0
549199,0
549200,0
549201,1
549202,1
549203,0
549204,1
549205,1
549206,1
549207,0
549208,0
549209,0
549210,1
549211,0
549212,1
549213,1
549214,1
549215,0
549216,0
549217,1
549218,1
549219,0
549220,0
549221,1
549222,1
549223,1
549224,0
549225,1
549226,0
549227,0
549228,1
549229,1
549230,1
549231,0
549232,1
549233,1
549234,0
549235,0
549236,0
549237,0
549238,0
549239,1
549240,0
549241,0
549242,1
549243,1
549244,0
549245,1
549246,1
549247,0
549248,0
549249,1
549250,0
549251,0
549252,1
549253,1
549254,0
549255,0
549256,0
549257,1
549258,1
549259,0
549260,0
549261,1
549262,1
549263,1
549264,1
549265,1
549266,0
549267,0
549268,0
549269,1
549270,0
549271,1
549272,0
549273,1
549274,1
549275,1
549276,0
549277,1
549278,0
549279,0
549280,1
549281,1
549282,0
549283,0
549284,0
549285,0
549286,1
549287,1
549288,0
549289,0
549290,1
549291,0
549292,0
549293,1
549294,0
549295,1
549296,1
549297,1
549298,1
549299,1
549300,1
549301,0
549302,1
549303,0
549304,1
549305,0
549306,1
549307,1
549308,0
549309,0
549310,0
549311,0
549312,0
549313,1
549314,1
549315,1
549316,1
549317,1
549318,0
549319,1
549320,0
549321,0
549322,0
549323,1
549324,0
549325,0
549326,1
549327,0
549328,1
549329,1
549330,0
549331,1
549332,0
549333,1
549334,1
549335,0
549336,0
549337,0
549338,1
549339,0
549340,1
549341,1
549342,1
549343,0
549344,0
549345,1
549346,0
549347,1
549348,1
549349,1
549350,0
549351,0
549352,1
549353,0
549354,0
549355,0
549356,0
549357,0
549358,1
549359,1
549360,1
549361,1
549362,0
549363,0
549364,1
549365,0
549366,0
549367,0
549368,0
549369,1
549370,0
549371,1
549372,0
549373,0
549374,0
549375,0
549376,1
549377,0
549378,0
549379,0
549380,1
549381,0
549382,0
549383,0
549384,0
549385,0
549386,0
549387,0
549388,0
549389,1
549390,1
549391,1
549392,0
549393,0
549394,1
549395,0
549396,0
549397,1
549398,0
549399,0
549400,1
549401,1
549402,0
549403,1
549404,0
549405,0
549406,0
549407,1
549408,1
549409,0
549410,0
549411,1
549412,1
549413,1
549414,0
549415,1
549416,0
549417,1
549418,0
549419,1
549420,1
549421,0
549422,0
549423,1
549424,1
549425,0
549426,0
549427,1
549428,1
549429,0
549430,1
549431,0
549432,0
549433,1
549434,0
549435,0
549436,1
549437,0
549438,0
549439,0
549440,0
549441,0
549442,1
549443,1
549444,0
549445,1
549446,1
549447,0
549448,1
549449,1
549450,1
549451,0
549452,0
549453,0
549454,0
549455,0
549456,0
549457,0
549458,1
549459,0
549460,0
549461,1
549462,0
549463,0
549464,1
549465,0
549466,0
549467,1
549468,1
549469,0
549470,0
549471,1
549472,0
549473,1
549474,0
549475,0
549476,0
549477,0
549478,0
549479,0
549480,1
549481,0
549482,0
549483,0
549484,1
549485,1
549486,1
549487,0
549488,0
549489,0
549490,1
549491,0
549492,1
549493,1
549494,0
549495,0
549496,0
549497,1
549498,1
549499,0
549500,0
549501,1
549502,1
549503,1
549504,1
549505,1
549506,1
549507,0
549508,1
549509,1
549510,1
549511,1
549512,0
549513,1
549514,1
549515,0
549516,1
549517,0
549518,1
549519,0
549520,1
549521,1
549522,1
549523,0
549524,0
549525,1
549526,0
549527,1
549528,1
549529,1
549530,1
549531,1
549532,1
549533,0
549534,1
549535,1
549536,1
549537,1
549538,0
549539,1
549540,1
549541,1
549542,1
549543,1
549544,1
549545,1
549546,1
549547,1
549548,0
549549,1
549550,1
549551,0
549552,1
549553,1
549554,1
549555,1
549556,0
549557,0
549558,0
549559,1
549560,1
549561,1
549562,1
549563,0
549564,1
549565,0
549566,0
549567,1
549568,0
549569,1
549570,1
549571,0
549572,1
549573,0
549574,0
549575,0
549576,0
549577,1
549578,1
549579,1
549580,1
549581,1
549582,0
549583,1
549584,1
549585,0
549586,1
549587,0
549588,0
549589,1
549590,1
549591,0
549592,1
549593,1
549594,0
549595,1
549596,1
549597,0
549598,1
549599,1
549600,1
549601,1
549602,1
549603,0
549604,1
549605,1
549606,1
549607,0
549608,0
549609,1
549610,0
549611,0
549612,1
549613,0
549614,1
549615,1
549616,1
549617,1
549618,1
549619,0
549620,1
549621,0
549622,0
549623,1
549624,1
549625,1
549626,1
549627,1
549628,1
549629,1
549630,1
549631,1
549632,1
549633,1
549634,1
549635,0
549636,0
549637,1
549638,1
549639,1
549640,1
549641,1
549642,1
549643,1
549644,1
549645,1
549646,1
549647,1
549648,0
549649,1
549650,1
549651,0
549652,0
549653,1
549654,1
549655,0
549656,1
549657,1
549658,1
549659,0
549660,0
549661,0
549662,1
549663,1
549664,1
549665,1
549666,1
549667,0
549668,1
549669,1
549670,1
549671,1
549672,1
549673,0
549674,1
549675,1
549676,0
549677,0
549678,1
549679,1
549680,1
549681,1
549682,1
549683,0
549684,1
549685,1
549686,0
549687,0
549688,1
549689,1
549690,1
549691,1
549692,1
549693,0
549694,0
549695,0
549696,0
549697,0
549698,1
549699,1
549700,1
549701,1
549702,1
549703,0
549704,1
549705,0
549706,0
549707,1
549708,0
549709,1
549710,1
549711,1
549712,1
549713,1
549714,1
549715,1
549716,0
549717,0
549718,1
549719,1
549720,1
549721,0
549722,1
549723,1
549724,0
549725,1
549726,1
549727,0
549728,1
549729,1
549730,1
549731,1
549732,1
549733,1
549734,1
549735,0
549736,1
549737,0
549738,1
549739,1
549740,1
549741,1
549742,0
549743,1
549744,1
549745,0
549746,0
549747,0
549748,1
549749,1
549750,0
549751,0
549752,1
549753,1
549754,1
549755,1
549756,1
549757,1
549758,0
549759,1
549760,0
549761,1
549762,1
549763,0
549764,1
549765,1
549766,1
549767,1
549768,1
549769,1
549770,1
549771,1
549772,0
549773,0
549774,1
549775,1
549776,1
549777,1
549778,0
549779,0
549780,1
549781,0
549782,0
549783,1
549784,0
549785,1
549786,1
549787,1
549788,1
549789,1
549790,1
549791,1
549792,1
549793,1
549794,0
549795,0
549796,1
549797,1
549798,1
549799,1
549800,0
549801,1
549802,1
549803,0
549804,0
549805,1
549806,1
549807,1
549808,1
549809,0
549810,1
549811,1
549812,1
549813,0
549814,0
549815,1
549816,1
549817,1
549818,0
549819,0
549820,1
549821,1
549822,1
549823,0
549824,1
549825,1
549826,0
549827,1
549828,1
549829,1
549830,1
549831,1
549832,0
549833,1
549834,1
549835,0
549836,1
549837,1
549838,0
549839,0
549840,0
549841,1
549842,1
549843,0
549844,0
549845,1
549846,1
549847,0
549848,0
549849,1
549850,1
549851,1
549852,1
549853,1
549854,1
549855,1
549856,0
549857,1
549858,0
549859,0
549860,0
549861,1
549862,1
549863,0
549864,1
549865,0
549866,1
549867,1
549868,0
549869,1
549870,1
549871,1
549872,1
549873,0
549874,1
549875,0
549876,0
549877,0
549878,0
549879,0
549880,1
549881,1
549882,1
549883,1
549884,1
549885,1
549886,1
549887,1
549888,0
549889,1
549890,1
549891,1
549892,1
549893,1
549894,1
549895,1
549896,1
549897,1
549898,1
549899,1
549900,0
549901,1
549902,1
549903,1
549904,0
549905,1
549906,1
549907,0
549908,1
549909,0
549910,1
549911,1
549912,1
549913,1
549914,0
549915,1
549916,1
549917,0
549918,1
549919,0
549920,0
549921,0
549922,1
549923,1
549924,1
549925,1
549926,1
549927,0
549928,1
549929,1
549930,0
549931,0
549932,0
549933,1
549934,0
549935,1
549936,0
549937,1
549938,1
549939,1
549940,0
549941,1
549942,0
549943,0
549944,1
549945,0
549946,1
549947,1
549948,1
549949,1
549950,1
549951,0
549952,0
549953,1
549954,0
549955,1
549956,1
549957,0
549958,1
549959,1
549960,0
549961,1
549962,1
549963,1
549964,1
549965,1
549966,0
549967,0
549968,0
549969,0
549970,1
549971,1
549972,1
549973,0
549974,0
549975,0
549976,0
549977,1
549978,1
549979,1
549980,1
549981,0
549982,1
549983,1
549984,1
549985,0
549986,1
549987,0
549988,0
549989,1
549990,0
549991,0
549992,1
549993,1
549994,1
549995,0
549996,0
549997,1
549998,0
549999,0
550000,0
550001,0
550002,0
550003,1
550004,0
550005,0
550006,1
550007,0
550008,0
550009,0
550010,1
550011,0
550012,1
550013,1
550014,0
550015,1
550016,1
550017,1
550018,1
550019,0
550020,0
550021,1
550022,1
550023,1
550024,1
550025,0
550026,0
550027,1
550028,1
550029,1
550030,0
550031,0
550032,0
550033,0
550034,0
550035,0
550036,0
550037,0
550038,1
550039,1
550040,0
550041,0
550042,0
550043,0
550044,1
550045,0
550046,0
550047,0
550048,0
550049,0
550050,0
550051,0
550052,1
550053,0
550054,1
550055,0
550056,0
550057,1
550058,1
550059,1
550060,1
550061,1
550062,1
550063,0
550064,0
550065,0
550066,1
550067,0
550068,1
550069,0
550070,0
550071,1
550072,0
550073,1
550074,0
550075,0
550076,0
550077,1
550078,0
550079,0
550080,1
550081,0
550082,0
550083,1
550084,0
550085,1
550086,0
550087,0
550088,0
550089,0
550090,0
550091,0
550092,1
550093,0
550094,0
550095,1
550096,0
550097,0
550098,0
550099,0
550100,1
550101,1
550102,0
550103,0
550104,0
550105,0
550106,0
550107,0
550108,0
550109,1
550110,0
550111,0
550112,0
550113,0
550114,1
550115,0
550116,1
550117,1
550118,0
550119,1
550120,0
550121,0
550122,0
550123,0
550124,1
550125,0
550126,1
550127,0
550128,1
550129,0
550130,0
550131,0
550132,1
550133,0
550134,0
550135,1
550136,1
550137,1
550138,1
550139,1
550140,1
550141,0
550142,0
550143,1
550144,0
550145,0
550146,0
550147,0
550148,0
550149,0
550150,0
550151,1
550152,1
550153,0
550154,1
550155,0
550156,1
550157,1
550158,0
550159,1
550160,1
550161,0
550162,1
550163,1
550164,1
550165,0
550166,0
550167,0
550168,0
550169,0
550170,0
550171,0
550172,1
550173,0
550174,0
550175,0
550176,1
550177,0
550178,0
550179,1
550180,0
550181,0
550182,0
550183,1
550184,1
550185,1
550186,0
550187,1
550188,1
550189,1
550190,0
550191,1
550192,0
550193,0
550194,0
550195,0
550196,1
550197,1
550198,1
550199,0
550200,0
550201,0
550202,0
550203,0
550204,0
550205,0
550206,0
550207,1
550208,1
550209,0
550210,1
550211,0
550212,0
550213,0
550214,0
550215,1
550216,1
550217,1
550218,1
550219,1
550220,1
550221,0
550222,1
550223,1
550224,0
550225,0
550226,1
550227,0
550228,1
550229,0
550230,0
550231,0
550232,0
550233,0
550234,0
550235,1
550236,0
550237,1
550238,1
550239,1
550240,0
550241,0
550242,0
550243,1
550244,0
550245,1
550246,0
550247,0
550248,1
550249,1
550250,1
550251,0
550252,0
550253,0
550254,1
550255,0
550256,1
550257,1
550258,1
550259,1
550260,0
550261,0
550262,1
550263,0
550264,0
550265,1
550266,1
550267,1
550268,0
550269,0
550270,1
550271,1
550272,1
550273,1
550274,0
550275,0
550276,1
550277,1
550278,1
550279,0
550280,0
550281,0
550282,0
550283,0
550284,1
550285,0
550286,0
550287,1
550288,0
550289,1
550290,1
550291,1
550292,0
550293,0
550294,1
550295,0
550296,0
550297,0
550298,0
550299,0
550300,1
550301,1
550302,1
550303,1
550304,0
550305,0
550306,1
550307,0
550308,0
550309,0
550310,1
550311,0
550312,0
550313,1
550314,0
550315,0
550316,0
550317,0
550318,0
550319,1
550320,1
550321,0
550322,1
550323,1
550324,1
550325,0
550326,0
550327,1
550328,1
550329,0
550330,0
550331,1
550332,1
550333,1
550334,1
550335,0
550336,1
550337,1
550338,0
550339,1
550340,0
550341,0
550342,0
550343,1
550344,1
550345,0
550346,1
550347,0
550348,0
550349,1
550350,0
550351,1
550352,0
550353,0
550354,1
550355,1
550356,1
550357,0
550358,0
550359,0
550360,1
550361,0
550362,0
550363,1
550364,0
550365,0
550366,0
550367,1
550368,1
550369,0
550370,1
550371,0
550372,0
550373,1
550374,1
550375,1
550376,0
550377,0
550378,0
550379,0
550380,0
550381,1
550382,1
550383,1
550384,0
550385,1
550386,1
550387,0
550388,1
550389,1
550390,1
550391,1
550392,0
550393,0
550394,0
550395,0
550396,1
550397,1
550398,1
550399,0
550400,0
550401,0
550402,0
550403,0
550404,1
550405,0
550406,0
550407,1
550408,1
550409,1
550410,0
550411,0
550412,0
550413,1
550414,0
550415,0
550416,0
550417,0
550418,0
550419,0
550420,1
550421,1
550422,0
550423,1
550424,0
550425,0
550426,1
550427,0
550428,1
550429,1
550430,0
550431,0
550432,1
550433,0
550434,0
550435,1
550436,0
550437,0
550438,1
550439,1
550440,0
550441,0
550442,0
550443,0
550444,0
550445,0
550446,0
550447,1
550448,0
550449,1
550450,0
550451,1
550452,1
550453,0
550454,1
550455,0
550456,0
550457,1
550458,1
550459,0
550460,1
550461,1
550462,0
550463,0
550464,1
550465,1
550466,1
550467,0
550468,1
550469,1
550470,0
550471,1
550472,0
550473,0
550474,1
550475,0
550476,0
550477,0
550478,0
550479,1
550480,0
550481,1
550482,0
550483,1
550484,1
550485,0
550486,0
550487,0
550488,1
550489,0
550490,0
550491,0
550492,0
550493,0
550494,0
550495,1
550496,1
550497,1
550498,1
550499,0
550500,0
550501,1
550502,0
550503,0
550504,0
550505,1
550506,0
550507,1
550508,0
550509,0
550510,0
550511,1
550512,0
550513,1
550514,0
550515,1
550516,0
550517,0
550518,0
550519,0
550520,0
550521,0
550522,0
550523,0
550524,1
550525,0
550526,0
550527,1
550528,0
550529,0
550530,1
550531,1
550532,0
550533,1
550534,0
550535,0
550536,0
550537,0
550538,0
550539,1
550540,0
550541,0
550542,0
550543,1
550544,1
550545,1
550546,0
550547,0
550548,1
550549,1
550550,1
550551,1
550552,0
550553,0
550554,1
550555,1
550556,0
550557,1
550558,1
550559,0
550560,0
550561,0
550562,1
550563,1
550564,0
550565,1
550566,1
550567,0
550568,1
550569,1
550570,1
550571,0
550572,1
550573,0
550574,1
550575,0
550576,0
550577,1
550578,0
550579,1
550580,0
550581,1
550582,1
550583,1
550584,1
550585,1
550586,0
550587,0
550588,1
550589,0
550590,1
550591,1
550592,0
550593,0
550594,1
550595,1
550596,0
550597,1
550598,1
550599,1
550600,1
550601,1
550602,0
550603,1
550604,1
550605,1
550606,1
550607,1
550608,0
550609,1
550610,1
550611,0
550612,1
550613,1
550614,1
550615,0
550616,1
550617,1
550618,1
550619,0
550620,1
550621,1
550622,1
550623,0
550624,1
550625,0
550626,0
550627,1
550628,1
550629,0
550630,0
550631,0
550632,1
550633,1
550634,0
550635,0
550636,1
550637,0
550638,1
550639,1
550640,1
550641,1
550642,1
550643,0
550644,0
550645,1
550646,0
550647,0
550648,0
550649,1
550650,0
550651,1
550652,1
550653,0
550654,1
550655,1
550656,0
550657,0
550658,0
550659,1
550660,0
550661,0
550662,1
550663,1
550664,1
550665,0
550666,1
550667,1
550668,1
550669,1
550670,0
550671,1
550672,0
550673,0
550674,1
550675,1
550676,1
550677,1
550678,1
550679,0
550680,1
550681,1
550682,0
550683,0
550684,1
550685,1
550686,0
550687,0
550688,0
550689,0
550690,0
550691,1
550692,1
550693,0
550694,1
550695,0
550696,1
550697,0
550698,1
550699,0
550700,0
550701,1
550702,0
550703,0
550704,0
550705,0
550706,1
550707,1
550708,0
550709,0
550710,1
550711,0
550712,1
550713,1
550714,1
550715,1
550716,1
550717,1
550718,0
550719,0
550720,1
550721,0
550722,1
550723,0
550724,1
550725,0
550726,0
550727,1
550728,1
550729,0
550730,1
550731,0
550732,1
550733,0
550734,0
550735,1
550736,1
550737,0
550738,0
550739,1
550740,1
550741,1
550742,1
550743,1
550744,0
550745,1
550746,1
550747,1
550748,0
550749,0
550750,0
550751,1
550752,0
550753,1
550754,0
550755,1
550756,0
550757,0
550758,0
550759,1
550760,0
550761,0
550762,1
550763,0
550764,0
550765,0
550766,1
550767,0
550768,1
550769,1
550770,0
550771,0
550772,1
550773,1
550774,0
550775,1
550776,1
550777,1
550778,0
550779,1
550780,0
550781,1
550782,1
550783,1
550784,1
550785,0
550786,1
550787,0
550788,1
550789,0
550790,0
550791,1
550792,0
550793,0
550794,1
550795,0
550796,0
550797,0
550798,0
550799,1
550800,0
550801,0
550802,0
550803,0
550804,1
550805,0
550806,0
550807,0
550808,0
550809,0
550810,0
550811,1
550812,1
550813,1
550814,0
550815,1
550816,1
550817,0
550818,0
550819,1
550820,0
550821,1
550822,1
550823,1
550824,0
550825,1
550826,1
550827,0
550828,1
550829,1
550830,1
550831,1
550832,1
550833,0
550834,0
550835,1
550836,1
550837,1
550838,1
550839,1
550840,1
550841,1
550842,1
550843,1
550844,1
550845,1
550846,1
550847,0
550848,1
550849,1
550850,1
550851,1
550852,1
550853,1
550854,1
550855,1
550856,1
550857,1
550858,1
550859,1
550860,1
550861,0
550862,0
550863,1
550864,1
550865,1
550866,1
550867,0
550868,0
550869,1
550870,0
550871,1
550872,1
550873,1
550874,1
550875,1
550876,0
550877,1
550878,0
550879,1
550880,0
550881,1
550882,1
550883,1
550884,1
550885,0
550886,1
550887,1
550888,1
550889,1
550890,0
550891,1
550892,1
550893,1
550894,1
550895,1
550896,0
550897,1
550898,1
550899,1
550900,1
550901,1
550902,1
550903,1
550904,1
550905,1
550906,1
550907,0
550908,1
550909,1
550910,1
550911,1
550912,1
550913,1
550914,1
550915,1
550916,0
550917,1
550918,1
550919,1
550920,0
550921,1
550922,1
550923,1
550924,1
550925,1
550926,1
550927,1
550928,1
550929,1
550930,1
550931,1
550932,0
550933,1
550934,0
550935,0
550936,1
550937,1
550938,1
550939,1
550940,1
550941,1
550942,1
550943,1
550944,0
550945,1
550946,1
550947,1
550948,1
550949,1
550950,1
550951,1
550952,1
550953,0
550954,1
550955,1
550956,1
550957,1
550958,1
550959,1
550960,1
550961,1
550962,0
550963,1
550964,1
550965,1
550966,1
550967,1
550968,1
550969,0
550970,1
550971,1
550972,1
550973,1
550974,1
550975,1
550976,1
550977,1
550978,1
550979,1
550980,1
550981,1
550982,1
550983,1
550984,1
550985,1
550986,1
550987,0
550988,1
550989,1
550990,1
550991,1
550992,0
550993,1
550994,1
550995,1
550996,1
550997,1
550998,1
550999,1
551000,1
551001,1
551002,1
551003,1
551004,1
551005,1
551006,0
551007,1
551008,1
551009,1
551010,1
551011,1
551012,1
551013,0
551014,1
551015,1
551016,1
551017,1
551018,0
551019,1
551020,1
551021,0
551022,1
551023,1
551024,1
551025,1
551026,1
551027,1
551028,1
551029,1
551030,1
551031,1
551032,1
551033,1
551034,1
551035,1
551036,1
551037,1
551038,1
551039,1
551040,1
551041,1
551042,1
551043,1
551044,1
551045,1
551046,1
551047,1
551048,0
551049,1
551050,0
551051,0
551052,1
551053,1
551054,0
551055,0
551056,0
551057,1
551058,1
551059,0
551060,1
551061,1
551062,1
551063,1
551064,1
551065,1
551066,1
551067,1
551068,1
551069,0
551070,1
551071,0
551072,0
551073,1
551074,1
551075,0
551076,1
551077,1
551078,1
551079,0
551080,1
551081,1
551082,0
551083,1
551084,0
551085,1
551086,1
551087,0
551088,0
551089,1
551090,1
551091,1
551092,1
551093,1
551094,1
551095,1
551096,1
551097,1
551098,1
551099,0
551100,0
551101,1
551102,1
551103,0
551104,0
551105,1
551106,0
551107,1
551108,1
551109,0
551110,0
551111,0
551112,0
551113,1
551114,0
551115,1
551116,1
551117,1
551118,1
551119,1
551120,1
551121,1
551122,1
551123,0
551124,1
551125,0
551126,1
551127,0
551128,1
551129,1
551130,0
551131,0
551132,1
551133,1
551134,0
551135,1
551136,1
551137,1
551138,1
551139,1
551140,1
551141,1
551142,0
551143,0
551144,1
551145,0
551146,1
551147,0
551148,0
551149,1
551150,1
551151,1
551152,1
551153,1
551154,0
551155,0
551156,0
551157,0
551158,1
551159,0
551160,1
551161,0
551162,0
551163,1
551164,0
551165,1
551166,1
551167,1
551168,0
551169,0
551170,1
551171,1
551172,1
551173,0
551174,1
551175,1
551176,1
551177,1
551178,1
551179,1
551180,1
551181,1
551182,0
551183,1
551184,0
551185,0
551186,0
551187,1
551188,0
551189,1
551190,1
551191,0
551192,1
551193,1
551194,0
551195,1
551196,0
551197,1
551198,1
551199,1
551200,0
551201,0
551202,1
551203,1
551204,1
551205,1
551206,0
551207,1
551208,1
551209,0
551210,1
551211,0
551212,0
551213,1
551214,1
551215,1
551216,0
551217,0
551218,0
551219,0
551220,1
551221,1
551222,0
551223,0
551224,1
551225,0
551226,0
551227,0
551228,1
551229,1
551230,0
551231,1
551232,0
551233,0
551234,1
551235,1
551236,1
551237,1
551238,1
551239,1
551240,1
551241,0
551242,1
551243,0
551244,0
551245,1
551246,0
551247,1
551248,1
551249,0
551250,1
551251,0
551252,1
551253,1
551254,0
551255,1
551256,1
551257,1
551258,1
551259,1
551260,0
551261,1
551262,0
551263,1
551264,0
551265,1
551266,1
551267,1
551268,0
551269,1
551270,1
551271,1
551272,0
551273,0
551274,0
551275,0
551276,1
551277,1
551278,1
551279,1
551280,0
551281,0
551282,1
551283,1
551284,1
551285,0
551286,0
551287,1
551288,1
551289,0
551290,0
551291,1
551292,1
551293,1
551294,0
551295,1
551296,1
551297,1
551298,0
551299,1
551300,1
551301,0
551302,0
551303,1
551304,1
551305,0
551306,1
551307,0
551308,1
551309,1
551310,1
551311,1
551312,0
551313,0
551314,1
551315,1
551316,1
551317,1
551318,1
551319,1
551320,1
551321,1
551322,1
551323,1
551324,0
551325,0
551326,1
551327,1
551328,1
551329,1
551330,1
551331,0
551332,0
551333,1
551334,1
551335,1
551336,1
551337,1
551338,0
551339,0
551340,0
551341,1
551342,1
551343,1
551344,1
551345,0
551346,1
551347,1
551348,0
551349,1
551350,0
551351,0
551352,0
551353,0
551354,1
551355,1
551356,1
551357,1
551358,1
551359,1
551360,1
551361,0
551362,1
551363,1
551364,0
551365,0
551366,1
551367,0
551368,1
551369,1
551370,0
551371,0
551372,0
551373,0
551374,1
551375,0
551376,1
551377,1
551378,1
551379,1
551380,0
551381,1
551382,1
551383,1
551384,0
551385,0
551386,0
551387,0
551388,0
551389,0
551390,0
551391,0
551392,1
551393,1
551394,0
551395,1
551396,1
551397,1
551398,1
551399,1
551400,1
551401,0
551402,0
551403,0
551404,0
551405,0
551406,1
551407,1
551408,1
551409,0
551410,1
551411,0
551412,0
551413,0
551414,0
551415,0
551416,0
551417,1
551418,0
551419,0
551420,0
551421,1
551422,0
551423,1
551424,0
551425,0
551426,0
551427,0
551428,0
551429,1
551430,0
551431,1
551432,0
551433,0
551434,0
551435,0
551436,1
551437,1
551438,1
551439,0
551440,0
551441,1
551442,0
551443,0
551444,1
551445,0
551446,1
551447,0
551448,1
551449,0
551450,1
551451,1
551452,1
551453,0
551454,1
551455,0
551456,1
551457,0
551458,1
551459,0
551460,1
551461,1
551462,1
551463,0
551464,1
551465,0
551466,0
551467,1
551468,0
551469,1
551470,0
551471,0
551472,0
551473,1
551474,0
551475,0
551476,0
551477,0
551478,0
551479,1
551480,1
551481,0
551482,1
551483,1
551484,0
551485,1
551486,0
551487,0
551488,0
551489,0
551490,0
551491,0
551492,1
551493,0
551494,0
551495,0
551496,1
551497,1
551498,0
551499,0
551500,0
551501,0
551502,1
551503,0
551504,1
551505,0
551506,0
551507,1
551508,0
551509,0
551510,0
551511,1
551512,1
551513,1
551514,1
551515,1
551516,0
551517,1
551518,1
551519,1
551520,0
551521,0
551522,0
551523,0
551524,1
551525,0
551526,1
551527,1
551528,1
551529,0
551530,0
551531,0
551532,0
551533,0
551534,0
551535,0
551536,0
551537,0
551538,0
551539,0
551540,1
551541,0
551542,1
551543,0
551544,0
551545,0
551546,0
551547,1
551548,1
551549,0
551550,0
551551,1
551552,0
551553,1
551554,1
551555,1
551556,1
551557,0
551558,0
551559,1
551560,1
551561,0
551562,1
551563,0
551564,0
551565,0
551566,1
551567,0
551568,1
551569,1
551570,0
551571,1
551572,0
551573,1
551574,1
551575,1
551576,0
551577,1
551578,0
551579,0
551580,1
551581,1
551582,1
551583,1
551584,0
551585,0
551586,0
551587,1
551588,0
551589,0
551590,0
551591,0
551592,0
551593,0
551594,0
551595,0
551596,1
551597,1
551598,0
551599,0
551600,1
551601,0
551602,0
551603,1
551604,0
551605,0
551606,1
551607,0
551608,0
551609,1
551610,1
551611,0
551612,1
551613,0
551614,0
551615,0
551616,0
551617,0
551618,1
551619,0
551620,0
551621,0
551622,0
551623,0
551624,0
551625,0
551626,1
551627,1
551628,0
551629,0
551630,0
551631,1
551632,0
551633,0
551634,1
551635,0
551636,0
551637,1
551638,1
551639,1
551640,0
551641,0
551642,0
551643,0
551644,1
551645,0
551646,1
551647,1
551648,0
551649,0
551650,1
551651,0
551652,0
551653,0
551654,0
551655,1
551656,0
551657,1
551658,0
551659,1
551660,1
551661,1
551662,0
551663,1
551664,1
551665,0
551666,0
551667,1
551668,0
551669,0
551670,1
551671,0
551672,1
551673,1
551674,1
551675,1
551676,0
551677,0
551678,0
551679,0
551680,1
551681,1
551682,1
551683,0
551684,0
551685,1
551686,1
551687,0
551688,1
551689,0
551690,1
551691,0
551692,1
551693,0
551694,0
551695,0
551696,1
551697,0
551698,0
551699,1
551700,1
551701,0
551702,0
551703,1
551704,0
551705,0
551706,0
551707,0
551708,0
551709,0
551710,1
551711,0
551712,1
551713,1
551714,0
551715,0
551716,1
551717,1
551718,1
551719,1
551720,1
551721,1
551722,1
551723,0
551724,1
551725,0
551726,1
551727,1
551728,0
551729,0
551730,0
551731,1
551732,0
551733,0
551734,1
551735,1
551736,0
551737,0
551738,0
551739,1
551740,1
551741,0
551742,0
551743,1
551744,0
551745,1
551746,0
551747,0
551748,1
551749,0
551750,0
551751,1
551752,1
551753,0
551754,1
551755,1
551756,1
551757,1
551758,1
551759,1
551760,0
551761,1
551762,0
551763,0
551764,0
551765,1
551766,1
551767,1
551768,1
551769,0
551770,1
551771,1
551772,0
551773,0
551774,1
551775,1
551776,0
551777,1
551778,1
551779,0
551780,0
551781,1
551782,1
551783,0
551784,1
551785,0
551786,0
551787,0
551788,0
551789,1
551790,0
551791,0
551792,1
551793,1
551794,1
551795,1
551796,1
551797,0
551798,1
551799,1
551800,0
551801,1
551802,1
551803,1
551804,0
551805,1
551806,0
551807,1
551808,0
551809,0
551810,0
551811,0
551812,0
551813,0
551814,0
551815,1
551816,1
551817,0
551818,1
551819,1
551820,0
551821,0
551822,1
551823,0
551824,0
551825,0
551826,0
551827,0
551828,0
551829,0
551830,1
551831,0
551832,0
551833,0
551834,0
551835,0
551836,1
551837,1
551838,0
551839,0
551840,0
551841,1
551842,0
551843,0
551844,0
551845,1
551846,0
551847,1
551848,0
551849,1
551850,1
551851,1
551852,0
551853,0
551854,1
551855,1
551856,1
551857,1
551858,0
551859,1
551860,1
551861,0
551862,1
551863,0
551864,0
551865,0
551866,0
551867,0
551868,1
551869,1
551870,0
551871,0
551872,0
551873,0
551874,1
551875,1
551876,1
551877,0
551878,0
551879,0
551880,0
551881,0
551882,0
551883,0
551884,0
551885,1
551886,1
551887,0
551888,0
551889,0
551890,0
551891,0
551892,1
551893,0
551894,0
551895,1
551896,0
551897,0
551898,0
551899,0
551900,0
551901,0
551902,1
551903,1
551904,0
551905,0
551906,0
551907,0
551908,0
551909,1
551910,0
551911,1
551912,0
551913,0
551914,1
551915,1
551916,0
551917,0
551918,0
551919,0
551920,0
551921,0
551922,0
551923,0
551924,0
551925,0
551926,1
551927,0
551928,0
551929,0
551930,1
551931,0
551932,1
551933,0
551934,1
551935,0
551936,1
551937,0
551938,0
551939,0
551940,0
551941,0
551942,0
551943,0
551944,0
551945,0
551946,0
551947,1
551948,0
551949,1
551950,0
551951,0
551952,0
551953,0
551954,1
551955,1
551956,0
551957,0
551958,1
551959,0
551960,0
551961,1
551962,1
551963,1
551964,1
551965,0
551966,1
551967,0
551968,1
551969,0
551970,0
551971,1
551972,0
551973,0
551974,0
551975,0
551976,0
551977,1
551978,0
551979,1
551980,0
551981,0
551982,0
551983,0
551984,0
551985,0
551986,0
551987,1
551988,0
551989,1
551990,0
551991,0
551992,0
551993,0
551994,0
551995,0
551996,1
551997,0
551998,0
551999,1
552000,0
552001,0
552002,0
552003,0
552004,0
552005,0
552006,0
552007,0
552008,0
552009,0
552010,0
552011,0
552012,0
552013,0
552014,0
552015,0
552016,0
552017,0
552018,0
552019,1
552020,0
552021,0
552022,0
552023,0
552024,0
552025,0
552026,1
552027,0
552028,0
552029,0
552030,1
552031,0
552032,0
552033,1
552034,0
552035,0
552036,0
552037,0
552038,0
552039,0
552040,0
552041,1
552042,1
552043,0
552044,0
552045,0
552046,0
552047,0
552048,1
552049,0
552050,1
552051,0
552052,0
552053,0
552054,0
552055,0
552056,0
552057,0
552058,0
552059,0
552060,1
552061,0
552062,1
552063,1
552064,0
552065,0
552066,0
552067,0
552068,0
552069,0
552070,0
552071,0
552072,0
552073,0
552074,0
552075,0
552076,0
552077,0
552078,0
552079,0
552080,0
552081,0
552082,0
552083,0
552084,0
552085,0
552086,0
552087,0
552088,0
552089,1
552090,0
552091,0
552092,0
552093,1
552094,1
552095,0
552096,1
552097,0
552098,1
552099,1
552100,0
552101,0
552102,1
552103,0
552104,1
552105,0
552106,0
552107,0
552108,0
552109,0
552110,0
552111,0
552112,0
552113,0
552114,0
552115,0
552116,0
552117,0
552118,0
552119,0
552120,0
552121,0
552122,0
552123,0
552124,1
552125,0
552126,0
552127,0
552128,0
552129,1
552130,1
552131,0
552132,0
552133,0
552134,0
552135,0
552136,0
552137,0
552138,0
552139,1
552140,0
552141,1
552142,1
552143,1
552144,1
552145,0
552146,1
552147,1
552148,1
552149,1
552150,1
552151,1
552152,1
552153,0
552154,0
552155,1
552156,0
552157,1
552158,1
552159,1
552160,1
552161,1
552162,1
552163,1
552164,1
552165,0
552166,0
552167,0
552168,1
552169,0
552170,1
552171,1
552172,1
552173,1
552174,1
552175,1
552176,1
552177,0
552178,0
552179,0
552180,1
552181,1
552182,1
552183,1
552184,0
552185,1
552186,1
552187,0
552188,1
552189,1
552190,1
552191,0
552192,1
552193,1
552194,1
552195,1
552196,1
552197,1
552198,0
552199,0
552200,1
552201,1
552202,1
552203,0
552204,1
552205,1
552206,1
552207,1
552208,0
552209,0
552210,0
552211,1
552212,1
552213,0
552214,0
552215,1
552216,0
552217,1
552218,0
552219,1
552220,0
552221,1
552222,1
552223,1
552224,1
552225,0
552226,1
552227,1
552228,0
552229,1
552230,1
552231,0
552232,1
552233,0
552234,1
552235,0
552236,1
552237,1
552238,0
552239,0
552240,0
552241,0
552242,0
552243,1
552244,0
552245,1
552246,1
552247,0
552248,1
552249,1
552250,1
552251,1
552252,0
552253,0
552254,0
552255,1
552256,1
552257,0
552258,0
552259,1
552260,0
552261,0
552262,1
552263,0
552264,1
552265,1
552266,0
552267,1
552268,0
552269,0
552270,1
552271,1
552272,0
552273,1
552274,1
552275,1
552276,1
552277,1
552278,1
552279,0
552280,1
552281,1
552282,0
552283,0
552284,1
552285,1
552286,1
552287,0
552288,1
552289,1
552290,1
552291,1
552292,1
552293,1
552294,0
552295,1
552296,0
552297,1
552298,1
552299,1
552300,0
552301,0
552302,1
552303,0
552304,0
552305,1
552306,1
552307,1
552308,1
552309,0
552310,1
552311,1
552312,0
552313,1
552314,1
552315,0
552316,1
552317,1
552318,1
552319,1
552320,0
552321,0
552322,0
552323,1
552324,1
552325,1
552326,0
552327,1
552328,1
552329,1
552330,1
552331,1
552332,1
552333,1
552334,1
552335,0
552336,1
552337,0
552338,1
552339,1
552340,1
552341,1
552342,1
552343,0
552344,1
552345,1
552346,1
552347,1
552348,0
552349,0
552350,0
552351,1
552352,1
552353,1
552354,0
552355,1
552356,1
552357,0
552358,0
552359,1
552360,1
552361,1
552362,1
552363,1
552364,0
552365,1
552366,0
552367,1
552368,0
552369,0
552370,1
552371,0
552372,0
552373,1
552374,1
552375,1
552376,1
552377,1
552378,0
552379,1
552380,1
552381,0
552382,0
552383,1
552384,1
552385,0
552386,1
552387,1
552388,1
552389,1
552390,1
552391,1
552392,1
552393,1
552394,1
552395,1
552396,0
552397,0
552398,0
552399,1
552400,1
552401,0
552402,0
552403,0
552404,0
552405,0
552406,0
552407,0
552408,1
552409,1
552410,1
552411,0
552412,0
552413,1
552414,1
552415,0
552416,1
552417,1
552418,0
552419,1
552420,0
552421,0
552422,1
552423,1
552424,1
552425,1
552426,1
552427,1
552428,1
552429,0
552430,0
552431,0
552432,0
552433,1
552434,1
552435,0
552436,1
552437,1
552438,1
552439,1
552440,1
552441,0
552442,0
552443,0
552444,0
552445,0
552446,1
552447,1
552448,0
552449,0
552450,1
552451,1
552452,1
552453,0
552454,0
552455,0
552456,1
552457,1
552458,1
552459,1
552460,0
552461,1
552462,0
552463,1
552464,0
552465,0
552466,0
552467,0
552468,0
552469,1
552470,1
552471,0
552472,1
552473,1
552474,0
552475,0
552476,0
552477,0
552478,0
552479,1
552480,1
552481,1
552482,0
552483,0
552484,0
552485,0
552486,0
552487,1
552488,1
552489,1
552490,1
552491,1
552492,1
552493,1
552494,0
552495,1
552496,0
552497,1
552498,1
552499,1
552500,1
552501,0
552502,0
552503,1
552504,1
552505,0
552506,1
552507,1
552508,1
552509,1
552510,1
552511,0
552512,1
552513,0
552514,0
552515,0
552516,1
552517,1
552518,0
552519,1
552520,0
552521,1
552522,1
552523,0
552524,1
552525,0
552526,1
552527,0
552528,0
552529,1
552530,1
552531,1
552532,1
552533,1
552534,1
552535,0
552536,1
552537,0
552538,1
552539,0
552540,1
552541,0
552542,0
552543,0
552544,0
552545,0
552546,0
552547,0
552548,0
552549,0
552550,0
552551,1
552552,1
552553,1
552554,1
552555,0
552556,1
552557,1
552558,0
552559,0
552560,0
552561,1
552562,0
552563,0
552564,0
552565,1
552566,1
552567,0
552568,0
552569,1
552570,0
552571,0
552572,0
552573,1
552574,0
552575,1
552576,0
552577,0
552578,0
552579,0
552580,0
552581,1
552582,0
552583,0
552584,1
552585,0
552586,0
552587,1
552588,0
552589,0
552590,0
552591,0
552592,1
552593,1
552594,0
552595,1
552596,0
552597,0
552598,0
552599,1
552600,1
552601,1
552602,0
552603,1
552604,1
552605,1
552606,1
552607,1
552608,1
552609,0
552610,1
552611,0
552612,1
552613,1
552614,1
552615,0
552616,1
552617,0
552618,1
552619,0
552620,1
552621,0
552622,0
552623,1
552624,0
552625,0
552626,1
552627,0
552628,0
552629,1
552630,1
552631,0
552632,0
552633,0
552634,0
552635,0
552636,1
552637,0
552638,1
552639,1
552640,0
552641,1
552642,0
552643,0
552644,0
552645,1
552646,0
552647,0
552648,0
552649,0
552650,1
552651,0
552652,0
552653,1
552654,0
552655,0
552656,1
552657,0
552658,0
552659,1
552660,1
552661,0
552662,0
552663,0
552664,0
552665,0
552666,0
552667,0
552668,1
552669,0
552670,0
552671,0
552672,0
552673,0
552674,0
552675,0
552676,1
552677,0
552678,0
552679,0
552680,0
552681,1
552682,1
552683,1
552684,1
552685,1
552686,1
552687,0
552688,0
552689,0
552690,0
552691,1
552692,1
552693,0
552694,1
552695,0
552696,1
552697,1
552698,1
552699,1
552700,1
552701,0
552702,0
552703,0
552704,1
552705,1
552706,1
552707,1
552708,0
552709,0
552710,0
552711,0
552712,0
552713,0
552714,1
552715,1
552716,1
552717,1
552718,1
552719,0
552720,0
552721,1
552722,1
552723,0
552724,1
552725,1
552726,0
552727,0
552728,1
552729,1
552730,0
552731,1
552732,0
552733,0
552734,1
552735,0
552736,1
552737,0
552738,1
552739,0
552740,1
552741,0
552742,0
552743,1
552744,1
552745,0
552746,0
552747,0
552748,1
552749,0
552750,0
552751,1
552752,0
552753,1
552754,0
552755,0
552756,0
552757,0
552758,0
552759,1
552760,1
552761,0
552762,1
552763,0
552764,1
552765,1
552766,1
552767,0
552768,1
552769,0
552770,0
552771,1
552772,0
552773,1
552774,0
552775,0
552776,0
552777,1
552778,0
552779,1
552780,0
552781,1
552782,1
552783,0
552784,0
552785,0
552786,0
552787,0
552788,0
552789,0
552790,0
552791,0
552792,1
552793,0
552794,0
552795,1
552796,1
552797,0
552798,1
552799,0
552800,1
552801,1
552802,0
552803,0
552804,1
552805,1
552806,1
552807,0
552808,0
552809,0
552810,0
552811,1
552812,0
552813,1
552814,1
552815,0
552816,1
552817,1
552818,0
552819,1
552820,1
552821,1
552822,1
552823,0
552824,0
552825,1
552826,0
552827,1
552828,0
552829,0
552830,0
552831,0
552832,1
552833,1
552834,0
552835,1
552836,1
552837,0
552838,1
552839,1
552840,0
552841,1
552842,0
552843,0
552844,1
552845,0
552846,0
552847,0
552848,0
552849,0
552850,0
552851,1
552852,0
552853,0
552854,1
552855,0
552856,1
552857,0
552858,0
552859,1
552860,1
552861,0
552862,0
552863,0
552864,0
552865,1
552866,1
552867,1
552868,0
552869,0
552870,0
552871,0
552872,0
552873,1
552874,0
552875,0
552876,0
552877,1
552878,0
552879,0
552880,1
552881,0
552882,0
552883,0
552884,0
552885,1
552886,0
552887,0
552888,1
552889,0
552890,1
552891,0
552892,0
552893,0
552894,1
552895,0
552896,1
552897,0
552898,1
552899,0
552900,0
552901,0
552902,1
552903,1
552904,0
552905,0
552906,1
552907,0
552908,0
552909,1
552910,0
552911,1
552912,0
552913,1
552914,1
552915,0
552916,0
552917,0
552918,0
552919,1
552920,0
552921,0
552922,0
552923,0
552924,0
552925,1
552926,1
552927,0
552928,1
552929,0
552930,0
552931,1
552932,0
552933,1
552934,0
552935,0
552936,0
552937,0
552938,0
552939,0
552940,1
552941,0
552942,0
552943,0
552944,0
552945,1
552946,0
552947,1
552948,0
552949,1
552950,0
552951,1
552952,1
552953,0
552954,0
552955,1
552956,0
552957,1
552958,0
552959,0
552960,0
552961,1
552962,0
552963,0
552964,0
552965,1
552966,1
552967,1
552968,1
552969,1
552970,0
552971,0
552972,1
552973,0
552974,1
552975,1
552976,1
552977,0
552978,0
552979,0
552980,0
552981,0
552982,0
552983,0
552984,0
552985,0
552986,0
552987,0
552988,1
552989,0
552990,0
552991,1
552992,1
552993,0
552994,0
552995,1
552996,0
552997,1
552998,1
552999,0
553000,0
553001,1
553002,0
553003,1
553004,1
553005,0
553006,0
553007,0
553008,0
553009,0
553010,1
553011,0
553012,0
553013,1
553014,1
553015,0
553016,0
553017,1
553018,1
553019,0
553020,0
553021,1
553022,1
553023,1
553024,0
553025,1
553026,1
553027,1
553028,1
553029,0
553030,0
553031,1
553032,1
553033,1
553034,0
553035,0
553036,0
553037,1
553038,1
553039,0
553040,0
553041,0
553042,1
553043,0
553044,1
553045,0
553046,0
553047,0
553048,1
553049,1
553050,1
553051,1
553052,0
553053,1
553054,1
553055,0
553056,0
553057,0
553058,0
553059,1
553060,0
553061,1
553062,1
553063,0
553064,0
553065,1
553066,1
553067,1
553068,1
553069,0
553070,1
553071,0
553072,0
553073,1
553074,1
553075,0
553076,1
553077,0
553078,0
553079,1
553080,0
553081,0
553082,0
553083,0
553084,0
553085,0
553086,0
553087,1
553088,1
553089,1
553090,0
553091,0
553092,0
553093,1
553094,0
553095,1
553096,0
553097,1
553098,0
553099,1
553100,0
553101,0
553102,0
553103,0
553104,1
553105,0
553106,0
553107,1
553108,0
553109,1
553110,0
553111,1
553112,1
553113,1
553114,1
553115,1
553116,0
553117,1
553118,0
553119,1
553120,1
553121,1
553122,0
553123,0
553124,0
553125,0
553126,1
553127,1
553128,1
553129,1
553130,1
553131,0
553132,1
553133,1
553134,1
553135,0
553136,1
553137,1
553138,0
553139,0
553140,1
553141,0
553142,0
553143,1
553144,0
553145,0
553146,0
553147,0
553148,0
553149,0
553150,0
553151,0
553152,0
553153,0
553154,0
553155,1
553156,1
553157,0
553158,0
553159,1
553160,0
553161,0
553162,1
553163,1
553164,0
553165,1
553166,1
553167,1
553168,0
553169,1
553170,1
553171,1
553172,0
553173,0
553174,1
553175,1
553176,1
553177,1
553178,0
553179,1
553180,1
553181,0
553182,1
553183,0
553184,1
553185,1
553186,0
553187,1
553188,0
553189,0
553190,1
553191,0
553192,0
553193,0
553194,0
553195,0
553196,1
553197,0
553198,0
553199,1
553200,1
553201,0
553202,1
553203,1
553204,1
553205,1
553206,0
553207,1
553208,0
553209,0
553210,0
553211,1
553212,1
553213,0
553214,0
553215,0
553216,0
553217,0
553218,1
553219,0
553220,1
553221,1
553222,0
553223,0
553224,0
553225,1
553226,1
553227,0
553228,1
553229,1
553230,1
553231,0
553232,1
553233,1
553234,0
553235,0
553236,0
553237,1
553238,1
553239,1
553240,0
553241,0
553242,0
553243,0
553244,1
553245,0
553246,1
553247,1
553248,1
553249,1
553250,1
553251,1
553252,1
553253,0
553254,0
553255,1
553256,1
553257,1
553258,1
553259,1
553260,0
553261,0
553262,0
553263,1
553264,1
553265,1
553266,1
553267,0
553268,1
553269,1
553270,1
553271,1
553272,0
553273,1
553274,1
553275,0
553276,0
553277,0
553278,0
553279,0
553280,1
553281,0
553282,0
553283,1
553284,0
553285,0
553286,1
553287,0
553288,1
553289,0
553290,1
553291,0
553292,1
553293,0
553294,0
553295,1
553296,1
553297,0
553298,0
553299,1
553300,0
553301,0
553302,1
553303,1
553304,1
553305,1
553306,1
553307,1
553308,1
553309,0
553310,0
553311,1
553312,1
553313,0
553314,0
553315,0
553316,1
553317,0
553318,0
553319,0
553320,1
553321,1
553322,0
553323,0
553324,0
553325,1
553326,0
553327,1
553328,1
553329,1
553330,1
553331,0
553332,0
553333,1
553334,0
553335,0
553336,1
553337,1
553338,1
553339,0
553340,0
553341,0
553342,1
553343,1
553344,0
553345,0
553346,0
553347,0
553348,0
553349,0
553350,1
553351,0
553352,1
553353,0
553354,1
553355,0
553356,1
553357,0
553358,1
553359,1
553360,0
553361,1
553362,1
553363,1
553364,0
553365,0
553366,0
553367,1
553368,0
553369,0
553370,1
553371,1
553372,0
553373,1
553374,0
553375,0
553376,0
553377,1
553378,0
553379,1
553380,1
553381,0
553382,0
553383,1
553384,1
553385,1
553386,0
553387,0
553388,0
553389,0
553390,1
553391,1
553392,1
553393,1
553394,1
553395,0
553396,0
553397,0
553398,1
553399,0
553400,1
553401,0
553402,0
553403,1
553404,0
553405,0
553406,1
553407,0
553408,0
553409,1
553410,1
553411,0
553412,1
553413,0
553414,0
553415,0
553416,1
553417,0
553418,0
553419,0
553420,0
553421,1
553422,0
553423,1
553424,0
553425,1
553426,1
553427,0
553428,0
553429,0
553430,0
553431,0
553432,1
553433,1
553434,1
553435,1
553436,0
553437,0
553438,0
553439,1
553440,0
553441,0
553442,0
553443,0
553444,0
553445,0
553446,1
553447,1
553448,0
553449,0
553450,0
553451,1
553452,0
553453,1
553454,1
553455,1
553456,0
553457,1
553458,1
553459,0
553460,0
553461,0
553462,1
553463,0
553464,0
553465,1
553466,1
553467,0
553468,0
553469,0
553470,1
553471,1
553472,0
553473,0
553474,0
553475,0
553476,1
553477,1
553478,0
553479,1
553480,0
553481,0
553482,0
553483,1
553484,1
553485,0
553486,0
553487,0
553488,0
553489,1
553490,1
553491,1
553492,1
553493,0
553494,1
553495,1
553496,0
553497,0
553498,1
553499,1
553500,1
553501,1
553502,0
553503,1
553504,0
553505,0
553506,1
553507,1
553508,1
553509,0
553510,1
553511,1
553512,0
553513,1
553514,1
553515,0
553516,1
553517,1
553518,0
553519,0
553520,0
553521,0
553522,0
553523,1
553524,0
553525,0
553526,1
553527,0
553528,0
553529,1
553530,0
553531,0
553532,0
553533,0
553534,1
553535,0
553536,1
553537,0
553538,1
553539,0
553540,0
553541,0
553542,0
553543,0
553544,0
553545,1
553546,1
553547,0
553548,0
553549,0
553550,0
553551,1
553552,0
553553,0
553554,0
553555,0
553556,0
553557,1
553558,0
553559,1
553560,1
553561,1
553562,0
553563,1
553564,1
553565,1
553566,0
553567,0
553568,0
553569,0
553570,0
553571,0
553572,0
553573,0
553574,1
553575,0
553576,1
553577,0
553578,0
553579,0
553580,1
553581,0
553582,1
553583,0
553584,1
553585,1
553586,1
553587,1
553588,0
553589,0
553590,0
553591,1
553592,1
553593,0
553594,0
553595,0
553596,0
553597,0
553598,1
553599,1
553600,0
553601,0
553602,1
553603,1
553604,0
553605,1
553606,0
553607,0
553608,1
553609,0
553610,0
553611,0
553612,0
553613,1
553614,0
553615,1
553616,0
553617,0
553618,0
553619,1
553620,0
553621,0
553622,1
553623,0
553624,0
553625,1
553626,0
553627,1
553628,1
553629,0
553630,0
553631,0
553632,0
553633,0
553634,1
553635,0
553636,0
553637,1
553638,0
553639,1
553640,0
553641,0
553642,0
553643,0
553644,0
553645,0
553646,1
553647,0
553648,1
553649,0
553650,0
553651,0
553652,0
553653,0
553654,1
553655,0
553656,0
553657,0
553658,0
553659,0
553660,1
553661,0
553662,0
553663,1
553664,0
553665,0
553666,1
553667,0
553668,1
553669,0
553670,1
553671,1
553672,0
553673,1
553674,0
553675,0
553676,0
553677,1
553678,0
553679,1
553680,0
553681,1
553682,1
553683,1
553684,0
553685,0
553686,1
553687,0
553688,1
553689,0
553690,0
553691,1
553692,1
553693,0
553694,1
553695,0
553696,1
553697,1
553698,1
553699,0
553700,1
553701,0
553702,1
553703,1
553704,1
553705,1
553706,1
553707,0
553708,0
553709,0
553710,0
553711,1
553712,0
553713,0
553714,0
553715,0
553716,1
553717,1
553718,0
553719,0
553720,0
553721,1
553722,1
553723,0
553724,1
553725,0
553726,1
553727,0
553728,0
553729,1
553730,0
553731,0
553732,1
553733,1
553734,1
553735,0
553736,1
553737,1
553738,1
553739,1
553740,1
553741,1
553742,0
553743,0
553744,0
553745,1
553746,1
553747,0
553748,0
553749,1
553750,1
553751,1
553752,0
553753,1
553754,0
553755,1
553756,1
553757,1
553758,0
553759,0
553760,1
553761,1
553762,0
553763,0
553764,0
553765,1
553766,0
553767,1
553768,1
553769,0
553770,1
553771,1
553772,1
553773,1
553774,1
553775,1
553776,0
553777,1
553778,0
553779,0
553780,1
553781,0
553782,1
553783,1
553784,1
553785,1
553786,0
553787,0
553788,0
553789,1
553790,1
553791,0
553792,1
553793,0
553794,0
553795,1
553796,0
553797,1
553798,0
553799,1
553800,0
553801,0
553802,1
553803,0
553804,0
553805,1
553806,1
553807,1
553808,1
553809,0
553810,0
553811,0
553812,1
553813,1
553814,1
553815,0
553816,1
553817,0
553818,0
553819,0
553820,1
553821,0
553822,0
553823,0
553824,0
553825,0
553826,1
553827,0
553828,0
553829,1
553830,0
553831,0
553832,0
553833,0
553834,0
553835,1
553836,1
553837,0
553838,1
553839,1
553840,0
553841,0
553842,0
553843,1
553844,0
553845,0
553846,0
553847,0
553848,1
553849,0
553850,1
553851,0
553852,0
553853,0
553854,0
553855,0
553856,0
553857,1
553858,1
553859,0
553860,1
553861,1
553862,1
553863,0
553864,1
553865,1
553866,1
553867,0
553868,0
553869,0
553870,1
553871,0
553872,0
553873,0
553874,1
553875,0
553876,1
553877,0
553878,1
553879,1
553880,1
553881,1
553882,0
553883,0
553884,1
553885,0
553886,1
553887,0
553888,0
553889,0
553890,0
553891,1
553892,0
553893,0
553894,0
553895,1
553896,0
553897,1
553898,1
553899,1
553900,1
553901,1
553902,0
553903,1
553904,0
553905,1
553906,1
553907,0
553908,0
553909,0
553910,1
553911,0
553912,0
553913,1
553914,0
553915,0
553916,0
553917,0
553918,1
553919,1
553920,1
553921,0
553922,1
553923,0
553924,0
553925,1
553926,1
553927,1
553928,0
553929,0
553930,0
553931,1
553932,1
553933,1
553934,0
553935,0
553936,0
553937,0
553938,0
553939,1
553940,0
553941,0
553942,0
553943,1
553944,0
553945,1
553946,0
553947,0
553948,1
553949,1
553950,0
553951,0
553952,1
553953,1
553954,0
553955,0
553956,0
553957,0
553958,0
553959,1
553960,0
553961,0
553962,1
553963,1
553964,0
553965,0
553966,1
553967,1
553968,1
553969,0
553970,0
553971,0
553972,1
553973,1
553974,0
553975,0
553976,0
553977,1
553978,1
553979,1
553980,0
553981,1
553982,1
553983,1
553984,0
553985,1
553986,0
553987,1
553988,1
553989,0
553990,0
553991,0
553992,0
553993,0
553994,0
553995,1
553996,1
553997,1
553998,0
553999,0
554000,0
554001,0
554002,0
554003,0
554004,0
554005,0
554006,0
554007,0
554008,1
554009,1
554010,1
554011,1
554012,0
554013,1
554014,1
554015,0
554016,0
554017,1
554018,1
554019,0
554020,1
554021,1
554022,1
554023,0
554024,1
554025,1
554026,1
554027,1
554028,1
554029,0
554030,1
554031,0
554032,1
554033,1
554034,0
554035,1
554036,0
554037,1
554038,0
554039,1
554040,0
554041,0
554042,0
554043,0
554044,0
554045,0
554046,1
554047,0
554048,0
554049,1
554050,1
554051,1
554052,1
554053,1
554054,0
554055,0
554056,0
554057,1
554058,0
554059,0
554060,1
554061,0
554062,1
554063,0
554064,1
554065,1
554066,0
554067,1
554068,1
554069,0
554070,0
554071,0
554072,0
554073,0
554074,1
554075,0
554076,0
554077,0
554078,1
554079,0
554080,1
554081,1
554082,0
554083,0
554084,0
554085,0
554086,0
554087,1
554088,0
554089,0
554090,0
554091,1
554092,0
554093,1
554094,0
554095,1
554096,1
554097,0
554098,1
554099,0
554100,1
554101,1
554102,0
554103,0
554104,0
554105,0
554106,0
554107,1
554108,1
554109,0
554110,0
554111,1
554112,1
554113,0
554114,1
554115,1
554116,1
554117,0
554118,0
554119,1
554120,1
554121,0
554122,0
554123,0
554124,0
554125,1
554126,0
554127,0
554128,1
554129,0
554130,0
554131,1
554132,1
554133,1
554134,0
554135,0
554136,0
554137,1
554138,1
554139,1
554140,0
554141,1
554142,0
554143,0
554144,1
554145,1
554146,0
554147,1
554148,0
554149,1
554150,1
554151,1
554152,1
554153,1
554154,0
554155,0
554156,1
554157,0
554158,0
554159,1
554160,0
554161,1
554162,1
554163,0
554164,0
554165,1
554166,1
554167,1
554168,0
554169,1
554170,0
554171,0
554172,0
554173,0
554174,0
554175,0
554176,0
554177,0
554178,0
554179,0
554180,1
554181,0
554182,0
554183,0
554184,1
554185,0
554186,0
554187,1
554188,1
554189,1
554190,0
554191,0
554192,0
554193,0
554194,0
554195,0
554196,0
554197,0
554198,0
554199,1
554200,1
554201,0
554202,1
554203,0
554204,0
554205,1
554206,0
554207,1
554208,1
554209,0
554210,1
554211,0
554212,1
554213,1
554214,1
554215,0
554216,0
554217,1
554218,1
554219,0
554220,1
554221,1
554222,1
554223,1
554224,1
554225,1
554226,1
554227,1
554228,0
554229,1
554230,1
554231,1
554232,1
554233,0
554234,1
554235,1
554236,0
554237,0
554238,1
554239,1
554240,1
554241,1
554242,1
554243,1
554244,1
554245,1
554246,1
554247,1
554248,1
554249,1
554250,1
554251,1
554252,1
554253,1
554254,1
554255,1
554256,0
554257,1
554258,1
554259,1
554260,1
554261,0
554262,1
554263,1
554264,1
554265,1
554266,1
554267,0
554268,1
554269,1
554270,0
554271,0
554272,0
554273,0
554274,0
554275,1
554276,0
554277,1
554278,0
554279,1
554280,0
554281,1
554282,1
554283,1
554284,0
554285,0
554286,1
554287,0
554288,1
554289,1
554290,0
554291,1
554292,1
554293,1
554294,1
554295,1
554296,0
554297,1
554298,0
554299,1
554300,1
554301,0
554302,1
554303,1
554304,0
554305,1
554306,1
554307,0
554308,0
554309,1
554310,1
554311,1
554312,1
554313,1
554314,1
554315,1
554316,0
554317,0
554318,1
554319,1
554320,0
554321,1
554322,1
554323,1
554324,0
554325,0
554326,1
554327,1
554328,0
554329,1
554330,1
554331,1
554332,1
554333,1
554334,1
554335,1
554336,0
554337,0
554338,1
554339,0
554340,1
554341,1
554342,1
554343,1
554344,1
554345,0
554346,1
554347,0
554348,0
554349,1
554350,1
554351,0
554352,1
554353,0
554354,1
554355,1
554356,1
554357,1
554358,1
554359,1
554360,0
554361,1
554362,1
554363,1
554364,0
554365,1
554366,1
554367,0
554368,1
554369,1
554370,0
554371,0
554372,0
554373,1
554374,1
554375,0
554376,1
554377,1
554378,1
554379,1
554380,1
554381,1
554382,1
554383,0
554384,1
554385,0
554386,0
554387,1
554388,1
554389,1
554390,1
554391,1
554392,0
554393,1
554394,0
554395,0
554396,0
554397,0
554398,1
554399,0
554400,1
554401,1
554402,0
554403,0
554404,1
554405,0
554406,0
554407,1
554408,1
554409,0
554410,1
554411,1
554412,0
554413,1
554414,0
554415,1
554416,1
554417,1
554418,0
554419,0
554420,1
554421,1
554422,1
554423,1
554424,1
554425,1
554426,0
554427,1
554428,1
554429,1
554430,0
554431,0
554432,1
554433,1
554434,1
554435,1
554436,0
554437,0
554438,0
554439,0
554440,1
554441,1
554442,1
554443,0
554444,1
554445,0
554446,0
554447,0
554448,0
554449,1
554450,0
554451,1
554452,0
554453,1
554454,0
554455,1
554456,0
554457,1
554458,1
554459,1
554460,1
554461,1
554462,1
554463,0
554464,0
554465,1
554466,1
554467,0
554468,1
554469,1
554470,0
554471,1
554472,1
554473,1
554474,1
554475,0
554476,1
554477,1
554478,0
554479,0
554480,1
554481,0
554482,0
554483,0
554484,1
554485,1
554486,1
554487,1
554488,0
554489,1
554490,1
554491,1
554492,0
554493,0
554494,1
554495,0
554496,0
554497,0
554498,0
554499,1
554500,1
554501,0
554502,0
554503,1
554504,1
554505,1
554506,1
554507,0
554508,0
554509,0
554510,1
554511,0
554512,1
554513,1
554514,1
554515,1
554516,0
554517,1
554518,0
554519,1
554520,0
554521,1
554522,0
554523,0
554524,0
554525,1
554526,1
554527,0
554528,1
554529,0
554530,1
554531,1
554532,1
554533,1
554534,1
554535,0
554536,0
554537,0
554538,0
554539,0
554540,0
554541,0
554542,1
554543,0
554544,0
554545,0
554546,0
554547,1
554548,0
554549,0
554550,1
554551,0
554552,0
554553,0
554554,0
554555,1
554556,1
554557,1
554558,0
554559,1
554560,1
554561,1
554562,0
554563,0
554564,0
554565,0
554566,1
554567,0
554568,0
554569,0
554570,1
554571,0
554572,1
554573,1
554574,0
554575,0
554576,0
554577,0
554578,0
554579,1
554580,0
554581,0
554582,1
554583,1
554584,0
554585,1
554586,1
554587,0
554588,0
554589,0
554590,0
554591,1
554592,1
554593,0
554594,0
554595,0
554596,1
554597,0
554598,0
554599,0
554600,0
554601,1
554602,1
554603,1
554604,0
554605,0
554606,0
554607,1
554608,0
554609,1
554610,0
554611,1
554612,0
554613,0
554614,1
554615,1
554616,0
554617,1
554618,1
554619,1
554620,0
554621,0
554622,1
554623,0
554624,0
554625,0
554626,0
554627,1
554628,1
554629,0
554630,0
554631,1
554632,1
554633,1
554634,0
554635,1
554636,0
554637,0
554638,0
554639,1
554640,0
554641,1
554642,1
554643,0
554644,1
554645,1
554646,1
554647,1
554648,0
554649,1
554650,0
554651,1
554652,0
554653,1
554654,0
554655,0
554656,0
554657,0
554658,1
554659,0
554660,1
554661,0
554662,1
554663,0
554664,1
554665,0
554666,0
554667,0
554668,0
554669,1
554670,0
554671,0
554672,0
554673,1
554674,0
554675,1
554676,0
554677,1
554678,0
554679,1
554680,1
554681,0
554682,1
554683,1
554684,0
554685,0
554686,1
554687,0
554688,0
554689,0
554690,0
554691,1
554692,0
554693,0
554694,0
554695,0
554696,1
554697,0
554698,1
554699,1
554700,1
554701,0
554702,1
554703,0
554704,0
554705,0
554706,0
554707,0
554708,0
554709,0
554710,1
554711,0
554712,1
554713,0
554714,1
554715,0
554716,0
554717,0
554718,0
554719,0
554720,0
554721,1
554722,0
554723,0
554724,0
554725,1
554726,0
554727,0
554728,0
554729,0
554730,0
554731,1
554732,0
554733,0
554734,0
554735,0
554736,0
554737,0
554738,0
554739,1
554740,0
554741,0
554742,0
554743,0
554744,0
554745,0
554746,0
554747,1
554748,0
554749,0
554750,0
554751,0
554752,1
554753,1
554754,1
554755,1
554756,0
554757,0
554758,0
554759,1
554760,1
554761,1
554762,1
554763,0
554764,0
554765,0
554766,0
554767,1
554768,0
554769,0
554770,1
554771,0
554772,1
554773,0
554774,1
554775,1
554776,1
554777,0
554778,1
554779,1
554780,1
554781,0
554782,1
554783,0
554784,1
554785,1
554786,1
554787,0
554788,0
554789,0
554790,0
554791,1
554792,0
554793,0
554794,1
554795,1
554796,1
554797,0
554798,1
554799,0
554800,0
554801,1
554802,1
554803,1
554804,1
554805,0
554806,1
554807,0
554808,1
554809,1
554810,0
554811,1
554812,1
554813,1
554814,0
554815,1
554816,0
554817,0
554818,1
554819,1
554820,1
554821,0
554822,1
554823,1
554824,0
554825,1
554826,0
554827,1
554828,1
554829,0
554830,0
554831,1
554832,0
554833,0
554834,1
554835,1
554836,1
554837,0
554838,1
554839,0
554840,1
554841,1
554842,1
554843,1
554844,1
554845,1
554846,0
554847,1
554848,1
554849,1
554850,1
554851,1
554852,1
554853,1
554854,1
554855,1
554856,1
554857,1
554858,1
554859,0
554860,0
554861,1
554862,1
554863,0
554864,0
554865,0
554866,1
554867,1
554868,1
554869,1
554870,1
554871,0
554872,0
554873,1
554874,0
554875,1
554876,0
554877,1
554878,0
554879,1
554880,1
554881,0
554882,1
554883,1
554884,1
554885,1
554886,0
554887,1
554888,1
554889,0
554890,0
554891,0
554892,1
554893,0
554894,1
554895,0
554896,1
554897,1
554898,1
554899,1
554900,1
554901,0
554902,0
554903,1
554904,1
554905,1
554906,1
554907,0
554908,1
554909,1
554910,1
554911,0
554912,1
554913,1
554914,1
554915,1
554916,1
554917,1
554918,1
554919,1
554920,1
554921,1
554922,1
554923,1
554924,0
554925,1
554926,1
554927,0
554928,1
554929,0
554930,1
554931,0
554932,1
554933,0
554934,1
554935,1
554936,1
554937,0
554938,1
554939,1
554940,0
554941,1
554942,0
554943,0
554944,0
554945,0
554946,0
554947,1
554948,0
554949,1
554950,0
554951,1
554952,0
554953,1
554954,1
554955,1
554956,0
554957,1
554958,0
554959,1
554960,1
554961,1
554962,0
554963,0
554964,0
554965,0
554966,1
554967,1
554968,0
554969,1
554970,1
554971,0
554972,1
554973,1
554974,1
554975,1
554976,0
554977,0
554978,1
554979,1
554980,1
554981,1
554982,1
554983,1
554984,0
554985,1
554986,1
554987,0
554988,1
554989,1
554990,1
554991,1
554992,0
554993,1
554994,1
554995,1
554996,0
554997,0
554998,1
554999,1
555000,1
555001,1
555002,1
555003,0
555004,0
555005,1
555006,0
555007,1
555008,0
555009,1
555010,0
555011,0
555012,1
555013,0
555014,0
555015,0
555016,0
555017,1
555018,0
555019,0
555020,0
555021,0
555022,1
555023,0
555024,1
555025,1
555026,1
555027,1
555028,1
555029,1
555030,1
555031,0
555032,1
555033,1
555034,1
555035,0
555036,1
555037,0
555038,0
555039,1
555040,0
555041,1
555042,0
555043,1
555044,0
555045,0
555046,1
555047,1
555048,1
555049,1
555050,0
555051,1
555052,1
555053,0
555054,0
555055,1
555056,1
555057,0
555058,1
555059,1
555060,1
555061,1
555062,1
555063,1
555064,1
555065,1
555066,0
555067,1
555068,0
555069,0
555070,1
555071,1
555072,0
555073,1
555074,0
555075,0
555076,1
555077,1
555078,1
555079,0
555080,1
555081,0
555082,0
555083,1
555084,1
555085,1
555086,1
555087,0
555088,0
555089,1
555090,0
555091,1
555092,0
555093,1
555094,1
555095,0
555096,1
555097,0
555098,0
555099,1
555100,1
555101,1
555102,1
555103,0
555104,1
555105,0
555106,0
555107,1
555108,1
555109,0
555110,1
555111,1
555112,0
555113,0
555114,1
555115,0
555116,0
555117,0
555118,0
555119,0
555120,0
555121,1
555122,1
555123,1
555124,1
555125,1
555126,1
555127,0
555128,1
555129,0
555130,1
555131,1
555132,0
555133,1
555134,0
555135,0
555136,1
555137,0
555138,1
555139,1
555140,1
555141,0
555142,1
555143,0
555144,1
555145,0
555146,0
555147,1
555148,1
555149,1
555150,1
555151,1
555152,1
555153,1
555154,1
555155,1
555156,1
555157,0
555158,1
555159,1
555160,1
555161,0
555162,1
555163,1
555164,1
555165,0
555166,1
555167,1
555168,0
555169,0
555170,1
555171,1
555172,0
555173,0
555174,1
555175,1
555176,1
555177,1
555178,0
555179,1
555180,0
555181,1
555182,1
555183,1
555184,1
555185,1
555186,1
555187,0
555188,0
555189,1
555190,0
555191,1
555192,0
555193,0
555194,0
555195,1
555196,1
555197,0
555198,0
555199,1
555200,0
555201,1
555202,1
555203,0
555204,1
555205,1
555206,1
555207,0
555208,0
555209,1
555210,1
555211,1
555212,1
555213,1
555214,1
555215,0
555216,0
555217,0
555218,0
555219,1
555220,1
555221,1
555222,1
555223,0
555224,1
555225,1
555226,1
555227,1
555228,1
555229,0
555230,0
555231,1
555232,0
555233,1
555234,1
555235,0
555236,1
555237,0
555238,1
555239,0
555240,0
555241,0
555242,0
555243,1
555244,0
555245,0
555246,1
555247,1
555248,0
555249,0
555250,1
555251,0
555252,1
555253,1
555254,0
555255,1
555256,0
555257,1
555258,1
555259,0
555260,1
555261,0
555262,1
555263,1
555264,1
555265,1
555266,0
555267,0
555268,0
555269,0
555270,1
555271,1
555272,0
555273,1
555274,0
555275,1
555276,0
555277,0
555278,0
555279,1
555280,1
555281,1
555282,1
555283,0
555284,1
555285,1
555286,1
555287,1
555288,1
555289,1
555290,1
555291,1
555292,1
555293,0
555294,0
555295,0
555296,1
555297,1
555298,1
555299,1
555300,0
555301,0
555302,0
555303,0
555304,0
555305,1
555306,0
555307,1
555308,0
555309,0
555310,0
555311,0
555312,1
555313,0
555314,1
555315,1
555316,1
555317,0
555318,0
555319,1
555320,0
555321,0
555322,1
555323,0
555324,0
555325,0
555326,0
555327,1
555328,0
555329,0
555330,0
555331,0
555332,0
555333,1
555334,1
555335,0
555336,1
555337,1
555338,1
555339,1
555340,0
555341,0
555342,0
555343,0
555344,0
555345,1
555346,0
555347,1
555348,1
555349,1
555350,1
555351,0
555352,0
555353,0
555354,1
555355,1
555356,1
555357,1
555358,1
555359,1
555360,1
555361,1
555362,1
555363,0
555364,0
555365,0
555366,0
555367,0
555368,1
555369,0
555370,0
555371,1
555372,1
555373,0
555374,1
555375,0
555376,0
555377,0
555378,1
555379,0
555380,1
555381,1
555382,0
555383,1
555384,1
555385,0
555386,1
555387,0
555388,1
555389,0
555390,0
555391,0
555392,1
555393,1
555394,1
555395,0
555396,1
555397,1
555398,1
555399,0
555400,1
555401,1
555402,1
555403,1
555404,1
555405,1
555406,1
555407,1
555408,1
555409,0
555410,0
555411,1
555412,0
555413,1
555414,0
555415,0
555416,0
555417,1
555418,1
555419,1
555420,0
555421,1
555422,1
555423,0
555424,0
555425,1
555426,1
555427,0
555428,1
555429,0
555430,1
555431,1
555432,1
555433,0
555434,0
555435,0
555436,1
555437,1
555438,1
555439,0
555440,0
555441,1
555442,1
555443,1
555444,0
555445,0
555446,0
555447,0
555448,1
555449,0
555450,1
555451,1
555452,1
555453,1
555454,1
555455,0
555456,0
555457,1
555458,0
555459,0
555460,0
555461,0
555462,1
555463,1
555464,1
555465,0
555466,1
555467,0
555468,0
555469,1
555470,0
555471,0
555472,1
555473,0
555474,1
555475,0
555476,0
555477,1
555478,1
555479,0
555480,0
555481,0
555482,1
555483,0
555484,1
555485,0
555486,0
555487,0
555488,1
555489,1
555490,0
555491,1
555492,0
555493,0
555494,0
555495,1
555496,1
555497,1
555498,0
555499,0
555500,1
555501,0
555502,1
555503,0
555504,0
555505,1
555506,1
555507,1
555508,0
555509,0
555510,0
555511,1
555512,0
555513,0
555514,0
555515,1
555516,1
555517,1
555518,1
555519,1
555520,0
555521,0
555522,0
555523,0
555524,0
555525,1
555526,1
555527,0
555528,0
555529,0
555530,0
555531,0
555532,0
555533,1
555534,1
555535,1
555536,0
555537,0
555538,1
555539,1
555540,0
555541,0
555542,0
555543,1
555544,1
555545,1
555546,0
555547,0
555548,1
555549,1
555550,1
555551,1
555552,0
555553,0
555554,1
555555,0
555556,0
555557,1
555558,1
555559,1
555560,0
555561,1
555562,0
555563,0
555564,1
555565,0
555566,1
555567,0
555568,0
555569,1
555570,0
555571,1
555572,0
555573,1
555574,1
555575,1
555576,1
555577,0
555578,0
555579,1
555580,1
555581,0
555582,0
555583,0
555584,1
555585,0
555586,1
555587,0
555588,1
555589,0
555590,0
555591,0
555592,1
555593,0
555594,1
555595,1
555596,1
555597,0
555598,1
555599,0
555600,0
555601,1
555602,0
555603,0
555604,1
555605,1
555606,0
555607,1
555608,1
555609,1
555610,0
555611,1
555612,1
555613,0
555614,0
555615,1
555616,1
555617,0
555618,1
555619,1
555620,0
555621,0
555622,0
555623,0
555624,0
555625,1
555626,1
555627,1
555628,1
555629,0
555630,0
555631,0
555632,0
555633,1
555634,1
555635,0
555636,0
555637,0
555638,1
555639,0
555640,1
555641,0
555642,1
555643,0
555644,0
555645,0
555646,1
555647,1
555648,1
555649,0
555650,1
555651,0
555652,1
555653,0
555654,0
555655,1
555656,0
555657,1
555658,0
555659,1
555660,0
555661,0
555662,1
555663,1
555664,1
555665,1
555666,0
555667,0
555668,1
555669,1
555670,0
555671,0
555672,1
555673,1
555674,1
555675,0
555676,1
555677,1
555678,1
555679,0
555680,0
555681,0
555682,1
555683,0
555684,1
555685,1
555686,1
555687,0
555688,0
555689,0
555690,0
555691,1
555692,1
555693,0
555694,0
555695,1
555696,0
555697,1
555698,0
555699,1
555700,0
555701,0
555702,0
555703,1
555704,0
555705,0
555706,0
555707,0
555708,0
555709,1
555710,0
555711,0
555712,0
555713,1
555714,1
555715,0
555716,1
555717,0
555718,0
555719,1
555720,0
555721,1
555722,0
555723,1
555724,0
555725,0
555726,0
555727,0
555728,1
555729,0
555730,0
555731,1
555732,0
555733,0
555734,0
555735,1
555736,0
555737,1
555738,0
555739,0
555740,0
555741,0
555742,0
555743,0
555744,0
555745,0
555746,0
555747,0
555748,0
555749,0
555750,0
555751,0
555752,0
555753,1
555754,0
555755,0
555756,1
555757,1
555758,1
555759,0
555760,0
555761,0
555762,1
555763,0
555764,0
555765,0
555766,0
555767,0
555768,0
555769,0
555770,0
555771,1
555772,1
555773,1
555774,1
555775,0
555776,0
555777,0
555778,0
555779,0
555780,0
555781,1
555782,0
555783,0
555784,1
555785,1
555786,0
555787,0
555788,0
555789,1
555790,0
555791,0
555792,1
555793,0
555794,0
555795,1
555796,0
555797,0
555798,0
555799,0
555800,0
555801,0
555802,0
555803,0
555804,1
555805,0
555806,0
555807,0
555808,1
555809,0
555810,0
555811,1
555812,1
555813,0
555814,1
555815,0
555816,1
555817,1
555818,0
555819,0
555820,1
555821,0
555822,1
555823,1
555824,1
555825,1
555826,0
555827,0
555828,0
555829,0
555830,0
555831,0
555832,0
555833,0
555834,0
555835,1
555836,1
555837,0
555838,0
555839,0
555840,0
555841,1
555842,0
555843,1
555844,0
555845,0
555846,1
555847,0
555848,1
555849,0
555850,0
555851,1
555852,1
555853,0
555854,0
555855,0
555856,0
555857,0
555858,1
555859,1
555860,0
555861,1
555862,0
555863,0
555864,0
555865,1
555866,1
555867,1
555868,0
555869,0
555870,0
555871,0
555872,1
555873,1
555874,0
555875,0
555876,0
555877,0
555878,1
555879,0
555880,0
555881,0
555882,1
555883,0
555884,1
555885,1
555886,0
555887,0
555888,1
555889,1
555890,1
555891,1
555892,1
555893,0
555894,1
555895,1
555896,0
555897,0
555898,1
555899,1
555900,0
555901,0
555902,0
555903,0
555904,1
555905,1
555906,0
555907,0
555908,1
555909,1
555910,0
555911,1
555912,1
555913,0
555914,0
555915,0
555916,0
555917,0
555918,1
555919,1
555920,1
555921,0
555922,0
555923,1
555924,0
555925,0
555926,0
555927,1
555928,1
555929,1
555930,1
555931,1
555932,1
555933,1
555934,0
555935,0
555936,1
555937,1
555938,0
555939,0
555940,0
555941,1
555942,1
555943,1
555944,0
555945,0
555946,0
555947,1
555948,0
555949,0
555950,0
555951,0
555952,0
555953,1
555954,0
555955,1
555956,1
555957,0
555958,0
555959,1
555960,1
555961,1
555962,0
555963,1
555964,1
555965,0
555966,1
555967,0
555968,1
555969,0
555970,1
555971,1
555972,1
555973,1
555974,0
555975,1
555976,1
555977,1
555978,0
555979,1
555980,0
555981,1
555982,0
555983,1
555984,0
555985,1
555986,1
555987,0
555988,1
555989,0
555990,0
555991,0
555992,1
555993,1
555994,0
555995,1
555996,0
555997,1
555998,1
555999,0
556000,0
556001,1
556002,0
556003,0
556004,0
556005,0
556006,0
556007,0
556008,1
556009,0
556010,0
556011,1
556012,1
556013,1
556014,1
556015,0
556016,1
556017,0
556018,0
556019,1
556020,0
556021,0
556022,1
556023,1
556024,1
556025,1
556026,1
556027,1
556028,1
556029,0
556030,1
556031,0
556032,0
556033,0
556034,1
556035,0
556036,0
556037,0
556038,1
556039,1
556040,1
556041,1
556042,1
556043,1
556044,0
556045,1
556046,1
556047,0
556048,0
556049,0
556050,0
556051,0
556052,0
556053,1
556054,1
556055,1
556056,1
556057,1
556058,0
556059,0
556060,1
556061,0
556062,1
556063,1
556064,0
556065,1
556066,1
556067,1
556068,0
556069,0
556070,1
556071,0
556072,0
556073,0
556074,1
556075,0
556076,0
556077,0
556078,1
556079,1
556080,0
556081,1
556082,0
556083,1
556084,1
556085,1
556086,1
556087,0
556088,1
556089,1
556090,0
556091,0
556092,0
556093,1
556094,1
556095,0
556096,1
556097,0
556098,0
556099,0
556100,0
556101,0
556102,0
556103,0
556104,1
556105,0
556106,0
556107,1
556108,1
556109,1
556110,0
556111,1
556112,1
556113,1
556114,1
556115,0
556116,1
556117,0
556118,1
556119,0
556120,1
556121,1
556122,0
556123,0
556124,1
556125,1
556126,0
556127,0
556128,0
556129,0
556130,1
556131,1
556132,1
556133,1
556134,1
556135,0
556136,0
556137,0
556138,0
556139,1
556140,0
556141,1
556142,0
556143,0
556144,0
556145,0
556146,1
556147,0
556148,0
556149,1
556150,1
556151,0
556152,0
556153,0
556154,1
556155,0
556156,1
556157,0
556158,1
556159,1
556160,0
556161,0
556162,0
556163,0
556164,0
556165,0
556166,1
556167,0
556168,1
556169,0
556170,0
556171,0
556172,1
556173,1
556174,1
556175,1
556176,0
556177,0
556178,1
556179,1
556180,0
556181,0
556182,0
556183,1
556184,0
556185,0
556186,0
556187,0
556188,0
556189,1
556190,0
556191,0
556192,1
556193,0
556194,0
556195,0
556196,1
556197,0
556198,0
556199,1
556200,1
556201,0
556202,0
556203,1
556204,0
556205,1
556206,1
556207,1
556208,0
556209,0
556210,1
556211,0
556212,1
556213,0
556214,0
556215,1
556216,0
556217,0
556218,1
556219,1
556220,0
556221,0
556222,0
556223,0
556224,0
556225,0
556226,0
556227,1
556228,0
556229,0
556230,1
556231,1
556232,1
556233,1
556234,1
556235,1
556236,1
556237,1
556238,1
556239,0
556240,0
556241,0
556242,1
556243,0
556244,0
556245,1
556246,0
556247,1
556248,0
556249,1
556250,0
556251,1
556252,0
556253,0
556254,0
556255,0
556256,0
556257,0
556258,1
556259,0
556260,0
556261,0
556262,1
556263,1
556264,0
556265,1
556266,0
556267,1
556268,0
556269,0
556270,1
556271,0
556272,0
556273,0
556274,1
556275,1
556276,0
556277,1
556278,0
556279,0
556280,0
556281,0
556282,0
556283,0
556284,1
556285,0
556286,0
556287,0
556288,1
556289,0
556290,0
556291,1
556292,0
556293,1
556294,0
556295,0
556296,0
556297,1
556298,0
556299,0
556300,1
556301,0
556302,0
556303,0
556304,0
556305,0
556306,0
556307,0
556308,1
556309,1
556310,0
556311,0
556312,0
556313,0
556314,0
556315,1
556316,1
556317,0
556318,1
556319,1
556320,0
556321,0
556322,0
556323,0
556324,0
556325,1
556326,0
556327,0
556328,1
556329,0
556330,0
556331,1
556332,0
556333,0
556334,0
556335,0
556336,0
556337,0
556338,1
556339,1
556340,1
556341,1
556342,0
556343,0
556344,0
556345,0
556346,0
556347,0
556348,0
556349,1
556350,1
556351,0
556352,1
556353,0
556354,1
556355,0
556356,0
556357,0
556358,0
556359,0
556360,0
556361,0
556362,1
556363,0
556364,1
556365,1
556366,0
556367,0
556368,1
556369,1
556370,1
556371,0
556372,1
556373,1
556374,0
556375,1
556376,1
556377,0
556378,1
556379,0
556380,0
556381,0
556382,1
556383,1
556384,0
556385,1
556386,0
556387,0
556388,0
556389,0
556390,0
556391,0
556392,0
556393,1
556394,0
556395,1
556396,0
556397,0
556398,0
556399,0
556400,1
556401,1
556402,1
556403,0
556404,0
556405,0
556406,0
556407,1
556408,1
556409,0
556410,0
556411,0
556412,0
556413,0
556414,0
556415,0
556416,0
556417,0
556418,0
556419,1
556420,1
556421,0
556422,0
556423,1
556424,1
556425,0
556426,1
556427,0
556428,1
556429,1
556430,0
556431,0
556432,1
556433,1
556434,1
556435,0
556436,0
556437,0
556438,0
556439,0
556440,0
556441,0
556442,0
556443,0
556444,1
556445,1
556446,0
556447,0
556448,0
556449,0
556450,1
556451,0
556452,1
556453,0
556454,1
556455,1
556456,1
556457,0
556458,1
556459,1
556460,1
556461,1
556462,0
556463,0
556464,0
556465,1
556466,1
556467,1
556468,1
556469,0
556470,1
556471,1
556472,0
556473,1
556474,1
556475,1
556476,0
556477,1
556478,0
556479,1
556480,1
556481,0
556482,1
556483,1
556484,1
556485,1
556486,1
556487,0
556488,0
556489,1
556490,1
556491,0
556492,1
556493,1
556494,0
556495,1
556496,1
556497,1
556498,0
556499,0
556500,0
556501,0
556502,1
556503,0
556504,0
556505,0
556506,0
556507,1
556508,0
556509,1
556510,1
556511,0
556512,1
556513,0
556514,0
556515,0
556516,1
556517,1
556518,1
556519,1
556520,1
556521,1
556522,1
556523,1
556524,0
556525,0
556526,1
556527,1
556528,1
556529,1
556530,0
556531,1
556532,1
556533,1
556534,1
556535,1
556536,0
556537,1
556538,0
556539,1
556540,1
556541,1
556542,1
556543,1
556544,1
556545,0
556546,1
556547,0
556548,1
556549,1
556550,1
556551,1
556552,0
556553,1
556554,1
556555,0
556556,1
556557,0
556558,0
556559,0
556560,0
556561,1
556562,1
556563,0
556564,1
556565,0
556566,1
556567,1
556568,1
556569,1
556570,1
556571,0
556572,1
556573,0
556574,1
556575,0
556576,1
556577,1
556578,1
556579,1
556580,1
556581,1
556582,0
556583,1
556584,1
556585,0
556586,1
556587,0
556588,0
556589,1
556590,1
556591,1
556592,1
556593,1
556594,0
556595,1
556596,0
556597,1
556598,1
556599,1
556600,1
556601,1
556602,1
556603,1
556604,1
556605,1
556606,0
556607,0
556608,1
556609,1
556610,1
556611,1
556612,1
556613,1
556614,1
556615,1
556616,1
556617,0
556618,0
556619,1
556620,1
556621,1
556622,0
556623,1
556624,1
556625,1
556626,1
556627,1
556628,0
556629,1
556630,1
556631,1
556632,1
556633,1
556634,0
556635,1
556636,1
556637,1
556638,1
556639,1
556640,0
556641,0
556642,0
556643,0
556644,1
556645,1
556646,1
556647,1
556648,0
556649,0
556650,0
556651,1
556652,1
556653,1
556654,0
556655,1
556656,1
556657,1
556658,1
556659,1
556660,1
556661,1
556662,0
556663,0
556664,1
556665,1
556666,0
556667,1
556668,0
556669,0
556670,1
556671,0
556672,1
556673,1
556674,1
556675,0
556676,1
556677,0
556678,0
556679,1
556680,1
556681,1
556682,1
556683,1
556684,1
556685,0
556686,1
556687,1
556688,1
556689,1
556690,0
556691,1
556692,1
556693,1
556694,1
556695,1
556696,1
556697,1
556698,1
556699,0
556700,0
556701,0
556702,1
556703,0
556704,0
556705,1
556706,1
556707,0
556708,1
556709,0
556710,0
556711,0
556712,1
556713,0
556714,0
556715,0
556716,0
556717,1
556718,1
556719,0
556720,1
556721,1
556722,1
556723,1
556724,0
556725,1
556726,1
556727,1
556728,1
556729,1
556730,0
556731,0
556732,1
556733,1
556734,1
556735,0
556736,1
556737,0
556738,0
556739,0
556740,0
556741,0
556742,0
556743,1
556744,1
556745,1
556746,0
556747,1
556748,1
556749,1
556750,0
556751,0
556752,1
556753,0
556754,0
556755,0
556756,0
556757,1
556758,1
556759,1
556760,0
556761,1
556762,0
556763,0
556764,1
556765,0
556766,0
556767,1
556768,1
556769,0
556770,1
556771,1
556772,0
556773,0
556774,0
556775,0
556776,1
556777,1
556778,0
556779,1
556780,1
556781,0
556782,1
556783,0
556784,1
556785,1
556786,1
556787,0
556788,1
556789,1
556790,0
556791,1
556792,0
556793,1
556794,0
556795,0
556796,0
556797,1
556798,0
556799,0
556800,1
556801,1
556802,1
556803,0
556804,0
556805,1
556806,0
556807,1
556808,1
556809,0
556810,0
556811,1
556812,1
556813,0
556814,0
556815,0
556816,0
556817,0
556818,0
556819,0
556820,0
556821,1
556822,0
556823,0
556824,1
556825,0
556826,1
556827,0
556828,1
556829,1
556830,1
556831,0
556832,0
556833,1
556834,1
556835,0
556836,1
556837,0
556838,0
556839,0
556840,1
556841,0
556842,1
556843,0
556844,1
556845,1
556846,1
556847,0
556848,1
556849,1
556850,1
556851,0
556852,1
556853,0
556854,1
556855,1
556856,1
556857,0
556858,1
556859,1
556860,0
556861,1
556862,0
556863,1
556864,0
556865,1
556866,0
556867,1
556868,1
556869,0
556870,0
556871,1
556872,1
556873,0
556874,0
556875,0
556876,1
556877,0
556878,1
556879,0
556880,1
556881,1
556882,1
556883,1
556884,0
556885,0
556886,1
556887,1
556888,1
556889,1
556890,0
556891,1
556892,1
556893,0
556894,0
556895,1
556896,0
556897,0
556898,1
556899,0
556900,0
556901,0
556902,0
556903,0
556904,0
556905,1
556906,0
556907,1
556908,0
556909,1
556910,1
556911,1
556912,1
556913,1
556914,1
556915,0
556916,0
556917,0
556918,1
556919,1
556920,0
556921,0
556922,0
556923,0
556924,1
556925,0
556926,0
556927,0
556928,1
556929,1
556930,1
556931,1
556932,1
556933,1
556934,1
556935,0
556936,1
556937,1
556938,0
556939,1
556940,1
556941,1
556942,1
556943,0
556944,0
556945,0
556946,1
556947,1
556948,1
556949,0
556950,0
556951,0
556952,0
556953,1
556954,0
556955,0
556956,0
556957,1
556958,0
556959,0
556960,1
556961,1
556962,1
556963,0
556964,0
556965,0
556966,0
556967,0
556968,1
556969,1
556970,1
556971,1
556972,1
556973,1
556974,1
556975,1
556976,0
556977,1
556978,0
556979,1
556980,1
556981,0
556982,1
556983,1
556984,0
556985,1
556986,1
556987,1
556988,1
556989,0
556990,0
556991,1
556992,1
556993,0
556994,0
556995,0
556996,0
556997,0
556998,1
556999,0
557000,1
557001,1
557002,0
557003,1
557004,0
557005,0
557006,1
557007,1
557008,1
557009,0
557010,1
557011,1
557012,1
557013,0
557014,0
557015,1
557016,1
557017,1
557018,1
557019,0
557020,1
557021,1
557022,1
557023,0
557024,1
557025,0
557026,0
557027,0
557028,0
557029,1
557030,1
557031,1
557032,1
557033,0
557034,1
557035,1
557036,1
557037,1
557038,0
557039,0
557040,1
557041,0
557042,1
557043,1
557044,0
557045,1
557046,0
557047,0
557048,0
557049,0
557050,0
557051,1
557052,0
557053,1
557054,0
557055,1
557056,0
557057,0
557058,0
557059,0
557060,1
557061,0
557062,1
557063,1
557064,1
557065,1
557066,0
557067,1
557068,1
557069,0
557070,0
557071,0
557072,1
557073,0
557074,1
557075,1
557076,1
557077,1
557078,1
557079,1
557080,1
557081,1
557082,1
557083,1
557084,1
557085,1
557086,0
557087,0
557088,1
557089,1
557090,0
557091,1
557092,0
557093,1
557094,1
557095,0
557096,0
557097,1
557098,0
557099,0
557100,0
557101,0
557102,1
557103,0
557104,1
557105,0
557106,0
557107,1
557108,1
557109,0
557110,0
557111,0
557112,1
557113,0
557114,1
557115,0
557116,0
557117,0
557118,0
557119,0
557120,0
557121,0
557122,0
557123,1
557124,0
557125,1
557126,1
557127,1
557128,0
557129,0
557130,0
557131,1
557132,0
557133,0
557134,0
557135,0
557136,1
557137,0
557138,1
557139,1
557140,1
557141,0
557142,1
557143,1
557144,1
557145,0
557146,1
557147,0
557148,1
557149,0
557150,1
557151,1
557152,1
557153,1
557154,1
557155,0
557156,0
557157,1
557158,1
557159,0
557160,0
557161,1
557162,0
557163,0
557164,0
557165,0
557166,1
557167,0
557168,1
557169,1
557170,0
557171,1
557172,0
557173,1
557174,1
557175,0
557176,1
557177,1
557178,1
557179,0
557180,0
557181,1
557182,0
557183,0
557184,1
557185,1
557186,0
557187,0
557188,1
557189,1
557190,1
557191,1
557192,1
557193,0
557194,1
557195,1
557196,0
557197,1
557198,1
557199,1
557200,0
557201,1
557202,1
557203,1
557204,0
557205,1
557206,1
557207,0
557208,1
557209,1
557210,0
557211,0
557212,1
557213,0
557214,1
557215,1
557216,1
557217,0
557218,1
557219,1
557220,1
557221,1
557222,1
557223,1
557224,1
557225,0
557226,0
557227,1
557228,0
557229,1
557230,0
557231,0
557232,1
557233,0
557234,0
557235,0
557236,1
557237,0
557238,0
557239,1
557240,0
557241,0
557242,1
557243,1
557244,1
557245,1
557246,1
557247,0
557248,0
557249,0
557250,1
557251,0
557252,0
557253,1
557254,0
557255,0
557256,0
557257,1
557258,1
557259,1
557260,0
557261,1
557262,1
557263,1
557264,0
557265,0
557266,0
557267,0
557268,1
557269,0
557270,1
557271,1
557272,1
557273,1
557274,0
557275,1
557276,1
557277,1
557278,1
557279,0
557280,1
557281,0
557282,1
557283,1
557284,1
557285,1
557286,1
557287,0
557288,0
557289,0
557290,1
557291,1
557292,1
557293,1
557294,1
557295,1
557296,0
557297,1
557298,0
557299,0
557300,0
557301,0
557302,1
557303,0
557304,1
557305,1
557306,1
557307,0
557308,1
557309,0
557310,1
557311,1
557312,0
557313,0
557314,0
557315,1
557316,0
557317,1
557318,0
557319,1
557320,1
557321,0
557322,1
557323,0
557324,1
557325,0
557326,0
557327,1
557328,0
557329,0
557330,1
557331,1
557332,1
557333,0
557334,1
557335,0
557336,1
557337,0
557338,0
557339,1
557340,1
557341,1
557342,1
557343,1
557344,0
557345,1
557346,1
557347,0
557348,1
557349,1
557350,1
557351,0
557352,0
557353,1
557354,0
557355,1
557356,0
557357,1
557358,0
557359,0
557360,0
557361,0
557362,0
557363,0
557364,0
557365,1
557366,0
557367,0
557368,1
557369,0
557370,0
557371,0
557372,0
557373,0
557374,1
557375,1
557376,0
557377,1
557378,1
557379,0
557380,0
557381,0
557382,0
557383,0
557384,1
557385,0
557386,0
557387,1
557388,1
557389,1
557390,1
557391,0
557392,1
557393,0
557394,0
557395,1
557396,1
557397,1
557398,1
557399,1
557400,1
557401,0
557402,1
557403,1
557404,0
557405,1
557406,1
557407,1
557408,0
557409,0
557410,1
557411,1
557412,1
557413,1
557414,0
557415,0
557416,0
557417,0
557418,0
557419,1
557420,1
557421,0
557422,0
557423,1
557424,0
557425,1
557426,0
557427,1
557428,0
557429,0
557430,0
557431,0
557432,0
557433,0
557434,0
557435,0
557436,0
557437,1
557438,0
557439,0
557440,1
557441,1
557442,0
557443,0
557444,0
557445,1
557446,0
557447,0
557448,0
557449,1
557450,1
557451,1
557452,1
557453,1
557454,0
557455,0
557456,0
557457,0
557458,0
557459,0
557460,0
557461,0
557462,1
557463,1
557464,1
557465,0
557466,1
557467,0
557468,0
557469,0
557470,0
557471,1
557472,0
557473,0
557474,0
557475,0
557476,1
557477,0
557478,1
557479,1
557480,1
557481,0
557482,1
557483,0
557484,0
557485,0
557486,0
557487,1
557488,1
557489,0
557490,1
557491,0
557492,1
557493,0
557494,1
557495,1
557496,0
557497,1
557498,0
557499,0
557500,1
557501,0
557502,0
557503,1
557504,0
557505,1
557506,0
557507,1
557508,1
557509,1
557510,0
557511,1
557512,1
557513,0
557514,1
557515,0
557516,1
557517,0
557518,1
557519,1
557520,0
557521,0
557522,0
557523,0
557524,0
557525,0
557526,1
557527,1
557528,0
557529,0
557530,0
557531,1
557532,1
557533,1
557534,0
557535,1
557536,1
557537,0
557538,1
557539,0
557540,0
557541,1
557542,1
557543,1
557544,0
557545,0
557546,0
557547,1
557548,0
557549,0
557550,0
557551,0
557552,0
557553,0
557554,1
557555,0
557556,0
557557,0
557558,0
557559,0
557560,0
557561,0
557562,1
557563,0
557564,0
557565,0
557566,0
557567,0
557568,0
557569,0
557570,1
557571,1
557572,0
557573,1
557574,1
557575,1
557576,0
557577,0
557578,1
557579,1
557580,1
557581,0
557582,0
557583,1
557584,1
557585,0
557586,1
557587,0
557588,0
557589,0
557590,1
557591,0
557592,1
557593,0
557594,0
557595,0
557596,0
557597,1
557598,1
557599,0
557600,0
557601,0
557602,0
557603,1
557604,0
557605,1
557606,0
557607,1
557608,1
557609,1
557610,0
557611,0
557612,0
557613,1
557614,0
557615,1
557616,0
557617,0
557618,1
557619,1
557620,0
557621,0
557622,1
557623,0
557624,1
557625,0
557626,0
557627,0
557628,1
557629,1
557630,1
557631,1
557632,1
557633,1
557634,0
557635,0
557636,0
557637,1
557638,0
557639,0
557640,0
557641,1
557642,0
557643,0
557644,0
557645,0
557646,0
557647,0
557648,0
557649,0
557650,0
557651,0
557652,0
557653,1
557654,0
557655,1
557656,0
557657,0
557658,0
557659,1
557660,1
557661,0
557662,1
557663,0
557664,0
557665,1
557666,0
557667,1
557668,0
557669,0
557670,1
557671,0
557672,1
557673,0
557674,1
557675,0
557676,0
557677,1
557678,0
557679,0
557680,1
557681,0
557682,0
557683,0
557684,0
557685,0
557686,0
557687,1
557688,0
557689,1
557690,1
557691,0
557692,0
557693,0
557694,0
557695,0
557696,1
557697,0
557698,1
557699,0
557700,1
557701,0
557702,1
557703,1
557704,0
557705,1
557706,0
557707,0
557708,1
557709,0
557710,0
557711,0
557712,0
557713,0
557714,0
557715,0
557716,0
557717,1
557718,1
557719,1
557720,0
557721,0
557722,0
557723,1
557724,0
557725,0
557726,0
557727,1
557728,1
557729,0
557730,1
557731,0
557732,1
557733,0
557734,0
557735,1
557736,0
557737,1
557738,0
557739,0
557740,0
557741,1
557742,1
557743,0
557744,0
557745,0
557746,0
557747,0
557748,0
557749,0
557750,1
557751,0
557752,0
557753,0
557754,1
557755,0
557756,0
557757,0
557758,1
557759,0
557760,0
557761,0
557762,0
557763,0
557764,0
557765,0
557766,0
557767,0
557768,0
557769,1
557770,0
557771,1
557772,0
557773,0
557774,1
557775,1
557776,0
557777,0
557778,0
557779,0
557780,0
557781,0
557782,0
557783,0
557784,0
557785,0
557786,1
557787,1
557788,0
557789,0
557790,0
557791,0
557792,1
557793,0
557794,1
557795,1
557796,1
557797,1
557798,1
557799,0
557800,0
557801,0
557802,0
557803,0
557804,0
557805,1
557806,0
557807,1
557808,0
557809,0
557810,0
557811,0
557812,1
557813,1
557814,1
557815,0
557816,0
557817,0
557818,1
557819,1
557820,0
557821,0
557822,0
557823,0
557824,1
557825,0
557826,0
557827,0
557828,0
557829,1
557830,1
557831,1
557832,1
557833,1
557834,0
557835,0
557836,1
557837,0
557838,1
557839,0
557840,1
557841,1
557842,0
557843,0
557844,0
557845,0
557846,0
557847,0
557848,1
557849,1
557850,1
557851,1
557852,1
557853,1
557854,1
557855,1
557856,1
557857,1
557858,1
557859,1
557860,1
557861,0
557862,1
557863,1
557864,1
557865,1
557866,1
557867,0
557868,1
557869,1
557870,1
557871,1
557872,1
557873,1
557874,1
557875,1
557876,1
557877,0
557878,0
557879,0
557880,1
557881,1
557882,1
557883,1
557884,1
557885,1
557886,1
557887,1
557888,0
557889,1
557890,1
557891,1
557892,0
557893,1
557894,1
557895,1
557896,1
557897,1
557898,0
557899,1
557900,1
557901,1
557902,1
557903,1
557904,0
557905,1
557906,1
557907,1
557908,1
557909,1
557910,1
557911,1
557912,0
557913,1
557914,0
557915,1
557916,1
557917,0
557918,1
557919,1
557920,1
557921,0
557922,1
557923,1
557924,0
557925,0
557926,0
557927,1
557928,1
557929,1
557930,1
557931,1
557932,1
557933,1
557934,1
557935,0
557936,1
557937,0
557938,1
557939,1
557940,1
557941,1
557942,1
557943,1
557944,1
557945,1
557946,1
557947,0
557948,1
557949,0
557950,1
557951,1
557952,1
557953,1
557954,1
557955,1
557956,1
557957,0
557958,0
557959,1
557960,1
557961,0
557962,1
557963,1
557964,1
557965,1
557966,1
557967,0
557968,0
557969,1
557970,1
557971,1
557972,0
557973,0
557974,1
557975,1
557976,1
557977,0
557978,1
557979,0
557980,1
557981,1
557982,1
557983,0
557984,1
557985,1
557986,1
557987,1
557988,0
557989,1
557990,1
557991,0
557992,1
557993,1
557994,0
557995,1
557996,0
557997,1
557998,0
557999,1
558000,0
558001,1
558002,0
558003,0
558004,1
558005,1
558006,1
558007,1
558008,1
558009,1
558010,1
558011,0
558012,0
558013,1
558014,0
558015,1
558016,1
558017,0
558018,1
558019,1
558020,1
558021,0
558022,0
558023,0
558024,0
558025,0
558026,1
558027,1
558028,1
558029,1
558030,1
558031,1
558032,1
558033,1
558034,1
558035,1
558036,1
558037,1
558038,0
558039,0
558040,1
558041,0
558042,0
558043,1
558044,0
558045,0
558046,1
558047,1
558048,1
558049,1
558050,1
558051,1
558052,1
558053,1
558054,1
558055,1
558056,1
558057,0
558058,0
558059,0
558060,1
558061,1
558062,1
558063,1
558064,1
558065,1
558066,0
558067,0
558068,1
558069,1
558070,1
558071,0
558072,1
558073,1
558074,1
558075,0
558076,1
558077,1
558078,1
558079,0
558080,1
558081,0
558082,0
558083,0
558084,1
558085,0
558086,1
558087,1
558088,0
558089,1
558090,1
558091,1
558092,1
558093,1
558094,1
558095,0
558096,1
558097,1
558098,1
558099,1
558100,0
558101,0
558102,1
558103,0
558104,0
558105,0
558106,1
558107,1
558108,1
558109,1
558110,1
558111,1
558112,0
558113,0
558114,1
558115,1
558116,1
558117,1
558118,1
558119,0
558120,1
558121,1
558122,0
558123,0
558124,1
558125,0
558126,1
558127,1
558128,1
558129,1
558130,1
558131,1
558132,1
558133,0
558134,1
558135,1
558136,1
558137,1
558138,1
558139,1
558140,1
558141,1
558142,1
558143,1
558144,1
558145,0
558146,1
558147,1
558148,1
558149,1
558150,1
558151,1
558152,1
558153,0
558154,1
558155,1
558156,1
558157,0
558158,1
558159,1
558160,1
558161,1
558162,0
558163,1
558164,1
558165,1
558166,1
558167,0
558168,0
558169,1
558170,0
558171,1
558172,1
558173,0
558174,1
558175,1
558176,0
558177,1
558178,1
558179,1
558180,1
558181,1
558182,0
558183,1
558184,1
558185,1
558186,1
558187,1
558188,1
558189,1
558190,1
558191,1
558192,1
558193,1
558194,0
558195,0
558196,1
558197,1
558198,0
558199,1
558200,1
558201,1
558202,1
558203,1
558204,0
558205,1
558206,0
558207,1
558208,0
558209,1
558210,1
558211,1
558212,1
558213,1
558214,0
558215,1
558216,1
558217,1
558218,0
558219,1
558220,1
558221,1
558222,1
558223,1
558224,1
558225,0
558226,1
558227,1
558228,1
558229,0
558230,1
558231,0
558232,1
558233,1
558234,1
558235,1
558236,1
558237,0
558238,0
558239,1
558240,1
558241,0
558242,1
558243,1
558244,1
558245,1
558246,1
558247,1
558248,0
558249,1
558250,1
558251,0
558252,1
558253,1
558254,0
558255,1
558256,1
558257,0
558258,1
558259,1
558260,1
558261,1
558262,1
558263,0
558264,1
558265,0
558266,1
558267,1
558268,1
558269,1
558270,0
558271,1
558272,1
558273,1
558274,0
558275,1
558276,0
558277,1
558278,0
558279,1
558280,1
558281,1
558282,1
558283,1
558284,0
558285,1
558286,1
558287,0
558288,1
558289,1
558290,1
558291,1
558292,1
558293,1
558294,1
558295,0
558296,1
558297,1
558298,0
558299,1
558300,0
558301,1
558302,1
558303,0
558304,1
558305,1
558306,0
558307,1
558308,1
558309,1
558310,1
558311,1
558312,1
558313,1
558314,1
558315,1
558316,0
558317,1
558318,1
558319,1
558320,0
558321,1
558322,1
558323,1
558324,1
558325,0
558326,1
558327,1
558328,1
558329,1
558330,1
558331,1
558332,0
558333,0
558334,1
558335,1
558336,1
558337,1
558338,0
558339,1
558340,1
558341,0
558342,0
558343,1
558344,1
558345,0
558346,0
558347,0
558348,1
558349,1
558350,1
558351,1
558352,1
558353,0
558354,1
558355,1
558356,0
558357,0
558358,0
558359,1
558360,1
558361,1
558362,1
558363,0
558364,1
558365,1
558366,1
558367,0
558368,1
558369,1
558370,1
558371,1
558372,1
558373,1
558374,1
558375,1
558376,1
558377,0
558378,1
558379,1
558380,1
558381,1
558382,1
558383,1
558384,1
558385,1
558386,0
558387,1
558388,1
558389,1
558390,0
558391,0
558392,1
558393,0
558394,1
558395,0
558396,1
558397,1
558398,1
558399,1
558400,0
558401,0
558402,1
558403,1
558404,0
558405,1
558406,0
558407,1
558408,1
558409,0
558410,0
558411,0
558412,0
558413,1
558414,1
558415,0
558416,0
558417,0
558418,0
558419,1
558420,1
558421,0
558422,1
558423,0
558424,1
558425,0
558426,1
558427,0
558428,0
558429,0
558430,1
558431,1
558432,1
558433,0
558434,1
558435,0
558436,0
558437,1
558438,0
558439,0
558440,0
558441,1
558442,1
558443,0
558444,0
558445,1
558446,0
558447,1
558448,1
558449,1
558450,1
558451,0
558452,0
558453,0
558454,1
558455,0
558456,0
558457,1
558458,0
558459,1
558460,1
558461,1
558462,1
558463,1
558464,1
558465,1
558466,0
558467,0
558468,0
558469,0
558470,1
558471,0
558472,0
558473,0
558474,1
558475,0
558476,1
558477,0
558478,1
558479,0
558480,0
558481,1
558482,1
558483,1
558484,0
558485,1
558486,0
558487,1
558488,1
558489,1
558490,1
558491,1
558492,1
558493,1
558494,1
558495,1
558496,0
558497,0
558498,1
558499,1
558500,1
558501,0
558502,1
558503,1
558504,0
558505,1
558506,0
558507,1
558508,0
558509,1
558510,0
558511,0
558512,0
558513,1
558514,1
558515,0
558516,1
558517,1
558518,1
558519,0
558520,1
558521,0
558522,0
558523,0
558524,0
558525,0
558526,1
558527,0
558528,0
558529,1
558530,0
558531,1
558532,1
558533,0
558534,1
558535,1
558536,1
558537,1
558538,0
558539,0
558540,0
558541,1
558542,0
558543,0
558544,0
558545,0
558546,1
558547,0
558548,0
558549,0
558550,1
558551,1
558552,0
558553,0
558554,0
558555,0
558556,0
558557,1
558558,0
558559,0
558560,0
558561,0
558562,0
558563,1
558564,1
558565,1
558566,0
558567,0
558568,1
558569,0
558570,1
558571,1
558572,0
558573,0
558574,1
558575,1
558576,0
558577,1
558578,0
558579,0
558580,0
558581,1
558582,1
558583,0
558584,1
558585,0
558586,0
558587,1
558588,0
558589,1
558590,1
558591,1
558592,0
558593,1
558594,0
558595,1
558596,0
558597,0
558598,0
558599,1
558600,0
558601,0
558602,0
558603,1
558604,1
558605,1
558606,0
558607,1
558608,0
558609,0
558610,0
558611,0
558612,0
558613,0
558614,0
558615,0
558616,1
558617,0
558618,0
558619,1
558620,1
558621,1
558622,1
558623,0
558624,1
558625,1
558626,0
558627,0
558628,1
558629,1
558630,1
558631,1
558632,1
558633,0
558634,0
558635,0
558636,0
558637,0
558638,0
558639,1
558640,1
558641,0
558642,0
558643,0
558644,1
558645,1
558646,0
558647,0
558648,0
558649,1
558650,1
558651,1
558652,0
558653,0
558654,0
558655,1
558656,0
558657,1
558658,0
558659,0
558660,1
558661,1
558662,0
558663,1
558664,1
558665,0
558666,0
558667,0
558668,0
558669,0
558670,1
558671,1
558672,1
558673,1
558674,1
558675,0
558676,0
558677,0
558678,0
558679,0
558680,1
558681,1
558682,0
558683,0
558684,0
558685,0
558686,0
558687,0
558688,1
558689,1
558690,0
558691,0
558692,0
558693,0
558694,1
558695,0
558696,1
558697,0
558698,0
558699,0
558700,0
558701,1
558702,0
558703,0
558704,1
558705,0
558706,0
558707,1
558708,0
558709,0
558710,0
558711,1
558712,0
558713,0
558714,0
558715,1
558716,1
558717,1
558718,1
558719,1
558720,0
558721,0
558722,0
558723,1
558724,1
558725,0
558726,0
558727,1
558728,1
558729,0
558730,0
558731,0
558732,0
558733,1
558734,0
558735,0
558736,0
558737,1
558738,1
558739,0
558740,1
558741,1
558742,1
558743,0
558744,0
558745,0
558746,1
558747,0
558748,0
558749,0
558750,1
558751,0
558752,0
558753,0
558754,1
558755,0
558756,0
558757,0
558758,0
558759,1
558760,1
558761,0
558762,0
558763,0
558764,0
558765,0
558766,0
558767,1
558768,0
558769,1
558770,0
558771,1
558772,0
558773,0
558774,1
558775,1
558776,1
558777,0
558778,0
558779,1
558780,1
558781,0
558782,0
558783,1
558784,1
558785,1
558786,1
558787,0
558788,0
558789,1
558790,0
558791,0
558792,0
558793,1
558794,0
558795,0
558796,0
558797,0
558798,0
558799,0
558800,0
558801,0
558802,0
558803,0
558804,0
558805,1
558806,0
558807,0
558808,0
558809,1
558810,1
558811,1
558812,1
558813,0
558814,0
558815,1
558816,0
558817,1
558818,0
558819,0
558820,0
558821,1
558822,1
558823,0
558824,0
558825,0
558826,1
558827,0
558828,0
558829,1
558830,1
558831,1
558832,0
558833,1
558834,1
558835,0
558836,0
558837,1
558838,0
558839,0
558840,1
558841,1
558842,0
558843,1
558844,0
558845,0
558846,1
558847,0
558848,0
558849,0
558850,1
558851,1
558852,1
558853,0
558854,0
558855,0
558856,0
558857,0
558858,1
558859,0
558860,1
558861,0
558862,0
558863,0
558864,0
558865,0
558866,1
558867,0
558868,1
558869,0
558870,0
558871,1
558872,0
558873,0
558874,0
558875,0
558876,0
558877,0
558878,0
558879,1
558880,1
558881,0
558882,0
558883,0
558884,0
558885,0
558886,0
558887,1
558888,0
558889,0
558890,0
558891,0
558892,0
558893,1
558894,1
558895,0
558896,1
558897,1
558898,0
558899,0
558900,0
558901,0
558902,1
558903,0
558904,1
558905,0
558906,0
558907,0
558908,0
558909,0
558910,0
558911,0
558912,1
558913,0
558914,1
558915,1
558916,0
558917,0
558918,0
558919,0
558920,1
558921,0
558922,0
558923,0
558924,0
558925,0
558926,1
558927,1
558928,1
558929,0
558930,0
558931,0
558932,0
558933,1
558934,0
558935,0
558936,0
558937,0
558938,0
558939,1
558940,0
558941,0
558942,0
